Workbook

Sheet 대시보드_종합요약
B2: 2026 aT 농산물 온라인 마케터 & 유기농 기획전 실적 종합 대시보드
B3: ※ 로우데이터('①농산물raw', '②유기농raw') 업데이트 시 본 대시보드 및 분석/업체 시트가 실시간으로 100% 자동 갱신됩니다.
B5: 총 누적 매출액 (농산물 + 유기농) | E5: 총 쿠폰 사용액 (누적 집행액) | H5: 통합 쿠폰 소진율 & 잔여 예산 | K5: 총 누적 판매 건수
B6: =분석!D69+분석!D138 | E6: =분석!D61+분석!D130 | H6: =(분석!D61+분석!D130)/C14 | K6: =분석!D75+분석!D144
B7: 8월 순수: 4,097,676,747원 (+114.4% 증가) | E7: 8월 순수: 127,098,302원 (전체 배정 8.0억) | H7: 잔여 예산: 489,289,112원 (소진율 38.8%) | K7: 8월 순수: 401,915건 (+113.5% 증가)
B10: 1. 기획전별 실적 종합 비교 분석표 (농산물 마케터 vs 유기농)
B11: 기획전 구분 | C11: 배정 예산 | D11: 7월 쿠폰사용액 | E11: 8월 순수 쿠폰 | F11: 누적 쿠폰사용액 | G11: 쿠폰 소진율 | H11: 7월 매출액 | I11: 8월 순수 매출액 | J11: 누적 총 매출액 | K11: 누적 판매건수 | L11: 참여 업체수 | M11: 참여 상품수
B12: 🌾 농산물 온라인 마케터 | C12: 700000000 | D12: =분석!D62 | E12: =분석!D63 | F12: =분석!D61 | G12: =F12/C12 | H12: =분석!D70 | I12: =분석!D71 | J12: =분석!D69 | K12: =분석!D75 | L12: =분석!D54 | M12: =분석!D55
B13: 🌿 유기농 기획전 | C13: 100000000 | D13: =분석!D131 | E13: =분석!D132 | F13: =분석!D130 | G13: =F13/C13 | H13: =분석!D139 | I13: =분석!D140 | J13: =분석!D138 | K13: =분석!D144 | L13: =분석!D123 | M13: =분석!D124
B14: 전체 기획전 합계 | C14: =C12+C13 | D14: =D12+D13 | E14: =E12+E13 | F14: =F12+F13 | G14: =F14/C14 | H14: =H12+H13 | I14: =I12+I13 | J14: =J12+J13 | K14: =K12+K13 | L14: =L12+L13 | M14: =M12+M13
B17: 2. 유통사별 실적 종합 현황 (농산물 온라인 마케터 기준)
B18: 유통사명 | C18: 배정 예산 | D18: 누적 쿠폰사용액 | E18: 쿠폰 소진율 | F18: 잔여 예산액 | G18: 7월 매출액 | H18: 8월 순수 매출액 | I18: 누적 총 매출액 | J18: 매출 비중(%) | K18: 누적 판매건수 | L18: 실시간 정합성
B19: 네이버 | C19: 250000000 | D19: =분석!E61 | E19: =D19/C19 | F19: =C19-D19 | G19: =분석!E70 | H19: =분석!E71 | I19: =분석!E69 | J19: =I19/I25 | K19: =분석!E75 | L19: 정상 연동
B20: 지마켓 | C20: 175000000 | D20: =분석!F61 | E20: =D20/C20 | F20: =C20-D20 | G20: =분석!F70 | H20: =분석!F71 | I20: =분석!F69 | J20: =I20/I25 | K20: =분석!F75 | L20: 정상 연동
B21: 롯데ON | C21: 115000000 | D21: =분석!G61 | E21: =D21/C21 | F21: =C21-D21 | G21: =분석!G70 | H21: =분석!G71 | I21: =분석!G69 | J21: =I21/I25 | K21: =분석!G75 | L21: 정상 연동
B22: 온누리마켓 | C22: 60000000 | D22: =분석!H61 | E22: =D22/C22 | F22: =C22-D22 | G22: =분석!H70 | H22: =분석!H71 | I22: =분석!H69 | J22: =I22/I25 | K22: =분석!H75 | L22: 정상 연동
B23: 농가살리기 | C23: 40000000 | D23: =분석!I61 | E23: =D23/C23 | F23: =C23-D23 | G23: =분석!I70 | H23: =분석!I71 | I23: =분석!I69 | J23: =I23/I25 | K23: =분석!I75 | L23: 정상 연동
B24: 오아시스 | C24: 60000000 | D24: =분석!J61 | E24: =D24/C24 | F24: =C24-D24 | G24: =분석!J70 | H24: =분석!J71 | I24: =분석!J69 | J24: =I24/I25 | K24: =분석!J75 | L24: 정상 연동
B25: 합 계 | C25: =SUM(C19:C24) | D25: =SUM(D19:D24) | E25: =D25/C25 | F25: =SUM(F19:F24) | G25: =SUM(G19:G24) | H25: =SUM(H19:H24) | I25: =SUM(I19:I24) | J25: 100.0% | K25: =SUM(K19:K24) | L25: 오차 0원 / 일치
B28: 3. 품목분류별 매출 및 쿠폰 사용 현황 (8월 순수 실적)
B29: 품목 분류 | C29: 8월 순수 매출액 | D29: 매출 비중(%) | E29: 8월 순수 쿠폰액 | F29: 쿠폰 비중(%) | G29: 8월 순수 판매건수 | H29: 건수 비중(%) | I29: 비고
B30: 농산물 | C30: =분석!D97 | D30: =C30/C33 | E30: =분석!D84 | F30: =E30/E33 | G30: =분석!D110 | H30: =G30/G33 | I30: 분석 시트 표 5~7 자동 연동
B31: 축산물 | C31: =분석!D100 | D31: =C31/C33 | E31: =분석!D87 | F31: =E31/E33 | G31: =분석!D113 | H31: =G31/G33 | I31: 분석 시트 표 5~7 자동 연동
B32: 가공식품 | C32: =분석!D103 | D32: =C32/C33 | E32: =분석!D90 | F32: =E32/E33 | G32: =분석!D116 | H32: =G32/G33 | I32: 분석 시트 표 5~7 자동 연동
B33: 품목 합계 | C33: =SUM(C30:C32) | D33: 100.0% | E33: =SUM(E30:E32) | F33: 100.0% | G33: =SUM(G30:G32) | H33: 100.0% | I33: 전체 실적과 100% 일치
B36: 4. 이상치 검토 및 세부 시트 안내
B37: 📌 시트 바로가기 안내: | C37: • [분석] 시트: 공식 SUMIFS 수식이 걸린 원본 표 1~7 확인
C38: • [※ 이상치 및 규정검토] 시트: 농가 품목변경 38건, 누적 역전 4건, 800만원 한도 상위 10개 업체 전수 리포트 확인
C39: • [※ 피벗_교차검증] 시트: 로우데이터 수동 피벗테이블 집계치와 분석 시트 수치 간 1원 단위 대조표 확인
C40: • [농산물업체] / [유기농업체] 시트: 업체별 누적 매출, 판촉액, 판매건수, 쿠폰 소진율(800만원 대비) 실시간 자동 집계 확인

Sheet 분석
B1: ※ 전체 기획전 결과
B3: 1. 해당 월 참여 상품 수 및 업체수
B4: 구분 | C4: 총 계 | D4: 농부가바로팜 | K4: 친환경
D5: 소 계 | E5: 네이버 | F5: 지마켓 | G5: 롯데ON | H5: 온누리마켓 | I5: 농가살리기 | J5: 오아시스 | K5: 소 계 | L5: 네이버 | M5: 오아시스
B6: 업체수 | C6: =D6+K6 | D6: =SUM(E6:J6) | E6: 136 | F6: 53 | G6: 47 | H6: 24 | I6: 9 | J6: 16 | K6: =SUM(L6:M6) | L6: 26 | M6: 29
B7: 7월 | C7: =SUM(D7,K7) | D7: =SUM(E7:J7) | E7: 82 | F7: 36 | G7: 32 | H7: 17 | I7: 6 | J7: 13 | K7: =SUM(L7:M7) | L7: 16 | M7: 16
B8: 8월 | C8: =SUM(D8,K8) | D8: =SUM(E8:J8) | E8: 93 | F8: 41 | G8: 34 | H8: 19 | I8: 7 | J8: 13 | K8: =SUM(L8:M8) | L8: 18 | M8: 17
B9: 상품수(7월) | C9: =D9+K9 | D9: =SUM(E9:J9) | E9: 388 | F9: 258 | G9: 313 | H9: 55 | I9: 29 | J9: 87 | K9: =SUM(L9:M9) | L9: 85 | M9: 90
B10: 상품수(8월) | C10: =D10+K10 | D10: =SUM(E10:J10) | E10: =COUNTIF('①농산물raw'!$A$6:$A$2454,E$5) | F10: =COUNTIF('①농산물raw'!$A$6:$A$2454,F$5) | G10: =COUNTIF('①농산물raw'!$A$6:$A$2454,G$5) | H10: =COUNTIF('①농산물raw'!$A$6:$A$2454,H$5) | I10: =COUNTIF('①농산물raw'!$A$6:$A$2454,I$5) | J10: =COUNTIF('①농산물raw'!$A$6:$A$2454,J$5) | K10: =SUM(L10:M10) | L10: =COUNTIF('②유기농raw'!$A$6:$A$1000,L$5) | M10: =COUNTIF('②유기농raw'!$A$6:$A$1000,M$5)
B11: 2. 유통사 별 쿠폰 사용액
B12: 구분 | C12: 총 계 | D12: 농부가바로팜 | K12: 친환경
D13: 소 계 | E13: 네이버 | F13: 지마켓 | G13: 롯데ON | H13: 온누리마켓 | I13: 농가살리기 | J13: 오아시스 | K13: 소 계 | L13: 네이버 | M13: 오아시스
B14: 쿠폰 사용액 | C14: =D14+K14 | D14: =SUM(E14:J14) | E14: =SUMIF('①농산물raw'!$A$6:$A$2454,E$13,'①농산물raw'!$H$6:$H$2454) | F14: =SUMIF('①농산물raw'!$A$6:$A$2454,F$13,'①농산물raw'!$H$6:$H$2454) | G14: =SUMIF('①농산물raw'!$A$6:$A$2454,G$13,'①농산물raw'!$H$6:$H$2454) | H14: =SUMIF('①농산물raw'!$A$6:$A$2454,H$13,'①농산물raw'!$H$6:$H$2454) | I14: =SUMIF('①농산물raw'!$A$6:$A$2454,I$13,'①농산물raw'!$H$6:$H$2454) | J14: =SUMIF('①농산물raw'!$A$6:$A$2454,J$13,'①농산물raw'!$H$6:$H$2454) | K14: =SUM(L14:M14) | L14: =SUMIF('②유기농raw'!$A$6:$A$1000,L$13,'②유기농raw'!$H$6:$H$1000) | M14: =SUMIF('②유기농raw'!$A$6:$A$1000,M$13,'②유기농raw'!$H$6:$H$1000)
B16: 3. 유통사 별 매출 분석
B17: 구분 | C17: 총 계 | D17: 농부가바로팜 | K17: 친환경
D18: 소 계 | E18: 네이버 | F18: 지마켓 | G18: 롯데ON | H18: 온누리마켓 | I18: 농가살리기 | J18: 오아시스 | K18: 소 계 | L18: 네이버 | M18: 오아시스
B19: 매출액 | C19: =D19+K19 | D19: =SUM(E19:J19) | E19: =SUMIF('①농산물raw'!$A$6:$A$2454,E$18,'①농산물raw'!$G$6:$G$2454) | F19: =SUMIF('①농산물raw'!$A$6:$A$2454,F$18,'①농산물raw'!$G$6:$G$2454) | G19: =SUMIF('①농산물raw'!$A$6:$A$2454,G$18,'①농산물raw'!$G$6:$G$2454) | H19: =SUMIF('①농산물raw'!$A$6:$A$2454,H$18,'①농산물raw'!$G$6:$G$2454) | I19: =SUMIF('①농산물raw'!$A$6:$A$2454,I$18,'①농산물raw'!$G$6:$G$2454) | J19: =SUMIF('①농산물raw'!$A$6:$A$2454,J$18,'①농산물raw'!$G$6:$G$2454) | K19: =SUM(L19:M19) | L19: =SUMIF('②유기농raw'!$A$6:$A$1000,L$18,'②유기농raw'!$G$6:$G$1000) | M19: =SUMIF('②유기농raw'!$A$6:$A$1000,M$18,'②유기농raw'!$G$6:$G$1000)
B21: 4. 유통사 별 판매 건수
B22: 구분 | C22: 총 계 | D22: 농부가바로팜 | K22: 친환경
D23: 소 계 | E23: 네이버 | F23: 지마켓 | G23: 롯데ON | H23: 온누리마켓 | I23: 농가살리기 | J23: 오아시스 | K23: 소 계 | L23: 네이버 | M23: 오아시스
B24: 판매건수 | C24: =D24+K24 | D24: =SUM(E24:J24) | E24: =SUMIF('①농산물raw'!$A$6:$A$2454,E$23,'①농산물raw'!$F$6:$F$2454) | F24: =SUMIF('①농산물raw'!$A$6:$A$2454,F$23,'①농산물raw'!$F$6:$F$2454) | G24: =SUMIF('①농산물raw'!$A$6:$A$2454,G$23,'①농산물raw'!$F$6:$F$2454) | H24: =SUMIF('①농산물raw'!$A$6:$A$2454,H$23,'①농산물raw'!$F$6:$F$2454) | I24: =SUMIF('①농산물raw'!$A$6:$A$2454,I$23,'①농산물raw'!$F$6:$F$2454) | J24: =SUMIF('①농산물raw'!$A$6:$A$2454,J$23,'①농산물raw'!$F$6:$F$2454) | K24: =SUM(L24:M24) | L24: =SUMIF('②유기농raw'!$A$6:$A$1000,L$23,'②유기농raw'!$F$6:$F$1000) | M24: =SUMIF('②유기농raw'!$A$6:$A$1000,M$23,'②유기농raw'!$F$6:$F$1000)
B26: 5. 유통사별 품목별 쿠폰 사용액
B27: 구분 | C27: 총 계 | D27: 농부가바로팜 | K27: 친환경
D28: 소 계 | E28: 네이버 | F28: 지마켓 | G28: 롯데ON | H28: 온누리마켓 | I28: 농가살리기 | J28: 오아시스 | K28: 소 계 | L28: 네이버 | M28: 오아시스
B29: 총 계 | C29: =D29+K29 | D29: =SUM(E29:J29) | E29: =SUM(E30:E32) | F29: =SUM(F30:F32) | G29: =SUM(G30:G32) | H29: =SUM(H30:H32) | I29: =SUM(I30:I32) | J29: =SUM(J30:J32) | K29: =SUM(L29:M29) | L29: =SUM(L30:L32) | M29: =SUM(M30:M32)
B30: 농산물 | C30: =D30+K30 | D30: =SUM(E30:J30) | E30: =SUMIFS('①농산물raw'!$H$6:$H$2454,'①농산물raw'!$A$6:$A$2454,E$28,'①농산물raw'!$B$6:$B$2454,$B30) | F30: =SUMIFS('①농산물raw'!$H$6:$H$2454,'①농산물raw'!$A$6:$A$2454,F$28,'①농산물raw'!$B$6:$B$2454,$B30) | G30: =SUMIFS('①농산물raw'!$H$6:$H$2454,'①농산물raw'!$A$6:$A$2454,G$28,'①농산물raw'!$B$6:$B$2454,$B30) | H30: =SUMIFS('①농산물raw'!$H$6:$H$2454,'①농산물raw'!$A$6:$A$2454,H$28,'①농산물raw'!$B$6:$B$2454,$B30) | I30: =SUMIFS('①농산물raw'!$H$6:$H$2454,'①농산물raw'!$A$6:$A$2454,I$28,'①농산물raw'!$B$6:$B$2454,$B30) | J30: =SUMIFS('①농산물raw'!$H$6:$H$2454,'①농산물raw'!$A$6:$A$2454,J$28,'①농산물raw'!$B$6:$B$2454,$B30) | K30: =SUM(L30:M30) | L30: =SUMIFS('②유기농raw'!$H$6:$H$1000,'②유기농raw'!$A$6:$A$1000,L$28,'②유기농raw'!$B$6:$B$1000,$B30) | M30: =SUMIFS('②유기농raw'!$H$6:$H$1000,'②유기농raw'!$A$6:$A$1000,M$28,'②유기농raw'!$B$6:$B$1000,$B30)
B31: 축산물 | C31: =D31+K31 | D31: =SUM(E31:J31) | E31: =SUMIFS('①농산물raw'!$H$6:$H$2454,'①농산물raw'!$A$6:$A$2454,E$28,'①농산물raw'!$B$6:$B$2454,$B31) | F31: =SUMIFS('①농산물raw'!$H$6:$H$2454,'①농산물raw'!$A$6:$A$2454,F$28,'①농산물raw'!$B$6:$B$2454,$B31) | G31: =SUMIFS('①농산물raw'!$H$6:$H$2454,'①농산물raw'!$A$6:$A$2454,G$28,'①농산물raw'!$B$6:$B$2454,$B31) | H31: =SUMIFS('①농산물raw'!$H$6:$H$2454,'①농산물raw'!$A$6:$A$2454,H$28,'①농산물raw'!$B$6:$B$2454,$B31) | I31: =SUMIFS('①농산물raw'!$H$6:$H$2454,'①농산물raw'!$A$6:$A$2454,I$28,'①농산물raw'!$B$6:$B$2454,$B31) | J31: =SUMIFS('①농산물raw'!$H$6:$H$2454,'①농산물raw'!$A$6:$A$2454,J$28,'①농산물raw'!$B$6:$B$2454,$B31) | K31: =SUM(L31:M31) | L31: =SUMIFS('②유기농raw'!$H$6:$H$1000,'②유기농raw'!$A$6:$A$1000,L$28,'②유기농raw'!$B$6:$B$1000,$B31) | M31: =SUMIFS('②유기농raw'!$H$6:$H$1000,'②유기농raw'!$A$6:$A$1000,M$28,'②유기농raw'!$B$6:$B$1000,$B31)
B32: 가공식품 | C32: =D32+K32 | D32: =SUM(E32:J32) | E32: =SUMIFS('①농산물raw'!$H$6:$H$2454,'①농산물raw'!$A$6:$A$2454,E$28,'①농산물raw'!$B$6:$B$2454,$B32) | F32: =SUMIFS('①농산물raw'!$H$6:$H$2454,'①농산물raw'!$A$6:$A$2454,F$28,'①농산물raw'!$B$6:$B$2454,$B32) | G32: =SUMIFS('①농산물raw'!$H$6:$H$2454,'①농산물raw'!$A$6:$A$2454,G$28,'①농산물raw'!$B$6:$B$2454,$B32) | H32: =SUMIFS('①농산물raw'!$H$6:$H$2454,'①농산물raw'!$A$6:$A$2454,H$28,'①농산물raw'!$B$6:$B$2454,$B32) | I32: =SUMIFS('①농산물raw'!$H$6:$H$2454,'①농산물raw'!$A$6:$A$2454,I$28,'①농산물raw'!$B$6:$B$2454,$B32) | J32: =SUMIFS('①농산물raw'!$H$6:$H$2454,'①농산물raw'!$A$6:$A$2454,J$28,'①농산물raw'!$B$6:$B$2454,$B32) | K32: =SUM(L32:M32) | L32: =SUMIFS('②유기농raw'!$H$6:$H$1000,'②유기농raw'!$A$6:$A$1000,L$28,'②유기농raw'!$B$6:$B$1000,$B32) | M32: =SUMIFS('②유기농raw'!$H$6:$H$1000,'②유기농raw'!$A$6:$A$1000,M$28,'②유기농raw'!$B$6:$B$1000,$B32)
B34: 6. 유통사별 품목별 매출 분석
B35: 구분 | C35: 총 계 | D35: 농부가바로팜 | K35: 친환경
D36: 소 계 | E36: 네이버 | F36: 지마켓 | G36: 롯데ON | H36: 온누리마켓 | I36: 농가살리기 | J36: 오아시스 | K36: 소 계 | L36: 네이버 | M36: 오아시스
B37: 총 계 | C37: =D37+K37 | D37: =SUM(E37:J37) | E37: =SUM(E38:E40) | F37: =SUM(F38:F40) | G37: =SUM(G38:G40) | H37: =SUM(H38:H40) | I37: =SUM(I38:I40) | J37: =SUM(J38:J40) | K37: =SUM(L37:M37) | L37: =SUM(L38:L40) | M37: =SUM(M38:M40)
B38: 농산물 | C38: =D38+K38 | D38: =SUM(E38:J38) | E38: =SUMIFS('①농산물raw'!$G$6:$G$2454,'①농산물raw'!$A$6:$A$2454,E$36,'①농산물raw'!$B$6:$B$2454,$B38) | F38: =SUMIFS('①농산물raw'!$G$6:$G$2454,'①농산물raw'!$A$6:$A$2454,F$36,'①농산물raw'!$B$6:$B$2454,$B38) | G38: =SUMIFS('①농산물raw'!$G$6:$G$2454,'①농산물raw'!$A$6:$A$2454,G$36,'①농산물raw'!$B$6:$B$2454,$B38) | H38: =SUMIFS('①농산물raw'!$G$6:$G$2454,'①농산물raw'!$A$6:$A$2454,H$36,'①농산물raw'!$B$6:$B$2454,$B38) | I38: =SUMIFS('①농산물raw'!$G$6:$G$2454,'①농산물raw'!$A$6:$A$2454,I$36,'①농산물raw'!$B$6:$B$2454,$B38) | J38: =SUMIFS('①농산물raw'!$G$6:$G$2454,'①농산물raw'!$A$6:$A$2454,J$36,'①농산물raw'!$B$6:$B$2454,$B38) | K38: =SUM(L38:M38) | L38: =SUMIFS('②유기농raw'!$G$6:$G$1000,'②유기농raw'!$A$6:$A$1000,L$36,'②유기농raw'!$B$6:$B$1000,$B38) | M38: =SUMIFS('②유기농raw'!$G$6:$G$1000,'②유기농raw'!$A$6:$A$1000,M$36,'②유기농raw'!$B$6:$B$1000,$B38)
B39: 축산물 | C39: =D39+K39 | D39: =SUM(E39:J39) | E39: =SUMIFS('①농산물raw'!$G$6:$G$2454,'①농산물raw'!$A$6:$A$2454,E$36,'①농산물raw'!$B$6:$B$2454,$B39) | F39: =SUMIFS('①농산물raw'!$G$6:$G$2454,'①농산물raw'!$A$6:$A$2454,F$36,'①농산물raw'!$B$6:$B$2454,$B39) | G39: =SUMIFS('①농산물raw'!$G$6:$G$2454,'①농산물raw'!$A$6:$A$2454,G$36,'①농산물raw'!$B$6:$B$2454,$B39) | H39: =SUMIFS('①농산물raw'!$G$6:$G$2454,'①농산물raw'!$A$6:$A$2454,H$36,'①농산물raw'!$B$6:$B$2454,$B39) | I39: =SUMIFS('①농산물raw'!$G$6:$G$2454,'①농산물raw'!$A$6:$A$2454,I$36,'①농산물raw'!$B$6:$B$2454,$B39) | J39: =SUMIFS('①농산물raw'!$G$6:$G$2454,'①농산물raw'!$A$6:$A$2454,J$36,'①농산물raw'!$B$6:$B$2454,$B39) | K39: =SUM(L39:M39) | L39: =SUMIFS('②유기농raw'!$G$6:$G$1000,'②유기농raw'!$A$6:$A$1000,L$36,'②유기농raw'!$B$6:$B$1000,$B39) | M39: =SUMIFS('②유기농raw'!$G$6:$G$1000,'②유기농raw'!$A$6:$A$1000,M$36,'②유기농raw'!$B$6:$B$1000,$B39)
B40: 가공식품 | C40: =D40+K40 | D40: =SUM(E40:J40) | E40: =SUMIFS('①농산물raw'!$G$6:$G$2454,'①농산물raw'!$A$6:$A$2454,E$36,'①농산물raw'!$B$6:$B$2454,$B40) | F40: =SUMIFS('①농산물raw'!$G$6:$G$2454,'①농산물raw'!$A$6:$A$2454,F$36,'①농산물raw'!$B$6:$B$2454,$B40) | G40: =SUMIFS('①농산물raw'!$G$6:$G$2454,'①농산물raw'!$A$6:$A$2454,G$36,'①농산물raw'!$B$6:$B$2454,$B40) | H40: =SUMIFS('①농산물raw'!$G$6:$G$2454,'①농산물raw'!$A$6:$A$2454,H$36,'①농산물raw'!$B$6:$B$2454,$B40) | I40: =SUMIFS('①농산물raw'!$G$6:$G$2454,'①농산물raw'!$A$6:$A$2454,I$36,'①농산물raw'!$B$6:$B$2454,$B40) | J40: =SUMIFS('①농산물raw'!$G$6:$G$2454,'①농산물raw'!$A$6:$A$2454,J$36,'①농산물raw'!$B$6:$B$2454,$B40) | K40: =SUM(L40:M40) | L40: =SUMIFS('②유기농raw'!$G$6:$G$1000,'②유기농raw'!$A$6:$A$1000,L$36,'②유기농raw'!$B$6:$B$1000,$B40) | M40: =SUMIFS('②유기농raw'!$G$6:$G$1000,'②유기농raw'!$A$6:$A$1000,M$36,'②유기농raw'!$B$6:$B$1000,$B40)
B42: 7. 유통사별 품목별 판매 건수
B43: 구분 | C43: 총 계 | D43: 농부가바로팜 | K43: 친환경
D44: 소 계 | E44: 네이버 | F44: 지마켓 | G44: 롯데ON | H44: 온누리마켓 | I44: 농가살리기 | J44: 오아시스 | K44: 소 계 | L44: 네이버 | M44: 오아시스
B45: 총 계 | C45: =D45+K45 | D45: =SUM(E45:J45) | E45: =SUM(E46:E48) | F45: =SUM(F46:F48) | G45: =SUM(G46:G48) | H45: =SUM(H46:H48) | I45: =SUM(I46:I48) | J45: =SUM(J46:J48) | K45: =SUM(L45:M45) | L45: =SUM(L46:L48) | M45: =SUM(M46:M48)
B46: 농산물 | C46: =D46+K46 | D46: =SUM(E46:J46) | E46: =SUMIFS('①농산물raw'!$F$6:$F$2454,'①농산물raw'!$A$6:$A$2454,E$44,'①농산물raw'!$B$6:$B$2454,$B46) | F46: =SUMIFS('①농산물raw'!$F$6:$F$2454,'①농산물raw'!$A$6:$A$2454,F$44,'①농산물raw'!$B$6:$B$2454,$B46) | G46: =SUMIFS('①농산물raw'!$F$6:$F$2454,'①농산물raw'!$A$6:$A$2454,G$44,'①농산물raw'!$B$6:$B$2454,$B46) | H46: =SUMIFS('①농산물raw'!$F$6:$F$2454,'①농산물raw'!$A$6:$A$2454,H$44,'①농산물raw'!$B$6:$B$2454,$B46) | I46: =SUMIFS('①농산물raw'!$F$6:$F$2454,'①농산물raw'!$A$6:$A$2454,I$44,'①농산물raw'!$B$6:$B$2454,$B46) | J46: =SUMIFS('①농산물raw'!$F$6:$F$2454,'①농산물raw'!$A$6:$A$2454,J$44,'①농산물raw'!$B$6:$B$2454,$B46) | K46: =SUM(L46:M46) | L46: =SUMIFS('②유기농raw'!$F$6:$F$1000,'②유기농raw'!$A$6:$A$1000,L$44,'②유기농raw'!$B$6:$B$1000,$B46) | M46: =SUMIFS('②유기농raw'!$F$6:$F$1000,'②유기농raw'!$A$6:$A$1000,M$44,'②유기농raw'!$B$6:$B$1000,$B46)
B47: 축산물 | C47: =D47+K47 | D47: =SUM(E47:J47) | E47: =SUMIFS('①농산물raw'!$F$6:$F$2454,'①농산물raw'!$A$6:$A$2454,E$44,'①농산물raw'!$B$6:$B$2454,$B47) | F47: =SUMIFS('①농산물raw'!$F$6:$F$2454,'①농산물raw'!$A$6:$A$2454,F$44,'①농산물raw'!$B$6:$B$2454,$B47) | G47: =SUMIFS('①농산물raw'!$F$6:$F$2454,'①농산물raw'!$A$6:$A$2454,G$44,'①농산물raw'!$B$6:$B$2454,$B47) | H47: =SUMIFS('①농산물raw'!$F$6:$F$2454,'①농산물raw'!$A$6:$A$2454,H$44,'①농산물raw'!$B$6:$B$2454,$B47) | I47: =SUMIFS('①농산물raw'!$F$6:$F$2454,'①농산물raw'!$A$6:$A$2454,I$44,'①농산물raw'!$B$6:$B$2454,$B47) | J47: =SUMIFS('①농산물raw'!$F$6:$F$2454,'①농산물raw'!$A$6:$A$2454,J$44,'①농산물raw'!$B$6:$B$2454,$B47) | K47: =SUM(L47:M47) | L47: =SUMIFS('②유기농raw'!$F$6:$F$1000,'②유기농raw'!$A$6:$A$1000,L$44,'②유기농raw'!$B$6:$B$1000,$B47) | M47: =SUMIFS('②유기농raw'!$F$6:$F$1000,'②유기농raw'!$A$6:$A$1000,M$44,'②유기농raw'!$B$6:$B$1000,$B47)
B48: 가공식품 | C48: =D48+K48 | D48: =SUM(E48:J48) | E48: =SUMIFS('①농산물raw'!$F$6:$F$2454,'①농산물raw'!$A$6:$A$2454,E$44,'①농산물raw'!$B$6:$B$2454,$B48) | F48: =SUMIFS('①농산물raw'!$F$6:$F$2454,'①농산물raw'!$A$6:$A$2454,F$44,'①농산물raw'!$B$6:$B$2454,$B48) | G48: =SUMIFS('①농산물raw'!$F$6:$F$2454,'①농산물raw'!$A$6:$A$2454,G$44,'①농산물raw'!$B$6:$B$2454,$B48) | H48: =SUMIFS('①농산물raw'!$F$6:$F$2454,'①농산물raw'!$A$6:$A$2454,H$44,'①농산물raw'!$B$6:$B$2454,$B48) | I48: =SUMIFS('①농산물raw'!$F$6:$F$2454,'①농산물raw'!$A$6:$A$2454,I$44,'①농산물raw'!$B$6:$B$2454,$B48) | J48: =SUMIFS('①농산물raw'!$F$6:$F$2454,'①농산물raw'!$A$6:$A$2454,J$44,'①농산물raw'!$B$6:$B$2454,$B48) | K48: =SUM(L48:M48) | L48: =SUMIFS('②유기농raw'!$F$6:$F$1000,'②유기농raw'!$A$6:$A$1000,L$44,'②유기농raw'!$B$6:$B$1000,$B48) | M48: =SUMIFS('②유기농raw'!$F$6:$F$1000,'②유기농raw'!$A$6:$A$1000,M$44,'②유기농raw'!$B$6:$B$1000,$B48)
B51: ※ 농산물 온라인 마케터
B53: 1. 월별 참여 업체 및 상품 수
B54: 구분 | D54: 총 계 | E54: 네이버 | F54: 지마켓 | G54: 롯데ON | H54: 온누리마켓 | I54: 농가살리기 | J54: 오아시스
B55: 7월 | C55: 업체수 | D55: =SUMPRODUCT(--(농산물업체!$C$3:$C$287<>"")) | E55: =SUMPRODUCT(--(SUBSTITUTE(농산물업체!$E$3:$E$287,"롯데온","롯데ON")=E$54)) | F55: =SUMPRODUCT(--(SUBSTITUTE(농산물업체!$E$3:$E$287,"롯데온","롯데ON")=F$54)) | G55: =SUMPRODUCT(--(SUBSTITUTE(농산물업체!$E$3:$E$287,"롯데온","롯데ON")=G$54)) | H55: =SUMPRODUCT(--(SUBSTITUTE(농산물업체!$E$3:$E$287,"롯데온","롯데ON")=H$54)) | I55: =SUMPRODUCT(--(SUBSTITUTE(농산물업체!$E$3:$E$287,"롯데온","롯데ON")=I$54)) | J55: =SUMPRODUCT(--(SUBSTITUTE(농산물업체!$E$3:$E$287,"롯데온","롯데ON")=J$54))
C56: 상품수 | D56: =SUM(E56:J56) | E56: 388 | F56: 258 | G56: 313 | H56: 55 | I56: 29 | J56: 87
B57: 8월 | C57: 업체수 | D57: =SUM(E57:J57) | E57: =E55 | F57: =F55 | G57: =G55 | H57: =H55 | I57: =I55 | J57: =J55
C58: 상품수 | D58: =SUM(E58:J58) | E58: =COUNTIF('①농산물raw'!$A$6:$A$2454,E$54)-E56 | F58: =COUNTIF('①농산물raw'!$A$6:$A$2454,F$54)-F56 | G58: =COUNTIF('①농산물raw'!$A$6:$A$2454,G$54)-G56 | H58: =COUNTIF('①농산물raw'!$A$6:$A$2454,H$54)-H56 | I58: =COUNTIF('①농산물raw'!$A$6:$A$2454,I$54)-I56 | J58: =COUNTIF('①농산물raw'!$A$6:$A$2454,J$54)-J56
B60: 2. 유통사 별 쿠폰 사용액
B61: 구분 | D61: 총 계 | E61: 네이버 | F61: 지마켓 | G61: 롯데ON | H61: 온누리마켓 | I61: 농가살리기 | J61: 오아시스
B62: 총 계 | D62: =SUM(E62:J62) | E62: =E63+E64 | F62: =F63+F64 | G62: =G63+G64 | H62: =H63+H64 | I62: =I63+I64 | J62: =J63+J64
B63: 7월 | D63: =SUM(E63:J63) | E63: 50215680 | F63: 46392390 | G63: 40018660 | H63: 7101680 | I63: 11487420 | J63: 8362825
B64: 8월 | D64: =SUM(E64:J64) | E64: =SUMIF('①농산물raw'!$A$6:$A$2454,E$61,'①농산물raw'!$H$6:$H$2454)-E63 | F64: =SUMIF('①농산물raw'!$A$6:$A$2454,F$61,'①농산물raw'!$H$6:$H$2454)-F63 | G64: =SUMIF('①농산물raw'!$A$6:$A$2454,G$61,'①농산물raw'!$H$6:$H$2454)-G63 | H64: =SUMIF('①농산물raw'!$A$6:$A$2454,H$61,'①농산물raw'!$H$6:$H$2454)-H63 | I64: =SUMIF('①농산물raw'!$A$6:$A$2454,I$61,'①농산물raw'!$H$6:$H$2454)-I63 | J64: =SUMIF('①농산물raw'!$A$6:$A$2454,J$61,'①농산물raw'!$H$6:$H$2454)-J63
B65: 쿠폰 배정액 | D65: =SUM(E65:J65) | E65: 250000000 | F65: 175000000 | G65: 115000000 | H65: 60000000 | I65: 40000000 | J65: 60000000
B66: 잔여금액 | D66: =SUM(E66:J66) | E66: =E65-E62 | F66: =F65-F62 | G66: =G65-G62 | H66: =H65-H62 | I66: =I65-I62 | J66: =J65-J62
B68: 3. 유통사 별 매출 분석
B69: 구분 | D69: 총 계 | E69: 네이버 | F69: 지마켓 | G69: 롯데ON | H69: 온누리마켓 | I69: 농가살리기 | J69: 오아시스
B70: 총 계 | D70: =SUM(E70:J70) | E70: =E71+E72 | F70: =F71+F72 | G70: =G71+G72 | H70: =H71+H72 | I70: =I71+I72 | J70: =J71+J72
B71: 7월 | D71: =SUM(E71:J71) | E71: 1148483700 | F71: 770420430 | G71: 261077210 | H71: 46371200 | I71: 223305203 | J71: 486556690
B72: 8월 | D72: =SUM(E72:J72) | E72: =SUMIF('①농산물raw'!$A$6:$A$2454,E$69,'①농산물raw'!$G$6:$G$2454)-E71 | F72: =SUMIF('①농산물raw'!$A$6:$A$2454,F$69,'①농산물raw'!$G$6:$G$2454)-F71 | G72: =SUMIF('①농산물raw'!$A$6:$A$2454,G$69,'①농산물raw'!$G$6:$G$2454)-G71 | H72: =SUMIF('①농산물raw'!$A$6:$A$2454,H$69,'①농산물raw'!$G$6:$G$2454)-H71 | I72: =SUMIF('①농산물raw'!$A$6:$A$2454,I$69,'①농산물raw'!$G$6:$G$2454)-I71 | J72: =SUMIF('①농산물raw'!$A$6:$A$2454,J$69,'①농산물raw'!$G$6:$G$2454)-J71
B74: 4. 유통사 별 판매 건수
B75: 구분 | D75: 총 계 | E75: 네이버 | F75: 지마켓 | G75: 롯데ON | H75: 온누리마켓 | I75: 농가살리기 | J75: 오아시스
B76: 총 계 | D76: =SUM(E76:J76) | E76: =E77+E78 | F76: =F77+F78 | G76: =G77+G78 | H76: =H77+H78 | I76: =I77+I78 | J76: =J77+J78
B77: 7월 | D77: =SUM(E77:J77) | E77: 39593 | F77: 38640 | G77: 11018 | H77: 1296 | I77: 14679 | J77: 121333
B78: 8월 | D78: =SUM(E78:J78) | E78: =SUMIF('①농산물raw'!$A$6:$A$2454,E$75,'①농산물raw'!$F$6:$F$2454)-E77 | F78: =SUMIF('①농산물raw'!$A$6:$A$2454,F$75,'①농산물raw'!$F$6:$F$2454)-F77 | G78: =SUMIF('①농산물raw'!$A$6:$A$2454,G$75,'①농산물raw'!$F$6:$F$2454)-G77 | H78: =SUMIF('①농산물raw'!$A$6:$A$2454,H$75,'①농산물raw'!$F$6:$F$2454)-H77 | I78: =SUMIF('①농산물raw'!$A$6:$A$2454,I$75,'①농산물raw'!$F$6:$F$2454)-I77 | J78: =SUMIF('①농산물raw'!$A$6:$A$2454,J$75,'①농산물raw'!$F$6:$F$2454)-J77
B80: 5. 유통사별 품목별 쿠폰 사용액
B81: 품목 | C81: 구분 | D81: 총 계 | E81: 네이버 | F81: 지마켓 | G81: 롯데ON | H81: 온누리마켓 | I81: 농가살리기 | J81: 오아시스
B82: 총 계 | D82: =SUM(E82:J82) | E82: =E83+E86+E89 | F82: =F83+F86+F89 | G82: =G83+G86+G89 | H82: =H83+H86+H89 | I82: =I83+I86+I89 | J82: =J83+J86+J89
B83: 농산물 | C83: 소 계 | D83: =SUM(E83:J83) | E83: =E84+E85 | F83: =F84+F85 | G83: =G84+G85 | H83: =H84+H85 | I83: =I84+I85 | J83: =J84+J85
C84: 7월 | D84: =SUM(E84:J84) | E84: 27521390 | F84: 29495180 | G84: 16472440 | H84: 6561353 | I84: 3731960 | J84: 4453987
C85: 8월 | D85: =SUM(E85:J85) | E85: =SUMIFS('①농산물raw'!$H$6:$H$2454,'①농산물raw'!$A$6:$A$2454,E$81,'①농산물raw'!$B$6:$B$2454,$B83)-E84 | F85: =SUMIFS('①농산물raw'!$H$6:$H$2454,'①농산물raw'!$A$6:$A$2454,F$81,'①농산물raw'!$B$6:$B$2454,$B83)-F84 | G85: =SUMIFS('①농산물raw'!$H$6:$H$2454,'①농산물raw'!$A$6:$A$2454,G$81,'①농산물raw'!$B$6:$B$2454,$B83)-G84 | H85: =SUMIFS('①농산물raw'!$H$6:$H$2454,'①농산물raw'!$A$6:$A$2454,H$81,'①농산물raw'!$B$6:$B$2454,$B83)-H84 | I85: =SUMIFS('①농산물raw'!$H$6:$H$2454,'①농산물raw'!$A$6:$A$2454,I$81,'①농산물raw'!$B$6:$B$2454,$B83)-I84 | J85: =SUMIFS('①농산물raw'!$H$6:$H$2454,'①농산물raw'!$A$6:$A$2454,J$81,'①농산물raw'!$B$6:$B$2454,$B83)-J84
B86: 축산물 | C86: 소 계 | D86: =SUM(E86:J86) | E86: =E87+E88 | F86: =F87+F88 | G86: =G87+G88 | H86: =H87+H88 | I86: =I87+I88 | J86: =J87+J88
C87: 7월 | D87: =SUM(E87:J87) | E87: 11806670 | F87: 2182750 | G87: 12810140 | H87: 0 | I87: 0 | J87: 30800
C88: 8월 | D88: =SUM(E88:J88) | E88: =SUMIFS('①농산물raw'!$H$6:$H$2454,'①농산물raw'!$A$6:$A$2454,E$81,'①농산물raw'!$B$6:$B$2454,$B86)-E87 | F88: =SUMIFS('①농산물raw'!$H$6:$H$2454,'①농산물raw'!$A$6:$A$2454,F$81,'①농산물raw'!$B$6:$B$2454,$B86)-F87 | G88: =SUMIFS('①농산물raw'!$H$6:$H$2454,'①농산물raw'!$A$6:$A$2454,G$81,'①농산물raw'!$B$6:$B$2454,$B86)-G87 | H88: =SUMIFS('①농산물raw'!$H$6:$H$2454,'①농산물raw'!$A$6:$A$2454,H$81,'①농산물raw'!$B$6:$B$2454,$B86)-H87 | I88: =SUMIFS('①농산물raw'!$H$6:$H$2454,'①농산물raw'!$A$6:$A$2454,I$81,'①농산물raw'!$B$6:$B$2454,$B86)-I87 | J88: =SUMIFS('①농산물raw'!$H$6:$H$2454,'①농산물raw'!$A$6:$A$2454,J$81,'①농산물raw'!$B$6:$B$2454,$B86)-J87
B89: 가공식품 | C89: 소 계 | D89: =SUM(E89:J89) | E89: =E90+E91 | F89: =F90+F91 | G89: =G90+G91 | H89: =H90+H91 | I89: =I90+I91 | J89: =J90+J91
C90: 7월 | D90: =SUM(E90:J90) | E90: 10887620 | F90: 14714460 | G90: 10736080 | H90: 540327 | I90: 7755460 | J90: 3878038
C91: 8월 | D91: =SUM(E91:J91) | E91: =SUMIFS('①농산물raw'!$H$6:$H$2454,'①농산물raw'!$A$6:$A$2454,E$81,'①농산물raw'!$B$6:$B$2454,$B89)-E90 | F91: =SUMIFS('①농산물raw'!$H$6:$H$2454,'①농산물raw'!$A$6:$A$2454,F$81,'①농산물raw'!$B$6:$B$2454,$B89)-F90 | G91: =SUMIFS('①농산물raw'!$H$6:$H$2454,'①농산물raw'!$A$6:$A$2454,G$81,'①농산물raw'!$B$6:$B$2454,$B89)-G90 | H91: =SUMIFS('①농산물raw'!$H$6:$H$2454,'①농산물raw'!$A$6:$A$2454,H$81,'①농산물raw'!$B$6:$B$2454,$B89)-H90 | I91: =SUMIFS('①농산물raw'!$H$6:$H$2454,'①농산물raw'!$A$6:$A$2454,I$81,'①농산물raw'!$B$6:$B$2454,$B89)-I90 | J91: =SUMIFS('①농산물raw'!$H$6:$H$2454,'①농산물raw'!$A$6:$A$2454,J$81,'①농산물raw'!$B$6:$B$2454,$B89)-J90
B93: 6. 유통사별 품목별 매출 분석
B94: 품목 | C94: 구분 | D94: 총 계 | E94: 네이버 | F94: 지마켓 | G94: 롯데ON | H94: 온누리마켓 | I94: 농가살리기 | J94: 오아시스
B95: 총 계 | D95: =SUM(E95:J95) | E95: =E96+E99+E102 | F95: =F96+F99+F102 | G95: =G96+G99+G102 | H95: =H96+H99+H102 | I95: =I96+I99+I102 | J95: =J96+J99+J102
B96: 농산물 | C96: 소 계 | D96: =SUM(E96:J96) | E96: =E97+E98 | F96: =F97+F98 | G96: =G97+G98 | H96: =H97+H98 | I96: =I97+I98 | J96: =J97+J98
C97: 7월 | D97: =SUM(E97:J97) | E97: 563900600 | F97: 401364480 | G97: 86153550 | H97: 42349200 | I97: 41187820 | J97: 315486590
C98: 8월 | D98: =SUM(E98:J98) | E98: =SUMIFS('①농산물raw'!$G$6:$G$2454,'①농산물raw'!$A$6:$A$2454,E$94,'①농산물raw'!$B$6:$B$2454,$B96)-E97 | F98: =SUMIFS('①농산물raw'!$G$6:$G$2454,'①농산물raw'!$A$6:$A$2454,F$94,'①농산물raw'!$B$6:$B$2454,$B96)-F97 | G98: =SUMIFS('①농산물raw'!$G$6:$G$2454,'①농산물raw'!$A$6:$A$2454,G$94,'①농산물raw'!$B$6:$B$2454,$B96)-G97 | H98: =SUMIFS('①농산물raw'!$G$6:$G$2454,'①농산물raw'!$A$6:$A$2454,H$94,'①농산물raw'!$B$6:$B$2454,$B96)-H97 | I98: =SUMIFS('①농산물raw'!$G$6:$G$2454,'①농산물raw'!$A$6:$A$2454,I$94,'①농산물raw'!$B$6:$B$2454,$B96)-I97 | J98: =SUMIFS('①농산물raw'!$G$6:$G$2454,'①농산물raw'!$A$6:$A$2454,J$94,'①농산물raw'!$B$6:$B$2454,$B96)-J97
B99: 축산물 | C99: 소 계 | D99: =SUM(E99:J99) | E99: =E100+E101 | F99: =F100+F101 | G99: =G100+G101 | H99: =H100+H101 | I99: =I100+I101 | J99: =J100+J101
C100: 7월 | D100: =SUM(E100:J100) | E100: 174615900 | F100: 28591600 | G100: 94872920 | H100: 0 | I100: 0 | J100: 185800
C101: 8월 | D101: =SUM(E101:J101) | E101: =SUMIFS('①농산물raw'!$G$6:$G$2454,'①농산물raw'!$A$6:$A$2454,E$94,'①농산물raw'!$B$6:$B$2454,$B99)-E100 | F101: =SUMIFS('①농산물raw'!$G$6:$G$2454,'①농산물raw'!$A$6:$A$2454,F$94,'①농산물raw'!$B$6:$B$2454,$B99)-F100 | G101: =SUMIFS('①농산물raw'!$G$6:$G$2454,'①농산물raw'!$A$6:$A$2454,G$94,'①농산물raw'!$B$6:$B$2454,$B99)-G100 | H101: =SUMIFS('①농산물raw'!$G$6:$G$2454,'①농산물raw'!$A$6:$A$2454,H$94,'①농산물raw'!$B$6:$B$2454,$B99)-H100 | I101: =SUMIFS('①농산물raw'!$G$6:$G$2454,'①농산물raw'!$A$6:$A$2454,I$94,'①농산물raw'!$B$6:$B$2454,$B99)-I100 | J101: =SUMIFS('①농산물raw'!$G$6:$G$2454,'①농산물raw'!$A$6:$A$2454,J$94,'①농산물raw'!$B$6:$B$2454,$B99)-J100
B102: 가공식품 | C102: 소 계 | D102: =SUM(E102:J102) | E102: =E103+E104 | F102: =F103+F104 | G102: =G103+G104 | H102: =H103+H104 | I102: =I103+I104 | J102: =J103+J104
C103: 7월 | D103: =SUM(E103:J103) | E103: 409967200 | F103: 340464350 | G103: 80050740 | H103: 4022000 | I103: 182117383 | J103: 170884300
C104: 8월 | D104: =SUM(E104:J104) | E104: =SUMIFS('①농산물raw'!$G$6:$G$2454,'①농산물raw'!$A$6:$A$2454,E$94,'①농산물raw'!$B$6:$B$2454,$B102)-E103 | F104: =SUMIFS('①농산물raw'!$G$6:$G$2454,'①농산물raw'!$A$6:$A$2454,F$94,'①농산물raw'!$B$6:$B$2454,$B102)-F103 | G104: =SUMIFS('①농산물raw'!$G$6:$G$2454,'①농산물raw'!$A$6:$A$2454,G$94,'①농산물raw'!$B$6:$B$2454,$B102)-G103 | H104: =SUMIFS('①농산물raw'!$G$6:$G$2454,'①농산물raw'!$A$6:$A$2454,H$94,'①농산물raw'!$B$6:$B$2454,$B102)-H103 | I104: =SUMIFS('①농산물raw'!$G$6:$G$2454,'①농산물raw'!$A$6:$A$2454,I$94,'①농산물raw'!$B$6:$B$2454,$B102)-I103 | J104: =SUMIFS('①농산물raw'!$G$6:$G$2454,'①농산물raw'!$A$6:$A$2454,J$94,'①농산물raw'!$B$6:$B$2454,$B102)-J103
B106: 7. 유통사별 품목별 판매 건수
B107: 품목 | C107: 구분 | D107: 총 계 | E107: 네이버 | F107: 지마켓 | G107: 롯데ON | H107: 온누리마켓 | I107: 농가살리기 | J107: 오아시스
B108: 총 계 | D108: =SUM(E108:J108) | E108: =E109+E112+E115 | F108: =F109+F112+F115 | G108: =G109+G112+G115 | H108: =H109+H112+H115 | I108: =I109+I112+I115 | J108: =J109+J112+J115
B109: 농산물 | C109: 소 계 | D109: =SUM(E109:J109) | E109: =E110+E111 | F109: =F110+F111 | G109: =G110+G111 | H109: =H110+H111 | I109: =I110+I111 | J109: =J110+J111
C110: 7월 | D110: =SUM(E110:J110) | E110: 18947 | F110: 16003 | G110: 5393 | H110: 1136 | I110: 2619 | J110: 92871
C111: 8월 | D111: =SUM(E111:J111) | E111: =SUMIFS('①농산물raw'!$F$6:$F$2454,'①농산물raw'!$A$6:$A$2454,E$107,'①농산물raw'!$B$6:$B$2454,$B109)-E110 | F111: =SUMIFS('①농산물raw'!$F$6:$F$2454,'①농산물raw'!$A$6:$A$2454,F$107,'①농산물raw'!$B$6:$B$2454,$B109)-F110 | G111: =SUMIFS('①농산물raw'!$F$6:$F$2454,'①농산물raw'!$A$6:$A$2454,G$107,'①농산물raw'!$B$6:$B$2454,$B109)-G110 | H111: =SUMIFS('①농산물raw'!$F$6:$F$2454,'①농산물raw'!$A$6:$A$2454,H$107,'①농산물raw'!$B$6:$B$2454,$B109)-H110 | I111: =SUMIFS('①농산물raw'!$F$6:$F$2454,'①농산물raw'!$A$6:$A$2454,I$107,'①농산물raw'!$B$6:$B$2454,$B109)-I110 | J111: =SUMIFS('①농산물raw'!$F$6:$F$2454,'①농산물raw'!$A$6:$A$2454,J$107,'①농산물raw'!$B$6:$B$2454,$B109)-J110
B112: 축산물 | C112: 소 계 | D112: =SUM(E112:J112) | E112: =E113+E114 | F112: =F113+F114 | G112: =G113+G114 | H112: =H113+H114 | I112: =I113+I114 | J112: =J113+J114
C113: 7월 | D113: =SUM(E113:J113) | E113: 5918 | F113: 1102 | G113: 3058 | H113: 0 | I113: 0 | J113: 6
C114: 8월 | D114: =SUM(E114:J114) | E114: =SUMIFS('①농산물raw'!$F$6:$F$2454,'①농산물raw'!$A$6:$A$2454,E$107,'①농산물raw'!$B$6:$B$2454,$B112)-E113 | F114: =SUMIFS('①농산물raw'!$F$6:$F$2454,'①농산물raw'!$A$6:$A$2454,F$107,'①농산물raw'!$B$6:$B$2454,$B112)-F113 | G114: =SUMIFS('①농산물raw'!$F$6:$F$2454,'①농산물raw'!$A$6:$A$2454,G$107,'①농산물raw'!$B$6:$B$2454,$B112)-G113 | H114: =SUMIFS('①농산물raw'!$F$6:$F$2454,'①농산물raw'!$A$6:$A$2454,H$107,'①농산물raw'!$B$6:$B$2454,$B112)-H113 | I114: =SUMIFS('①농산물raw'!$F$6:$F$2454,'①농산물raw'!$A$6:$A$2454,I$107,'①농산물raw'!$B$6:$B$2454,$B112)-I113 | J114: =SUMIFS('①농산물raw'!$F$6:$F$2454,'①농산물raw'!$A$6:$A$2454,J$107,'①농산물raw'!$B$6:$B$2454,$B112)-J113
B115: 가공식품 | C115: 소 계 | D115: =SUM(E115:J115) | E115: =E116+E117 | F115: =F116+F117 | G115: =G116+G117 | H115: =H116+H117 | I115: =I116+I117 | J115: =J116+J117
...

Sheet ※ 이상치 및 규정검토
B2: 2026 aT 온라인 판로지원 사업 - 실적 이상치 및 규정 준수 검토 리포트
B4: 1. 사업 규정 준수 여부 전수 검토 결과 요약
B5: 검토 규정 항목 | C5: 사업 운영 기준 | D5: 전수 검토 결과 | E5: 준수 여부 | F5: 세부 검토 내역
B6: 업체당 쿠폰 한도 | C6: 업체당 최대 8,000,000원 | D6: 초과 업체 0개 (최대 소진액 6,140,240원 / 76.8%) | E6: 정상 준수 | F6: 농부들(76.8%), 자연푸드(73.1%), 팜앤유(71.6%) 등 전 업체 한도 내 안전 운영
B7: 쿠폰 할인율 상한 | C7: 매출액 대비 최대 20.0% | D7: 초과 건수 0건 (최대 할인율 정확히 20.00%) | E7: 정상 준수 | F7: 1,651개 로우데이터 행 전수 검사 결과 20% 초과 할인 없음
B8: 건당 쿠폰 한도 | C8: 건당(개당) 최대 10,000원 | D8: 초과 건수 0건 (건당 최대 쿠폰액 정확히 10,000원) | E8: 정상 준수 | F8: 전체 사업 참여업체 중 최대 소진업체는 '땅끝사랑농원'(762만원 / 95.2%)으로 전 업체가 한도 내에서 안전하게 운영 중입니다.
B11: 2. 누적 실적 역전(감소) 이상치 내역 (총 1건 - 취소/환불 정산 변동분)
B12: 구분 | C12: 유통사 | D12: 사업자명 | E12: 사업자번호 | F12: 상품명 | G12: 7월 실적 | H12: 8월 누적실적 | I12: 증감(8월순수) | J12: 이상 원인 분석 및 특이사항
B13: 업체 쿠폰 역전 | C13: 네이버 | D13: 농업회사법인 랑이네세상 주식회사 | E13: 488-88-03205 | F13: [업체 전체 쿠폰] | G13: 4,955,760원 | H13: 4,947,920원 | I13: -7,840원 | J13: 매출/건수는 증가했으나 쿠폰 사용액이 7월 대비 누적에서 7,840원 감소 (주문취소/환불 반영 의심)
B19: 3. 업체별 쿠폰 한도(800만원) 소진율 상위 Top 10 업체 모니터링
B20: 순위 | C20: 사업자명 | D20: 사업자번호 | E20: 참여 유통사 | F20: 누적 매출액 | G20: 누적 쿠폰사용액 | H20: 한도(800만원) 소진율 | I20: 잔여 한도액
B21: 1 | C21: 땅끝사랑농원 | D21: 106-93-03082 | E21: 네이버 | F21: 63191000 | G21: 7617120 | H21: 95.2% | I21: 382880
B22: 2 | C22: 조양식품 | D22: 579-90-00021 | E22: 지마켓 | F22: 287536270 | G22: 6140240 | H22: 76.8% | I22: 1859760
B23: 3 | C23: 농업회사법인(유)코리아푸드 | D23: 412-81-50546 | E23: 농가살리기 | F23: 348126237 | G23: 5847700 | H23: 73.1% | I23: 2152300
B24: 4 | C24: 수촌농장 | D24: 477-93-01384 | E24: 지마켓 | F24: 60348400 | G24: 5728100 | H24: 71.6% | I24: 2271900
B25: 5 | C25: (주)우영채널 | D25: 114-86-65039 | E25: 지마켓 | F25: 70241000 | G25: 5268240 | H25: 65.9% | I25: 2731760
B26: 6 | C26: 당진해나루쌀조합공동사업법인 | D26: 323-88-00158 | E26: 롯데ON | F26: 26752200 | G26: 5136630 | H26: 64.2% | I26: 2863370
B27: 7 | C27: 농업회사법인 주식회사 드림라이스 | D27: 485-88-00795 | E27: 롯데ON | F27: 26083350 | G27: 5105280 | H27: 63.8% | I27: 2894720
B28: 8 | C28: 농업회사법인 철원미곡 주식회사 | D28: 127-81-93991 | E28: 온누리마켓 | F28: 32150700 | G28: 5097728 | H28: 63.7% | I28: 2902272
B29: 9 | C29: 여주시농협조합공동사업법인 | D29: 126-82-11620 | E29: 네이버 | F29: 485645800 | G29: 5085890 | H29: 63.6% | I29: 2914110
B30: 10 | C30: 두원식품(주) | D30: 606-81-52718 | E30: 지마켓 | F30: 57338800 | G30: 5062400 | H30: 63.3% | I30: 2937600
B33: 4. 농가·유통사 품목분류 자의적 변경 이상건 전수 내역 (총 38건)
B34: No | C34: 유통사 | D34: 사업자명 | E34: 사업자번호 | F34: 상품명 | G34: 7월 분류 | H34: 8월 변경분류 | I34: 7월 매출액 | J34: 8월 누적매출액 | K34: 8월 순수매출액
B35: 1 | C35: 롯데ON | D35: 주식회사 태범프레시 | E35: 832-86-02035 | F35: [홍익상회] 춘천닭갈비 500g x 3팩 국내산닭고기 양념 순살 | G35: 가공식품 | H35: 축산물 | I35: 0 | J35: 0 | K35: 0
B36: 2 | C36: 롯데ON | D36: 주식회사 태범프레시 | E36: 832-86-02035 | F36: [홍익상회] 춘천 홍익닭갈비 500g x 3팩 국내산 닭고기 양념 순살 | G36: 가공식품 | H36: 축산물 | I36: 2552440 | J36: 2552440 | K36: 0
B37: 3 | C37: 롯데ON | D37: 신선식품 | E37: 131-35-96215 | F37: [온누리7%혜택]고소한 국산 볶은참깨 200g | G37: 농산물 | H37: 가공식품 | I37: 25600 | J37: 204800 | K37: 179200
B38: 4 | C38: 지마켓 | D38: 두원식품(주) | E38: 606-81-52718 | F38: (신선집중) 국내산 한돈 프리미엄 대패 삼겹살 1.2kg | G38: 농산물 | H38: 축산물 | I38: 51796200 | J38: 55053800 | K38: 3257600
B39: 5 | C39: 지마켓 | D39: 다모아영농조합법인 | E39: 613-81-60803 | F39: 농협 공동선별 햇 남해 통마늘 3kg(상) 실중량 지리적표시품 | G39: 축산물 | H39: 농산물 | I39: 73800 | J39: 701100 | K39: 627300
B40: 6 | C40: 지마켓 | D40: 청정태안식품 | E40: 316-01-24597 | F40: 김명월 검정콩 청국장가루 1kg(500g2통) | G40: 농산물 | H40: 가공식품 | I40: 74000 | J40: 222000 | K40: 148000
B41: 7 | C41: 지마켓 | D41: 청정태안식품 | E41: 316-01-24597 | F41: 김명월 검정콩 청국장가루 1kg(500g2통) | G41: 농산물 | H41: 가공식품 | I41: 74000 | J41: 259000 | K41: 185000
B42: 8 | C42: 지마켓 | D42: 형지표고버섯 | E42: 290-94-00335 | F42: 형지표고버섯 흑화고 상황버섯 혼합2호 표고 버섯 선물세트 | G42: 가공식품 | H42: 농산물 | I42: 0 | J42: 0 | K42: 0
B43: 9 | C43: 지마켓 | D43: 농부플러스 | E43: 571-81-00383 | F43: 국산 볶음참깨 햇 참깨 볶은참깨 토종 통깨 200g | G43: 가공식품 | H43: 농산물 | I43: 360800 | J43: 1098800 | K43: 738000
B44: 10 | C44: 지마켓 | D44: 농부플러스 | E44: 571-81-00383 | F44: 국산 볶음참깨 햇 참깨 볶은참깨 토종 통깨 150g | G44: 가공식품 | H44: 농산물 | I44: 13900 | J44: 42700 | K44: 28800
B45: 11 | C45: 지마켓 | D45: 듬뿍곡간 | E45: 181-02-01980 | F45: 듬뿍곡간 국내산 볶은 귀리 / 아침식사대용 간식 | G45: 가공식품 | H45: 농산물 | I45: 0 | J45: 0 | K45: 0
B46: 12 | C46: 지마켓 | D46: 듬뿍곡간 | E46: 181-02-01980 | F46: 듬뿍곡간 국내산 쑥미숫가루 / 선식 식사대용 간식 500g | G46: 농산물 | H46: 가공식품 | I46: 0 | J46: 23800 | K46: 23800
... B72: 38 | C72: 오아시스 | D72: 해담는집 | E72: 745-96-00315 | F72: 해담는집 유기농 고춧가루 500g/200g(순한맛/보통맛/매운맛) | G72: 농산물 | H72: 가공식품 | I72: 208400 | J72: 434900 | K72: 226500
A75: 5. 8월 실적 데이터 내 품목분류 오기재 이상치 전수 목록 (총 66건 - 신규 51건 + 지속 15건)
A76: ※ 8월 참여 데이터(1,651행)를 전수 정밀 감사하여 단순 자연어 오판단을 완전 제거하고, 영흥농산 깐마늘·양파 원물 누락(1.43억원) 및 조미가공육 오등록 등 총 66건을 선별함.
A78: No | B78: 인입 구분 | C78: 이상치 유형 | D78: 기획전 | E78: 유통사 | F78: 판매자명(업체명) | G78: 사업자번호 | H78: 상품명 | I78: 8월 현재분류 | J78: 권고 정정분류 | K78: 8월 순수매출액(원) | L78: 8월 주문수(건) | M78: 8월 쿠폰지원액(원) | N78: 이상치 판정 사유 및 조치 제언
A79: 1 | B79: 기존 참여 지속 | C79: 조미가공육 ➡️ 축산물 오등록 | D79: 농산물 | E79: 지마켓 | F79: 두원식품(주) | G79: 606-81-52718 | H79: haccp인증 국내산 한돈 고추장 주물럭 300g x6팩(총 1.8kg) | I79: 축산물 | J79: 가공식품(식육가공품) | K79: 65000 | L79: 2 | M79: 6500 | N79: 식육가공품(양념조미육(주물럭))이나 1차 생육 축산물로 오등록됨
A80: 2 | B80: 기존 참여 지속 | C80: 조미가공육 ➡️ 축산물 오등록 | D80: 농산물 | E80: 지마켓 | F80: 두원식품(주) | G80: 606-81-52718 | H80: 국내산 한돈 고추장 주물럭 300g + 300g 제육볶음 | I80: 축산물 | J80: 가공식품(식육가공품) | K80: 157900 | L80: 11 | M80: 11920 | N80: 식육가공품(양념조미육(주물럭))이나 1차 생육 축산물로 오등록됨
A81: 3 | B81: 8월 신규 인입 | C81: 가공완제품 ➡️ 농산물 원물 오등록 | D81: 농산물 | E81: 지마켓 | F81: 아침햇살영농조합법인 | G81: 508-81-33305 | H81: 사과를 가득담아 사과100% 사과꽃향기 사과즙 100mlX50팩 NFC착즙/(스타배송) | I81: 농산물 | J81: 가공식품(제조가공품) | K81: 241400 | L81: 16 | M81: 0 | N81: 제조가공식품(과채가공품(사과즙/NFC착즙))이나 1차 신선 농산물 원물로 오등록됨
A82: 4 | B82: 기존 참여 지속 | C82: 조미가공육 ➡️ 축산물 오등록 | D82: 농산물 | E82: 롯데ON | F82: 주식회사 더락 | G82: 593-86-01295 | H82: 국내산 한돈 수제 양념 돼지갈비 450G (2종 중 택1) | I82: 축산물 | J82: 가공식품(식육가공품) | K82: 37312000 | L82: 729 | M82: 4967600 | N82: 식육가공품(양념조미육)이나 1차 생육 축산물로 오등록됨
A83: 5 | B83: 기존 참여 지속 | C83: 조미가공육 ➡️ 축산물 오등록 | D83: 농산물 | E83: 롯데ON | F83: 농업회사법인 라이플로우 주식회사 | G83: 715-87-02493 | H83: [온누리7%혜택][주왕산가든] 한우불고기 전골 밀키트 750g 3인분 불고기 육수 야채 소불고기 | I83: 축산물 | J83: 가공식품(식육가공품) | K83: 1967900 | L83: 65 | M83: 371630 | N83: 식육가공품(양념조미육(불고기))이나 1차 생육 축산물로 오등록됨
A84: 6 | B84: 기존 참여 지속 | C84: 조미가공육 ➡️ 축산물 오등록 | D84: 농산물 | E84: 롯데ON | F84: 농업회사법인 라이플로우 주식회사 | G84: 715-87-02493 | H84: [온누리7%혜택][주왕산가든] 명품 한돈 수제 돼지갈비 실속형 500g 양념돼지갈비 밀키트 | I84: 축산물 | J84: 가공식품(식육가공품) | K84: 345000 | L84: 11 | M84: 63050 | N84: 식육가공품(양념조미육)이나 1차 생육 축산물로 오등록됨
A85: 7 | B85: 기존 참여 지속 | C85: 조미가공육 ➡️ 축산물 오등록 | D85: 농산물 | E85: 롯데ON | F85: 주식회사 태범프레시 | G85: 832-86-02035 | H85: [홍익상회] 춘천닭갈비 500g x 3팩 국내산닭고기 양념 순살 | I85: 축산물 | J85: 가공식품(식육가공품) | K85: 0 | L85: 0 | M85: 0 | N85: 식육가공품(조미가공육(춘천닭갈비))이나 1차 생육 축산물로 오등록됨
A86: 8 | B86: 기존 참여 지속 | C86: 조미가공육 ➡️ 축산물 오등록 | D86: 농산물 | E86: 롯데ON | F86: 주식회사 영인에프앤에스 | G86: 847-88-01537 | H86: 삶은 돼지 대창 1kg | I86: 축산물 | J86: 가공식품(식육가공품) | K86: 54500 | L86: 7 | M86: 9440 | N86: 식육가공품(양념/가공육(대창))이나 1차 생육 축산물로 오등록됨
A87: 9 | B87: 기존 참여 지속 | C87: 조미가공육 ➡️ 축산물 오등록 | D87: 농산물 | E87: 롯데ON | F87: 주식회사 삼형제월드 | G87: 185-87-01669 | H87: 삼형제고기 한돈 간장 고추장 불고기 1kg (200g x 5팩) | I87: 축산물 | J87: 가공식품(식육가공품) | K87: 0 | L87: 0 | M87: 0 | N87: 식육가공품(양념조미육(불고기))이나 1차 생육 축산물로 오등록됨
A88: 10 | B88: 기존 참여 지속 | C88: 조미가공육 ➡️ 축산물 오등록 | D88: 농산물 | E88: 롯데ON | F88: 주식회사 태범프레시 | G88: 832-86-02035 | H88: [홍익상회] 춘천 홍익닭갈비 500g x 3팩 국내산 닭고기 양념 순살 | I88: 축산물 | J88: 가공식품(식육가공품) | K88: 2552440 | L88: 73 | M88: 410540 | N88: 식육가공품(조미가공육(춘천닭갈비))이나 1차 생육 축산물로 오등록됨
A89: 11 | B89: 8월 신규 인입 | C89: 조미가공육 ➡️ 축산물 오등록 | D89: 농산물 | E89: 롯데ON | F89: 주식회사 태범프레시 | G89: 832-86-02035 | H89: 한돈스테이크 4장x1팩 오븐 직화 떡갈비 맛 함박 스테이크 너비아니 | I89: 축산물 | J89: 가공식품(식육가공품) | K89: 29900 | L89: 1 | M89: 5740 | N89: 식육가공품(가공육(떡갈비·수제패티))이나 1차 생육 축산물로 오등록됨
A90: 12 | B90: 8월 신규 인입 | C90: 조미가공육 ➡️ 축산물 오등록 | D90: 농산물 | E90: 롯데ON | F90: 주식회사 태범프레시 | G90: 832-86-02035 | H90: 홍익상회 양념 오리 불고기 고추장 주물럭 400g (2인분) x 3팩 | I90: 축산물 | J90: 가공식품(식육가공품) | K90: 71800 | L90: 2 | M90: 13340 | N90: 식육가공품(양념조미육(주물럭))이나 1차 생육 축산물로 오등록됨
... A119: 41 | B119: 8월 신규 인입 | C119: 조미가공육 ➡️ 축산물 오등록 | D119: 농산물 | E119: 네이버 | F119: 두루푸드 | G119: 221-13-36518 | H119: 두루푸드 국민닭갈비 춘천닭갈비 택배 홈파티 캠핑요리 올인원세트 3인용 / 1.5인용 | I119: 축산물 | J119: 가공식품(식육가공품) | K119: 1423800 | L119: 56 | M119: 124870 | N119: 식육가공품(조미가공육(춘천닭갈비))이나 1차 생육 축산물로 오등록됨
A120: 42 | B120: 8월 신규 인입 | C120: 조미가공육 ➡️ 축산물 오등록 | L120: 29 | M120: 8760 | N120: 식육가공품(조미가공육(춘천닭갈비))이나 1차 생육 축산물로 오등록됨
A121: 43 | B121: 8월 신규 인입 | C121: 농산물 원물 ➡️ 가공식품 오등록 | D121: 농산물 | E121: 네이버 | F121: 소유농장 | G121: 208-22-52837 | H121: 국내산 무농약 GAP 건조상황버섯 선물세트 150g 300g 부모님 추석선물 | I121: 가공식품 | J121: 농산물(원물) | K121: 528000 | L121: 8 | M121: 27530 | N121: 1차 신선 농산물(신선/건조 임산물(상황버섯 원물))이나 유통사에 가공식품으로 오등록되어 원물 실적에서 누락됨
A122: 44 | B122: 8월 신규 인입 | C122: 농산물 원물 ➡️ 가공식품 오등록 | D122: 농산물 | E122: 네이버 | F122: 소유농장 | G122: 208-22-52837 | H122: 국내산 무농약 GAP인증 건조 상황버섯 70g 부모님 추석 선물세트 | I122: 가공식품 | J122: 농산물(원물) | K122: 0 | L122: 0 | M122: 0 | N122: 1차 신선 농산물(신선/건조 임산물(상황버섯 원물))이나 유통사에 가공식품으로 오등록되어 원물 실적에서 누락됨
A123: 45 | B123: 8월 신규 인입 | C123: 농산물 원물 ➡️ 가공식품 오등록 | D123: 농산물 | E123: 네이버 | F123: 소유농장 | G123: 208-22-52837 | H123: 국내산 무농약 GAP인증 건조 상황버섯 140g 부모님 추석 선물세트 | I123: 가공식품 | J123: 농산물(원물) | K123: 66000 | L123: 2 | M123: 6600 | N123: 1차 신선 농산물(신선/건조 임산물(상황버섯 원물))이나 유통사에 가공식품으로 오등록되어 원물 실적에서 누락됨
A124: 46 | B124: 8월 신규 인입 | C124: 농산물 원물 ➡️ 가공식품 오등록 | D124: 농산물 | E124: 네이버 | F124: 알찬연근팜 | G124: 604-02-68674 | H124: 햇연근 무농약 흙연근 슬라이스 말린연근 | I124: 가공식품 | J124: 농산물(원물) | K124: 2421630 | L124: 101 | M124: 217410 | N124: 1차 신선 농산물(신선 채소(흙연근 원물))이나 유통사에 가공식품으로 오등록되어 원물 실적에서 누락됨
A125: 47 | B125: 8월 신규 인입 | C125: 농산물 원물 ➡️ 가공식품 오등록 | D125: 농산물 | E125: 네이버 | F125: 채씨네표고 | G125: 449-92-01723 | H125: 표고버섯 선물세트 흑화고 백화고 추석 설날 명절 | I125: 가공식품 | J125: 농산물(원물) | K125: 282000 | L125: 8 | M125: 43400 | N125: 1차 신선 농산물(신선/건조 임산물(표고버섯 선물세트 원물))이나 유통사에 가공식품으로 오등록되어 원물 실적에서 누락됨
A126: 48 | B126: 8월 신규 인입 | C126: 농산물 원물 ➡️ 가공식품 오등록 | D126: 농산물 | E126: 네이버 | F126: 채씨네표고 | G126: 449-92-01723 | H126: 채씨네 표고 버섯 선물세트 추석 설날 명절 참나무 | I126: 가공식품 | J126: 농산물(원물) | K126: 223500 | L126: 4 | M126: 15600 | N126: 1차 신선 농산물(신선/건조 임산물(표고버섯 선물세트 원물))이나 유통사에 가공식품으로 오등록되어 원물 실적에서 누락됨
A127: 49 | B127: 8월 신규 인입 | C127: 농산물 원물 ➡️ 가공식품 오등록 | D127: 농산물 | E127: 네이버 | F127: 채씨네표고 | G127: 449-92-01723 | H127: 채씨네 국내산 건 표고버섯 선물세트 백화고 흑화고 추석 명절 설날 | I127: 가공식품 | J127: 농산물(원물) | K127: 516000 | L127: 5 | M127: 26800 | N127: 1차 신선 농산물(신선/건조 임산물(표고버섯 원물))이나 유통사에 가공식품으로 오등록되어 원물 실적에서 누락됨
A128: 50 | B128: 8월 신규 인입 | C128: 농산물 원물 ➡️ 가공식품 오등록 | D128: 농산물 | E128: 네이버 | F128: 채씨네표고 | G128: 449-92-01723 | H128: 표고버섯 선물세트 흑화고 500g | I128: 가공식품 | J128: 농산물(원물) | K128: 0 | L128: 0 | M128: 0 | N128: 1차 신선 농산물(신선/건조 임산물(표고버섯 선물세트 원물))이나 유통사에 가공식품으로 오등록되어 원물 실적에서 누락됨
A129: 51 | B129: 8월 신규 인입 | C129: 농산물 원물 ➡️ 가공식품 오등록 | D129: 농산물 | E129: 네이버 | F129: 영흥농산영농조합법인 | G129: 412-81-24086 | H129: [품질책임보상] 국내산 깐마늘 1kg 다진마늘 꼭지제거 햇 통마늘 | I129: 가공식품 | J129: 농산물(원물) | K129: 127791700 | L129: 7916 | M129: 4657460 | N129: 1차 신선 농산물(신선 채소(깐마늘 원물))이나 유통사에 가공식품으로 오등록되어 원물 실적에서 누락됨
A130: 52 | B130: 8월 신규 인입 | C130: 농산물 원물 ➡️ 가공식품 오등록 | D130: 농산물 | E130: 네이버 | F130: 영흥농산영농조합법인 | G130: 412-81-24086 | H130: [농할쿠폰20%] 국내산 양파 26년 햇양파 무안양파 3kg 5kg | I130: 가공식품 | J130: 농산물(원물) | K130: 15351300 | L130: 1512 | M130: 374720 | N130: 1차 신선 농산물(신선 채소(햇양파 원물))이나 유통사에 가공식품으로 오등록되어 원물 실적에서 누락됨
A131: 53 | B131: 8월 신규 인입 | C131: 농산물 원물 ➡️ 가공식품 오등록 | D131: 농산물 | E131: 네이버 | F131: 청실농원 | G131: 654-91-01691 | H131: 먹골배 원황배 배 고당도 제철 햇배 국산 신품종 과일 5kg | I131: 가공식품 | J131: 농산물(원물) | K131: 1769000 | L131: 42 | M131: 285800 | N131: 1차 신선 농산물(신선 과실(먹골배 생과 원물))이나 유통사에 가공식품으로 오등록되어 원물 실적에서 누락됨
A132: 54 | B132: 8월 신규 인입 | C132: 농산물 원물 ➡️ 가공식품 오등록 | D132: 농산물 | E132: 네이버 | F132: 청실농원 | G132: 654-91-01691 | H132: 5kg 먹골배 선물용 | I132: 가공식품 | J132: 농산물(원물) | K132: 0 | L132: 0 | M132: 0 | N132: 1차 신선 농산물(신선 과실(먹골배 생과 원물))이나 유통사에 가공식품으로 오등록되어 원물 실적에서 누락됨
... A144: 66 | B144: 8월 신규 인입 | C144: 농산물 원물 ➡️ 가공식품 오등록 | D144: 유기농 | E144: 네이버 | F144: 버섯놀이터사천숲속표고 | G144: 122-93-29177 | H144: 무 농약 생 표고버섯을 햇볕에 잘 말려 자연 건조한 국내산 사천 건 표고버섯 100g | I144: 가공식품 | J144: 농산물(원물) | K144: 198000 | L144: 7 | M144: 0 | N144: 1차 신선 농산물(신선/건조 임산물(표고버섯 원물))이나 유통사에 가공식품으로 오등록되어 원물 실적에서 누락됨
A145: 합 계 | B145: 8월 이상치 66건 총계 | K145: 374952340 | L145: 20213 | M145: 19617240 | N145: 유통사 카테고리 매핑 수정 권고
A148: 6. 7월 실적 데이터 내 품목분류 오기재 이상치 전수 목록 (총 45건)
A149: ※ 7월 참여 데이터(1,305행) 내에서 단순 문자열 오판단(친환경·청·유과 등)을 100% 제거하고 확정된 45건 전수 목록임.
A151: No | B151: 이상치 유형 | C151: 구분 | D151: 기획전 | E151: 유통사 | F151: 판매자명(업체명) | G151: 사업자번호 | H151: 상품명 | I151: 7월 현재분류 | J151: 권고 정정분류 | K151: 7월 매출액(원) | L151: 7월 주문수(건) | M151: 7월 쿠폰지원액(원) | N151: 이상치 판정 사유 및 조치 제언
A152: 1 | B152: 조미가공육 ➡️ 축산물 오등록 | C152: 기존 참여 지속 | D152: 농산물 | E152: 네이버 | F152: 두루푸드 | G152: 221-13-36518 | H152: 국민닭갈비 두루푸드 춘천닭갈비 택배 홈파티 캠핑요리 [원산지:닭고기 넓적다리(국산), 고추가루(국산), 기타(상세설명참조)] | I152: 축산물 | J152: 가공식품(식육가공품) | K152: 53342360 | L152: 2416 | M152: 3359880 | N152: 식육가공품(조미가공육(춘천닭갈비))이나 1차 생육 축산물로 오등록됨
A153: 2 | B153: 조미가공육 ➡️ 축산물 오등록 | C153: 기존 참여 지속 | D153: 농산물 | E153: 네이버 | F153: 농업회사법인(주)새나라 | G153: 792-88-00316 | H153: [모두닭갈비] 춘천 1+1팩 국산 닭다리살 캠핑 500gx2팩 (3~4인분) [원산지:국산] | I153: 축산물 | J153: 가공식품(식육가공품) | K153: 2269370 | L153: 104 | M153: 394640 | N153: 식육가공품(조미가공육(춘천닭갈비))이나 1차 생육 축산물로 오등록됨
A154: 3 | B154: 조미가공육 ➡️ 축산물 오등록 | C154: 기존 참여 지속 | D154: 농산물 | E154: 네이버 | F154: 두루푸드 | G154: 221-13-36518 | H154: 두루푸드 국민닭갈비 춘천닭갈비 택배 홈파티 캠핑요리 전통맛 [원산지:닭고기 넓적다리(국산), 고추가루(국산), 기타(상세설명참조)] | I154: 축산물 | J154: 가공식품(식육가공품) | K154: 1874050 | L154: 96 | M154: 96660 | N154: 식육가공품(조미가공육(춘천닭갈비))이나 1차 생육 축산물로 오등록됨
A155: 4 | B155: 조미가공육 ➡️ 축산물 오등록 | C155: 기존 참여 지속 | D155: 농산물 | E155: 네이버 | F155: 현풍떡갈비 | G155: 671-67-00557 | H155: 아기떡갈비 한우 한돈 수제 패티 현풍 세가지맛 3팩, 90g, 15개 [원산지:상세설명에 표시] | I155: 축산물 | J155: 가공식품(식육가공품) | K155: 1556900 | L155: 46 | M155: 81520 | N155: 식육가공품(가공육(떡갈비·수제패티))이나 1차 생육 축산물로 오등록됨
A156: 5 | B156: 가공완제품 ➡️ 농산물 원물 오등록 | C156: 기존 참여 지속 | D156: 농산물 | E156: 네이버 | F156: 신기농원 | G156: 540-25-00229 | H156: 애플링 동결건조 사과 배칩20g 딸기칩15g 3팩 국산100% 무첨가 간식 [원산지:국산(경상북도 문경시)] | I156: 농산물 | J156: 가공식품(제조가공품) | K156: 1143000 | L156: 62 | M156: 40800 | N156: 제조가공식품(과자류(동결건조 과일스낵))이나 1차 신선 농산물 원물로 오등록됨
A157: 6 | B157: 조미가공육 ➡️ 축산물 오등록 | C157: 기존 참여 지속 | D157: 농산물 | E157: 네이버 | F157: 두루푸드 | G157: 221-13-36518 | H157: 두루푸드 국민닭갈비 춘천닭갈비 택배 홈파티 캠핑요리 간장닭갈비 [원산지:닭고기 넓적다리(국산), 기타(상세설명참조)] | I157: 축산물 | J157: 가공식품(식육가공품) | K157: 927300 | L157: 65 | M157: 16720 | N157: 식육가공품(조미가공육(춘천닭갈비))이나 1차 생육 축산물로 오등록됨
A158: 7 | B158: 가공완제품 ➡️ 농산물 원물 오등록 | C158: 기존 참여 지속 | D158: 농산물 | E158: 네이버 | F158: 신기농원 | G158: 540-25-00229 | H158: 애플링 딸기칩 10봉 국산100% 동결건조 / 아기부터 온가족 건강간식 [원산지:국산(경상북도 문경시)] | I158: 농산물 | J158: 가공식품(제조가공품) | K158: 900500 | L158: 22 | M158: 44800 | N158: 제조가공식품(과자류(동결건조 과일스낵))이나 1차 신선 농산물 원물로 오등록됨
A159: 8 | B159: 가공완제품 ➡️ 농산물 원물 오등록 | C159: 기존 참여 지속 | D159: 농산물 | E159: 네이버 | F159: 신기농원 | G159: 540-25-00229 | H159: 애플링 국산 동결건조 사과칩·배칩 무첨가 건강간식 어린이 유아 [원산지:국산(경상북도 문경시)] | I159: 농산물 | J159: 가공식품(제조가공품) | K159: 770500 | L159: 12 | M159: 7400 | N159: 제조가공식품(과자류(동결건조 과일스낵))이나 1차 신선 농산물 원물로 오등록됨
A160: 9 | B160: 가공완제품 ➡️ 농산물 원물 오등록 | C160: 기존 참여 지속 | D160: 농산물 | E160: 네이버 | F160: 신기농원 | G160: 540-25-00229 | H160: 애플링 국산 동결건조 사과칩·배칩 자유구성 / 유아 휴대용 건강간식 [원산지:국산(경상북도)] | I160: 농산물 | J160: 가공식품(제조가공품) | K160: 547910 | L160: 15 | M160: 14800 | N160: 제조가공식품(과자류(동결건조 과일스낵))이나 1차 신선 농산물 원물로 오등록됨
A161: 10 | B161: 조미가공육 ➡️ 축산물 오등록 | C161: 기존 참여 지속 | D161: 농산물 | E161: 네이버 | F161: 두루푸드 | G161: 221-13-36518 | H161: 두루푸드 국민닭갈비 춘천닭갈비 택배 홈파티 캠핑요리 숯불닭갈비 [원산지:닭넓적다리(국산), 고추가루(국산), 기타(상세설명참조)] | I161: 축산물 | J161: 가공식품(식육가공품) | K161: 511650 | L161: 17 | M161: 8760 | N161: 식육가공품(조미가공육(춘천닭갈비))이나 1차 생육 축산물로 오등록됨
A162: 11 | B162: 조미가공육 ➡️ 축산물 오등록 | C162: 기존 참여 지속 | D162: 농산물 | E162: 네이버 | F162: 두루푸드 | G162: 221-13-36518 | H162: 두루푸드 국민닭갈비 춘천닭갈비 택배 홈파티 캠핑요리 허브소금닭갈비 [원산지:닭고기 넓적다리(국산), 기타(상세설명참조)] | I162: 축산물 | J162: 가공식품(식육가공품) | K162: 500100 | L162: 24 | M162: 4180 | N162: 식육가공품(조미가공육(춘천닭갈비))이나 1차 생육 축산물로 오등록됨
A163: 12 | B163: 조미가공육 ➡️ 축산물 오등록 | C163: 기존 참여 지속 | D163: 농산물 | E163: 네이버 | F163: 농업회사법인(주)새나라 | G163: 792-88-00316 | H163: 국내산 냉동 닭내장 1kg 곱창,알탕, 닭부산물 [원산지:국산(전라북도 익산시)] | I163: 축산물 | J163: 가공식품(식육가공품) | K163: 365590 | L163: 6 | M163: 12590 | N163: 식육가공품(양념/가공육(곱창/대창))이나 1차 생육 축산물로 오등록됨
... A196: 45 | B196: 가공완제품 ➡️ 농산물 원물 오등록 | C196: 기존 참여 지속 | D196: 유기농 | E196: 오아시스 | F196: 해담는집 | G196: 745-96-00315 | H196: 해담는집 유기농 고춧가루 500g/200g(순한맛/보통맛/매운맛) | I196: 농산물 | J196: 가공식품(제조가공품) | K196: 208400 | L196: 6 | M196: 35006 | N196: 제조가공식품(조미식품(고춧가루))이나 1차 신선 농산물 원물로 오등록됨
A197: 합 계 | B197: 7월 이상치 45건 총계 | K197: 104731260 | L197: 3721 | M197: 9373286 | N197: 유통사 카테고리 매핑 수정 권고

Sheet ※ 피벗_교차검증
B2: 로우데이터 기반 수동 피벗(Pivot Table) 집계 vs 분석 시트 전수 대조 검증표
B3: ※ 로우데이터 1,651개 행을 피벗 집계하여 7월을 차감한 수치와 '분석' 시트의 SUMIFS 공식 수치 간 1원/1건 단위 전수 대조
B5: 1. [농산물 온라인 마케터] 유통사별 피벗 집계 vs 분석 시트 대조 (8월 순수 실적)
B6: 유통사명 | C6: 피벗 매출액(원) | D6: 분석시트 매출액 | E6: 매출 오차 | F6: 피벗 판촉액(원) | G6: 분석시트 판촉액 | H6: 판촉액 오차 | I6: 피벗 판매건수 | J6: 분석시트 건수 | K6: 건수 오차 | L6: 검증 판정
B7: 네이버 | C7: 1753708870 | D7: 1753708870 | E7: 0 | F7: 40427410 | G7: 40427410 | H7: 0 | I7: 68547 | J7: 68547 | K7: 0 | L7: 100% 일치
B8: 지마켓 | C8: 578020340 | D8: 578020340 | E8: 0 | F8: 30255530 | G8: 30255530 | H8: 0 | I8: 29453 | J8: 29453 | K8: 0 | L8: 100% 일치
B9: 롯데ON | C9: 82976410 | D9: 82976410 | E9: 0 | F9: 12110560 | G9: 12110560 | H9: 0 | I9: 2577 | J9: 2577 | K9: 0 | L9: 100% 일치
B10: 온누리마켓 | C10: 53636800 | D10: 53636800 | E10: 0 | F10: 8399420 | G10: 8399420 | H10: 0 | I10: 1804 | J10: 1804 | K10: 0 | L10: 100% 일치
B11: 농가살리기 | C11: 247036467 | D11: 247036467 | E11: 0 | F11: 4112540 | G11: 4112540 | H11: 0 | I11: 16004 | J11: 16004 | K11: 0 | L11: 100% 일치
B12: 오아시스 | C12: 575740180 | D12: 575740180 | E12: 0 | F12: 7485204 | G12: 7485204 | H12: 0 | I12: 130274 | J12: 130274 | K12: 0 | L12: 100% 일치
B13: 총 계 | C13: 3291119067 | D13: 3291119067 | E13: 0 | F13: 102790664 | G13: 102790664 | H13: 0 | I13: 248659 | J13: 248659 | K13: 0 | L13: 오차 0원 / 일치
B16: 2. [유기농 기획전] 유통사별 피벗 집계 vs 분석 시트 대조 (8월 순수 실적)
B17: 유통사명 | C17: 피벗 매출액(원) | D17: 분석시트 매출액 | E17: 매출 오차 | F17: 피벗 판촉액(원) | G17: 분석시트 판촉액 | H17: 판촉액 오차 | I17: 피벗 판매건수 | J17: 분석시트 건수 | K17: 건수 오차 | L17: 검증 판정
B18: 네이버 | C18: 163153890 | D18: 163153890 | E18: 0 | F18: 13894790 | G18: 13894790 | H18: 0 | I18: 6420 | J18: 6420 | K18: 0 | L18: 100% 일치
B19: 오아시스 | C19: 643403790 | D19: 643403790 | E19: 0 | F19: 10412848 | G19: 10412848 | H19: 0 | I19: 146836 | J19: 146836 | K19: 0 | L19: 100% 일치
B20: 총 계 | C20: 806557680 | D20: 806557680 | E20: 0 | F20: 24307638 | G20: 24307638 | H20: 0 | I20: 153256 | J20: 153256 | K20: 0 | L20: 오차 0원 / 일치
B23: 3. 품목분류별 피벗 집계 vs 분석 시트 대조 (8월 순수 실적)
B24: 품목구분 | C24: 농산물마케터 피벗매출 | D24: 분석시트 매출 | E24: 오차 | F24: 유기농 피벗매출 | G24: 분석시트 매출 | H24: 오차 | I24: 합계 매출 | J24: 검증 판정
B25: 농산물 | C25: 1430067731 | D25: 1430067731 | E25: 0 | F25: 576101240 | G25: 576101240 | H25: 0 | I25: 2006168971 | J25: 100% 일치
B26: 축산물 | C26: 421329860 | D26: 421329860 | E26: 0 | F26: 4303100 | G26: 4303100 | H26: 0 | I26: 425632960 | J26: 100% 일치
B27: 가공식품 | C27: 1439721476 | D27: 1439721476 | E27: 0 | F27: 226153340 | G27: 226153340 | H27: 0 | I27: 1665874816 | J27: 100% 일치
B28: 소계 합계 | C28: 3291119067 | D28: 3291119067 | E28: 0 | F28: 806557680 | G28: 806557680 | H28: 0 | I28: 4097676747 | J28: 오차 0원 / 일치

Sheet 농산물업체
F1: 475218 | G1: 6227333500 | H1: 266369319 | I1: 192
A2: NO | B2: 구분 | C2: 사업자등록번호 | D2: 업체명 | E2: 배정유통사 | F2: 판매건수 | G2: 매출액 | H2: 판촉액(쿠폰) | I2: 8월 실제 인입 | J2: 쿠폰소진율(800만) | K2: 잔여한도액
A3: 1 | B3: 도약 | C3: 511-87-00286 | D3: 농업회사법인 영주마실(주) | E3: 롯데온 | F3: 0 | G3: 0 | H3: 0 | J3: =H3/8000000 | K3: =8000000-H3
A4: 2 | B4: 도약 | C4: 302-81-25814 | D4: 영동감협동조합 | E4: 롯데온 | F4: 8 | G4: 316300 | H4: 46330 | I4: O | J4: =H4/8000000 | K4: =8000000-H4
A5: 3 | B5: 도약 | C5: 449-92-01723 | D5: 채씨네표고농원 | E5: 네이버 | F5: 130 | G5: 4155000 | H5: 346200 | I5: O | J5: =H5/8000000 | K5: =8000000-H5
A6: 4 | B6: 시작 | C6: 406-82-02051 | D6: 구천동농업협동조합 | E6: 네이버 | F6: 0 | G6: 0 | H6: 0 | J6: =H6/8000000 | K6: =8000000-H6
A7: 5 | B7: 성장 | C7: 529-44-01222 | D7: 나뚜라리농원 | E7: 네이버 | F7: 124 | G7: 5319400 | H7: 477360 | I7: O | J7: =H7/8000000 | K7: =8000000-H7
A8: 6 | B8: 도약 | C8: 416-81-92591 | D8: 좋은세상협동조합 | E8: 롯데온 | F8: 0 | G8: 0 | H8: 0 | J8: =H8/8000000 | K8: =8000000-H8
A9: 7 | B9: 도약 | C9: 516-88-01860 | D9: 주식회사 농업회사법인 에상스팜 | E9: 롯데온 | F9: 1999 | G9: 23281100 | H9: 4157060 | I9: O | J9: =H9/8000000 | K9: =8000000-H9
A10: 8 | B10: 시작 | C10: 709-22-01767 | D10: 푸드상상 | E10: 롯데온 | F10: 0 | G10: 0 | H10: 0 | J10: =H10/8000000 | K10: =8000000-H10
A11: 9 | B11: 시작 | C11: 104-12-14323 | D11: 교동앵무새힐링농장 | E11: 네이버 | F11: 0 | G11: 0 | H11: 0 | J11: =H11/8000000 | K11: =8000000-H11
A12: 10 | B12: 도약 | C12: 514-03-53195 | D12: 삼진식품 | E12: 롯데온 | F12: 0 | G12: 0 | H12: 0 | J12: =H12/8000000 | K12: =8000000-H12
A13: 11 | B13: 도약 | C13: 892-87-01864 | D13: 주식회사 마들 | E13: 지마켓 | F13: 253 | G13: 5220720 | H13: 278100 | I13: O | J13: =H13/8000000 | K13: =8000000-H13
A14: 12 | B14: 도약 | C14: 803-88-01105 | D14: 오고농원(주) | E14: 네이버 | F14: 702 | G14: 31950500 | H14: 2604620 | I14: O | J14: =H14/8000000 | K14: =8000000-H14
A15: 13 | B15: 도약 | C15: 488-88-03205 | D15: 농업회사법인 랑이네세상 주식회사 | E15: 네이버 | F15: 2007 | G15: 74676000 | H15: 4947920 | I15: O | J15: =H15/8000000 | K15: =8000000-H15
A16: 14 | B16: 성장 | C16: 784-24-00666 | D16: 거창오미자 | E16: 네이버 | F16: 480 | G16: 18557000 | H16: 1065800 | I16: O | J16: =H16/8000000 | K16: =8000000-H16
A17: 15 | B17: 시작 | C17: 888-94-01728 | D17: 파밍데이즈 | E17: 네이버 | F17: 30 | G17: 599700 | H17: 33980 | I17: O | J17: =H17/8000000 | K17: =8000000-H17
A18: 16 | B18: 도약 | C18: 128-90-57082 | D18: 산골과수원 | E18: 롯데온 | F18: 0 | G18: 0 | H18: 0 | J18: =H18/8000000 | K18: =8000000-H18
A19: 17 | B19: 도약 | C19: 626-86-01993 | D19: 농업회사법인 (주)자연의시간 | E19: 농가살리기 | F19: 856 | G19: 10693525 | H19: 974340 | I19: O | J19: =H19/8000000 | K19: =8000000-H19
A20: 18 | B20: 성장 | C20: 711-30-00994 | D20: 팜샐러드 | E20: 네이버 | F20: 0 | G20: 0 | H20: 0 | J20: =H20/8000000 | K20: =8000000-H20
A21: 19 | B21: 도약 | C21: 186-96-01664 | D21: 쌍둥이농장 | E21: 지마켓 | F21: 4 | G21: 187600 | H21: 0 | I21: O | J21: =H21/8000000 | K21: =8000000-H21
A22: 20 | B22: 성장 | C22: 463-93-01691 | D22: 피스팜 | E22: 네이버 | F22: 5 | G22: 240000 | H22: 0 | I22: O | J22: =H22/8000000 | K22: =8000000-H22
A23: 21 | B23: 시작 | C23: 621-96-06105 | D23: HK팜 | E23: 네이버 | F23: 0 | G23: 0 | H23: 0 | J23: =H23/8000000 | K23: =8000000-H23
A24: 22 | B24: 도약 | C24: 347-93-02082 | D24: 초록이들 | E24: 네이버 | F24: 18065 | G24: 271250400 | H24: 4473530 | I24: O | J24: =H24/8000000 | K24: =8000000-H24
A25: 23 | B25: 성장 | C25: 408-24-61681 | D25: 한국제다 | E25: 네이버 | F25: 16 | G25: 591000 | H25: 63860 | I25: O | J25: =H25/8000000 | K25: =8000000-H25
A26: 24 | B26: 도약 | C26: 226-81-48890 | D26: 정선아라리한과농원 영농조합법인 | E26: 롯데온 | F26: 11 | G26: 295400 | H26: 52610 | I26: O | J26: =H26/8000000 | K26: =8000000-H26
A27: 25 | B27: 도약 | C27: 412-81-24086 | D27: 영흥농산영농조합법인 | E27: 네이버 | F27: 9428 | G27: 143143000 | H27: 5032180 | I27: O | J27: =H27/8000000 | K27: =8000000-H27
A28: 26 | B28: 도약 | C28: 142-33-00898 | D28: 어이딸부각 | E28: 지마켓 | F28: 30 | G28: 690000 | H28: 10000 | I28: O | J28: =H28/8000000 | K28: =8000000-H28
A29: 27 | B29: 도약 | C29: 144-92-00528 | D29: 햇터농장 | E29: 네이버 | F29: 0 | G29: 0 | H29: 0 | J29: =H29/8000000 | K29: =8000000-H29
A30: 28 | B30: 시작 | C30: 753-27-02040 | D30: 해피팜 | E30: 네이버 | F30: 14 | G30: 414000 | H30: 46000 | I30: O | J30: =H30/8000000 | K30: =8000000-H30
A31: 29 | B31: 도약 | C31: 608-88-00253 | D31: 농업회사법인 주식회사 코리아식품 | E31: 네이버 | F31: 16 | G31: 451100 | H31: 34520 | I31: O | J31: =H31/8000000 | K31: =8000000-H31
A32: 30 | B32: 도약 | C32: 201-98-68634 | D32: 아침에계란 | E32: 네이버 | F32: 1319 | G32: 92623400 | H32: 4710400 | I32: O | J32: =H32/8000000 | K32: =8000000-H32
A33: 31 | B33: 도약 | C33: 540-93-02100 | D33: 청운유통 | E33: 네이버 | F33: 4527 | G33: 129056500 | H33: 4577170 | I33: O | J33: =H33/8000000 | K33: =8000000-H33
A34: 32 | B34: 성장 | C34: 116-81-80195 | D34: 유한회사 못골농업회사 | E34: 네이버 | F34: 167 | G34: 5636300 | H34: 531110 | I34: O | J34: =H34/8000000 | K34: =8000000-H34
A35: 33 | B35: 시작 | C35: 208-22-52837 | D35: 소유농장 | E35: 네이버 | F35: 31 | G35: 1695000 | H35: 121330 | I35: O | J35: =H35/8000000 | K35: =8000000-H35
A36: 34 | B36: 도약 | C36: 412-90-50529 | D36: 행운가족농원 | E36: 네이버 | F36: 0 | G36: 0 | H36: 0 | J36: =H36/8000000 | K36: =8000000-H36
A37: 35 | B37: 도약 | C37: 571-81-00383 | D37: 농부플러스 농업회사법인 주식회사 | E37: 지마켓 | F37: 1222 | G37: 36507100 | H37: 694580 | I37: O | J37: =H37/8000000 | K37: =8000000-H37
A38: 36 | B38: 도약 | C38: 715-87-02493 | D38: 농업회삽법인 라이플로우 주식회사 | E38: 롯데온 | F38: 76 | G38: 2312900 | H38: 434680 | I38: O | J38: =H38/8000000 | K38: =8000000-H38
A39: 37 | B39: 도약 | C39: 191-97-01154 | D39: 파머레시피 | E39: 롯데온 | F39: 265 | G39: 12912030 | H39: 1332970 | I39: O | J39: =H39/8000000 | K39: =8000000-H39
A40: 38 | B40: 성장 | C40: 792-88-00316 | D40: 농업회사법인(주)새나라 | E40: 네이버 | F40: 594 | G40: 19348530 | H40: 2220230 | I40: O | J40: =H40/8000000 | K40: =8000000-H40
A41: 39 | B41: 도약 | C41: 221-13-36518 | D41: 두루푸드 | E41: 네이버 | F41: 5188 | G41: 110084760 | H41: 4360080 | I41: O | J41: =H41/8000000 | K41: =8000000-H41
A42: 40 | B42: 시작 | C42: 280-87-01644 | D42: 디에스영농조합법인 | E42: 네이버 | F42: 0 | G42: 0 | H42: 0 | J42: =H42/8000000 | K42: =8000000-H42
A43: 41 | B43: 시작 | C43: 464-96-01832 | D43: 고센153 | E43: 네이버 | F43: 0 | G43: 0 | H43: 0 | J43: =H43/8000000 | K43: =8000000-H43
A44: 42 | B44: 도약 | C44: 511-81-14298 | D44: 영농조합법인상주곶감유통사업단 | E44: 롯데온 | F44: 6 | G44: 325600 | H44: 43860 | I44: O | J44: =H44/8000000 | K44: =8000000-H44
A45: 43 | B45: 도약 | C45: 519-33-01006 | D45: 온드리 목장 | E45: 네이버 | F45: 11140 | G45: 202817120 | H45: 4574960 | I45: O | J45: =H45/8000000 | K45: =8000000-H45
A46: 44 | B46: 도약 | C46: 832-86-02035 | D46: 주식회사 태범프레시 | E46: 롯데온 | F46: 80 | G46: 2962690 | H46: 466440 | I46: O | J46: =H46/8000000 | K46: =8000000-H46
A47: 45 | B47: 도약 | C47: 127-42-46728 | D47: 철원봉학미곡처리장 | E47: 지마켓 | F47: 316 | G47: 22260300 | H47: 1490640 | I47: O | J47: =H47/8000000 | K47: =8000000-H47
A48: 46 | B48: 도약 | C48: 159-96-00590 | D48: 바른농산물 | E48: 네이버 | F48: 0 | G48: 0 | H48: 0 | J48: =H48/8000000 | K48: =8000000-H48
A49: 47 | B49: 도약 | C49: 293-54-00624 | D49: 이화수본 | E49: 지마켓 | F49: 0 | G49: 0 | H49: 0 | J49: =H49/8000000 | K49: =8000000-H49
A50: 48 | B50: 도약 | C50: 416-81-59229 | D50: 농업회사법인(주)가남농원 | E50: 지마켓 | F50: 128 | G50: 4151700 | H50: 321380 | I50: O | J50: =H50/8000000 | K50: =8000000-H50
A51: 49 | B51: 도약 | C51: 874-81-00021 | D51: 농업회사법인주식회사논길 | E51: 지마켓 | F51: 0 | G51: 0 | H51: 0 | J51: =H51/8000000 | K51: =8000000-H51
A52: 50 | B52: 도약 | C52: 508-81-33305 | D52: 아침햇살영농조합법인 | E52: 지마켓 | F52: 463 | G52: 6918500 | H52: 199400 | I52: O | J52: =H52/8000000 | K52: =8000000-H52
A53: 51 | B53: 시작 | C53: 127-81-93991 | D53: 농업회사법인 철원미곡 주식회사 | E53: 온누리마켓 | F53: 641 | G53: 32150700 | H53: 5097728 | I53: O | J53: =H53/8000000 | K53: =8000000-H53
A54: 52 | B54: 시작 | C54: 511-81-25311 | D54: 농업회사법인 주식회사 담아 | E54: 온누리마켓 | F54: 434 | G54: 9625100 | H54: 1129304 | I54: O | J54: =H54/8000000 | K54: =8000000-H54
A55: 53 | B55: 도약 | C55: 717-86-01590 | D55: 농업회사법인 미스터돌 주식회사 | E55: 네이버 | F55: 0 | G55: 0 | H55: 0 | J55: =H55/8000000 | K55: =8000000-H55
A56: 54 | B56: 도약 | C56: 382-91-01817 | D56: 임마누엘농장 | E56: 지마켓 | F56: 24 | G56: 735600 | H56: 42210 | I56: O | J56: =H56/8000000 | K56: =8000000-H56
A57: 55 | B57: 도약 | C57: 132-82-07849 | D57: 아이비영농조합 | E57: 롯데온 | F57: 0 | G57: 0 | H57: 0 | J57: =H57/8000000 | K57: =8000000-H57
A58: 56 | B58: 도약 | C58: 765-95-00739 | D58: 알동네 | E58: 롯데온 | F58: 10 | G58: 477000 | H58: 90820 | I58: O | J58: =H58/8000000 | K58: =8000000-H58
A59: 57 | B59: 시작 | C59: 875-96-01444 | D59: 양림해오름농장 | E59: 농가살리기 | F59: 177 | G59: 1748834 | H59: 75100 | I59: O | J59: =H59/8000000 | K59: =8000000-H59
A60: 58 | B60: 시작 | C60: 664-81-03697 | D60: 농업회사법인주식회사파밍 | E60: 네이버 | F60: 10 | G60: 201000 | H60: 4200 | I60: O | J60: =H60/8000000 | K60: =8000000-H60
A61: 59 | B61: 도약 | C61: 623-96-01519 | D61: 초원꿀벌농장 | E61: 네이버 | F61: 0 | G61: 0 | H61: 0 | J61: =H61/8000000 | K61: =8000000-H61
A62: 60 | B62: 도약 | C62: 117-13-93791 | D62: 유혜광생돈까스 | E62: 롯데온 | F62: 936 | G62: 47358000 | H62: 5003480 | I62: O | J62: =H62/8000000 | K62: =8000000-H62
A63: 61 | B63: 도약 | C63: 454-04-02917 | D63: 안녕 삼촌농부 | E63: 네이버 | F63: 0 | G63: 0 | H63: 0 | J63: =H63/8000000 | K63: =8000000-H63
A64: 62 | B64: 시작 | C64: 256-98-01778 | D64: 기반 | E64: 지마켓 | F64: 0 | G64: 0 | H64: 0 | J64: =H64/8000000 | K64: =8000000-H64
A65: 63 | B65: 도약 | C65: 249-56-00257 | D65: 문경새재뻥마을 | E65: 네이버 | F65: 862 | G65: 20156300 | H65: 1826220 | I65: O | J65: =H65/8000000 | K65: =8000000-H65
A66: 64 | B66: 도약 | C66: 459-15-02771 | D66: 찬찬한상 | E66: 지마켓 | F66: 629 | G66: 8654300 | H66: 838840 | I66: O | J66: =H66/8000000 | K66: =8000000-H66
A67: 65 | B67: 도약 | C67: 139-05-68827 | D67: 어반그린 | E67: 롯데온 | F67: 19 | G67: 254600 | H67: 47820 | I67: O | J67: =H67/8000000 | K67: =8000000-H67
A68: 66 | B68: 성장 | C68: 557-86-02740 | D68: 농업회사법인 농촌연구소(주) | E68: 네이버 | F68: 0 | G68: 0 | H68: 0 | J68: =H68/8000000 | K68: =8000000-H68
A69: 67 | B69: 도약 | C69: 113-87-00743 | D69: 농업회사법인 머쉬그로(주) | E69: 지마켓 | F69: 58 | G69: 1101900 | H69: 85100 | I69: O | J69: =H69/8000000 | K69: =8000000-H69
A70: 68 | B70: 성장 | C70: 671-67-00557 | D70: 현풍떡갈비 | E70: 네이버 | F70: 74 | G70: 2562900 | H70: 237520 | I70: O | J70: =H70/8000000 | K70: =8000000-H70
A71: 69 | B71: 도약 | C71: 132-05-76796 | D71: 광이원 | E71: 롯데온 | F71: 0 | G71: 0 | H71: 0 | J71: =H71/8000000 | K71: =8000000-H71
A72: 70 | B72: 도약 | C72: 499-13-02310 | D72: 농사짓는마을 | E72: 네이버 | F72: 2254 | G72: 63211020 | H72: 4312140 | I72: O | J72: =H72/8000000 | K72: =8000000-H72
A73: 71 | B73: 성장 | C73: 440-81-03112 | D73: 까망 주식회사 | E73: 온누리마켓 | F73: 75 | G73: 1243000 | H73: 170600 | I73: O | J73: =H73/8000000 | K73: =8000000-H73
A74: 72 | B74: 도약 | C74: 593-86-01295 | D74: 주식회사 더락 | E74: 롯데온 | F74: 729 | G74: 37312000 | H74: 4967600 | I74: O | J74: =H74/8000000 | K74: =8000000-H74
A75: 73 | B75: 도약 | C75: 409-23-97341 | D75: 선김치 | E75: 롯데온 | F75: 796 | G75: 24063100 | H75: 4541120 | I75: O | J75: =H75/8000000 | K75: =8000000-H75
A76: 74 | B76: 도약 | C76: 372-94-01830 | D76: 제주점순이네 | E76: 네이버 | F76: 134 | G76: 4951000 | H76: 291780 | I76: O | J76: =H76/8000000 | K76: =8000000-H76
A77: 75 | B77: 도약 | C77: 460-88-01363 | D77: 농업회사법인 주식회사 마이티팜 | E77: 지마켓 | F77: 560 | G77: 8922400 | H77: 522940 | I77: O | J77: =H77/8000000 | K77: =8000000-H77
A78: 76 | B78: 도약 | C78: 126-82-11620 | D78: 여주시농협조합공동사업법인 | E78: 네이버 | F78: 10299 | G78: 485645800 | H78: 5085890 | I78: O | J78: =H78/8000000 | K78: =8000000-H78
A79: 77 | B79: 도약 | C79: 412-81-31307 | D79: 농업회사법인(주)운림가 | E79: 네이버 | F79: 23956 | G79: 633266800 | H79: 2698820 | I79: O | J79: =H79/8000000 | K79: =8000000-H79
A80: 78 | B80: 도약 | C80: 485-88-00795 | D80: 농업회사법인 주식회사 드림라이스 | E80: 롯데온 | F80: 723 | G80: 26083350 | H80: 5105280 | I80: O | J80: =H80/8000000 | K80: =8000000-H80
A81: 79 | B81: 도약 | C81: 382-88-01160 | D81: 영농조합법인 팔공김치 | E81: 지마켓 | F81: 929 | G81: 39533200 | H81: 1667520 | I81: O | J81: =H81/8000000 | K81: =8000000-H81
A82: 80 | B82: 도약 | C82: 209-87-01228 | D82: 농업회사법인 유한회사 해오름팜농장 | E82: 네이버 | F82: 414 | G82: 14786120 | H82: 1786630 | I82: O | J82: =H82/8000000 | K82: =8000000-H82
A83: 81 | B83: 도약 | C83: 131-86-09478 | D83: 맑은샘농업회사법인주식회사 | E83: 오아시스 | F83: 107861 | G83: 238995790 | H83: 861555 | I83: O | J83: =H83/8000000 | K83: =8000000-H83
A84: 82 | B84: 시작 | C84: 152-11-02907 | D84: 파주리치농산 | E84: 네이버 | F84: 0 | G84: 0 | H84: 0 | J84: =H84/8000000 | K84: =8000000-H84
A85: 83 | B85: 성장 | C85: 596-98-01526 | D85: 미에덴팜 | E85: 네이버 | F85: 81 | G85: 2399700 | H85: 51980 | I85: O | J85: =H85/8000000 | K85: =8000000-H85
A86: 84 | B86: 시작 | C86: 654-91-01691 | D86: 청실농원 | E86: 네이버 | F86: 45 | G86: 1916000 | H86: 295600 | I86: O | J86: =H86/8000000 | K86: =8000000-H86
A87: 85 | B87: 도약 | C87: 280-90-00306 | D87: 짱아찌네농장 | E87: 네이버 | F87: 545 | G87: 15225000 | H87: 1887640 | I87: O | J87: =H87/8000000 | K87: =8000000-H87
A88: 86 | B88: 시작 | C88: 531-92-00800 | D88: 상황조은농장 | E88: 네이버 | F88: 3 | G88: 240000 | H88: 18000 | I88: O | J88: =H88/8000000 | K88: =8000000-H88
A89: 87 | B89: 시작 | C89: 383-94-02028 | D89: 헬로우팜 | E89: 롯데온 | F89: 0 | G89: 0 | H89: 0 | J89: =H89/8000000 | K89: =8000000-H89
A90: 88 | B90: 성장 | C90: 586-91-01888 | D90: 현대농장 수퍼방토 | E90: 네이버 | F90: 308 | G90: 5523590 | H90: 602900 | I90: O | J90: =H90/8000000 | K90: =8000000-H90
A91: 89 | B91: 도약 | C91: 418-90-22360 | D91: 무주참벌꿀 | E91: 지마켓 | F91: 0 | G91: 0 | H91: 0 | J91: =H91/8000000 | K91: =8000000-H91
A92: 90 | B92: 도약 | C92: 613-81-60803 | D92: 다모아영농조합법인 | E92: 지마켓 | F92: 2151 | G92: 57973900 | H92: 4867560 | I92: O | J92: =H92/8000000 | K92: =8000000-H92
A93: 91 | B93: 도약 | C93: 511-09-26842 | D93: 해피메이킹 | E93: 네이버 | F93: 417 | G93: 42703650 | H93: 1627460 | I93: O | J93: =H93/8000000 | K93: =8000000-H93
A94: 92 | B94: 도약 | C94: 519-93-00689 | D94: 성주참외 보화농장 | E94: 네이버 | F94: 87 | G94: 2505010 | H94: 210620 | I94: O | J94: =H94/8000000 | K94: =8000000-H94
A95: 93 | B95: 시작 | C95: 701-93-02082 | D95: 로토정 | E95: 네이버 | F95: 777 | G95: 14367300 | H95: 394590 | I95: O | J95: =H95/8000000 | K95: =8000000-H95
A96: 94 | B96: 도약 | C96: 477-93-01384 | D96: 수촌농장 | E96: 지마켓 | F96: 3441 | G96: 60348400 | H96: 5728100 | I96: O | J96: =H96/8000000 | K96: =8000000-H96
A97: 95 | B97: 도약 | C97: 188-81-01220 | D97: 주식회사 지향 | E97: 롯데온 | F97: 91 | G97: 2694400 | H97: 371050 | I97: O | J97: =H97/8000000 | K97: =8000000-H97
A98: 96 | B98: 도약 | C98: 616-81-78184 | D98: (주)올찬 농업회사법인 | E98: 네이버 | F98: 0 | G98: 0 | H98: 0 | J98: =H98/8000000 | K98: =8000000-H98
A99: 97 | B99: 도약 | C99: 543-88-02648 | D99: (주)복숭아집밤비네 | E99: 네이버 | F99: 0 | G99: 0 | H99: 0 | J99: =H99/8000000 | K99: =8000000-H99
A100: 98 | B100: 시작 | C100: 447-92-02158 | D100: 애플온 | E100: 네이버 | F100: 298 | G100: 5666070 | H100: 282800 | I100: O | J100: =H100/8000000 | K100: =8000000-H100
...

Sheet ①농산물raw
A1: 2026 aT 농산물 온라인 마케터 업체 별 매출 보고
A2: 기간 : 07월 06일 ~ 08월 31일
A4: 합계 | F4: =SUM(F6:F2454) | G4: =SUM(G6:G2454) | H4: =SUM(H6:H2454)
A5: 유통사명 | B5: 품목분류 | C5: 사업자명 | D5: 사업자번호 | E5: 상품명 | F5: 판매 건수 | G5: 매출액 | H5: 판촉액
A6: 지마켓 | B6: 축산물 | C6: 주식회사 마들 | D6: 892-87-01864 | E6: 춘천 닭갈비 오리지널 1kg 국내산 닭다리살(닭다리살 함량 85%) | F6: 253 | G6: 5220720 | H6: 278100
A7: 지마켓 | B7: 농산물 | C7: 쌍둥이농장 | D7: 186-96-01664 | E7: 산지직송 하미과메론 양구메론 경북고령 고당도 그린하미과 골드하미과3kg 5kg | F7: 4 | G7: 187600 | H7: -
A8: 지마켓 | B8: 가공식품 | C8: 조양식품 | D8: 579-90-00021 | E8: (신선집중/15%+NH10%) 한상궁김치 겉절이 2kg / 출고당일생산 | F8: 21744 | G8: 287536270 | H8: 6140240
A9: 지마켓 | B9: 농산물 | C9: 농업회사법인머쉬그로(주) | D9: 113-87-00743 | E9: 최상등급품질 양송이버섯 1kg 2kg 산지직송 오후2시당일출고 무료배송 직접재배 산지직송 최대할인가 | F9: 26 | G9: 621000 | H9: 57600
A10: 지마켓 | B10: 농산물 | C10: 농업회사법인머쉬그로(주) | D10: 113-87-00743 | E10: 양송이 마이스터 재배 화이트 양송이버섯 못난이 꼬다마 구이용 피자용 매장사용 소포장 스프용 1kg 2kg | F10: 32 | G10: 480900 | H10: 27500
A11: 지마켓 | B11: 축산물 | C11: 두원식품(주) | D11: 606-81-52718 | E11: (신선집중) 국내산 한돈 프리미엄 대패 삼겹살 1.2kg | F11: 2382 | G11: 55053800 | H11: 4893300
A12: 지마켓 | B12: 축산물 | C12: 두원식품(주) | D12: 606-81-52718 | E12: 국내산 한돈 칼집 고추장 삼겹살 300g + 300g | F12: 3 | G12: 44700 | H12: -
A13: 지마켓 | B13: 축산물 | C13: 두원식품(주) | D13: 606-81-52718 | E13: (신선집중) 국내산 한돈 한입 옛날 삼겹살 400g + 400g | F13: 100 | G13: 1718300 | H13: 134180
A14: 지마켓 | B14: 축산물 | C14: 두원식품(주) | D14: 606-81-52718 | E14: haccp인증 국내산 한돈 간장 LA돼지갈비 300g+300g | F14: 10 | G14: 137000 | H14: 8940
A15: 지마켓 | B15: 축산물 | C15: 두원식품(주) | D15: 606-81-52718 | E15: 국내산 한돈 프리미엄 대패 삼겹살 400g + 400g | F15: 9 | G15: 162100 | H15: 7560
A16: 지마켓 | B16: 축산물 | C16: 두원식품(주) | D16: 606-81-52718 | E16: haccp인증 국내산 한돈 고추장 주물럭 300g x6팩(총 1.8kg) | F16: 2 | G16: 65000 | H16: 6500
A17: 지마켓 | B17: 축산물 | C17: 두원식품(주) | D17: 606-81-52718 | E17: 국내산 한돈 고추장 주물럭 300g + 300g 제육볶음 | F17: 11 | G17: 157900 | H17: 11920
A18: 지마켓 | B18: 농산물 | C18: 농업회사법인주식회사 말린 | D18: 324-88-02106 | E18: 해를품은 국산 꿀고구마 말랭이 60g 20봉 페이스트 고구마말랭이 | F18: - | G18: - | H18: -
A19: 지마켓 | B19: 농산물 | C19: 농업회사법인주식회사 말린 | D19: 324-88-02106 | E19: (신선집중) 해를품은 고구마스틱 고구마말랭이 20g x 30개 꿀고구마 그대로 | F19: - | G19: - | H19: -
A20: 지마켓 | B20: 농산물 | C20: 농업회사법인주식회사 말린 | D20: 324-88-02106 | E20: (신선집중) 해를품은 고구마스틱 고구마말랭이 20g x 20개 꿀고구마 그대로 | F20: - | G20: - | H20: -
A21: 지마켓 | B21: 축산물 | C21: 다모아영농조합법인 | D21: 613-81-60803 | E21: 무항생제 싱싱한 계란 특란 60구 (30구 x 2판) 생계란 | F21: 2123 | G21: 57108700 | H21: 4802120
A22: 지마켓 | B22: 농산물 | C22: 다모아영농조합법인 | D22: 613-81-60803 | E22: 농협 공동선별 햇 남해 통마늘 3kg(상) 실중량 지리적표시품 | F22: 19 | G22: 701100 | H22: 51660
A23: 지마켓 | B23: 농산물 | C23: 다모아영농조합법인 | D23: 613-81-60803 | E23: 창녕 찰토마토 5kg(S-M) 창녕농협 품질보장 | F23: - | G23: - | H23: -
A24: 지마켓 | B24: 농산물 | C24: 다모아영농조합법인 | D24: 613-81-60803 | E24: 산지발송 해남 꿀고구마 3kg 특상(120g~300g) 해남 산지발송 | F24: 6 | G24: 107400 | H24: 10000
A25: 지마켓 | B25: 농산물 | C25: 다모아영농조합법인 | D25: 613-81-60803 | E25: 국내산 안동 산마 3kg 가정용(혼합) 실중량 | F25: 3 | G25: 56700 | H25: 3780
A26: 지마켓 | B26: 농산물 | C26: 다모아영농조합법인 | D26: 613-81-60803 | E26: 진주 파프리카 산지직송 파프리카 3kg 실속형 (실중량) | F26: - | G26: - | H26: -
A27: 지마켓 | B27: 농산물 | C27: 청정태안식품 | D27: 316-01-24597 | E27: (마싯구마)군고구마 말랭이 75g | F27: - | G27: - | H27: -
A28: 지마켓 | B28: 농산물 | C28: 청정태안식품 | D28: 316-01-24597 | E28: (선물용)군고구마말랭이 75g8봉지 | F28: - | G28: - | H28: -
A29: 지마켓 | B29: 농산물 | C29: 청정태안식품 | D29: 316-01-24597 | E29: (선물용)군고구마말랭이 75g10봉지 | F29: - | G29: - | H29: -
A30: 지마켓 | B30: 농산물 | C30: 청정태안식품 | D30: 316-01-24597 | E30: 마싯구마 아이스 군고구마 1kg(한입형/4~8봉지) | F30: - | G30: - | H30: -
A31: 지마켓 | B31: 농산물 | C31: 청정태안식품 | D31: 316-01-24597 | E31: 마싯구마 아이스 군고구마 1kg(혼합형/4~8봉지) | F31: - | G31: - | H31: -
A32: 지마켓 | B32: 농산물 | C32: 청정태안식품 | D32: 316-01-24597 | E32: 마싯구마 아이스 군고구마 1kg(정량형/6-8봉지) | F32: - | G32: - | H32: -
A33: 지마켓 | B33: 농산물 | C33: 청정태안식품 | D33: 316-01-24597 | E33: 마싯구마 아이스 군고구마 낱팩골라담기 | F33: - | G33: - | H33: -
A34: 지마켓 | B34: 농산물 | C34: 청정태안식품 | D34: 316-01-24597 | E34: 마싯구마 누드한입군고구마 1봉지 | F34: - | G34: - | H34: -
A35: 지마켓 | B35: 가공식품 | C35: 청정태안식품 | D35: 316-01-24597 | E35: 김명월 검정콩 청국장가루 1kg(500g2통) | F35: 6 | G35: 222000 | H35: 22200
A36: 지마켓 | B36: 가공식품 | C36: 청정태안식품 | D36: 316-01-24597 | E36: 김명월 검정콩 청국장가루 1kg(500g2통) | F36: 7 | G36: 259000 | H36: 22200
A37: 지마켓 | B37: 가공식품 | C37: 청정태안식품 | D37: 316-01-24597 | E37: 김명월 흰콩 청국장가루 1kg(500g2통) | F37: 4 | G37: 120000 | H37: 12000
A38: 지마켓 | B38: 가공식품 | C38: 청정태안식품 | D38: 316-01-24597 | E38: 김명월 청국장가루 SET(흰콩 500g+검정콩 500g) | F38: 6 | G38: 192000 | H38: 19200
A39: 지마켓 | B39: 가공식품 | C39: (주)우영채널 | D39: 114-86-65039 | E39: (신선집중) 사대부 포기김치 10kg (국내산 100% 원재료 한국소비자만족브랜드 대상) | F39: 34 | G39: 1469400 | H39: 16680
A40: 지마켓 | B40: 농산물 | C40: 주식회사 율림에프앤비 농업회사법인 | D40: 613-81-38510 | E40: 국내산 밤 100% 알토리 맛밤 50g10봉 햇밤 찐밤 무첨가 간식 100% 무첨가 건강 간식 | F40: 2197 | G40: 50970400 | H40: 4673920
A41: 지마켓 | B41: 농산물 | C41: 농업회사법인 (주) 살레농수산 | D41: 477-86-03031 | E41: 백진주 쌀 4kg /25년산 햅쌀/오늘출발 | F41: 22 | G41: 444400 | H41: -
A42: 지마켓 | B42: 농산물 | C42: 농업회사법인 (주) 살레농수산 | D42: 477-86-03031 | E42: 백진주 쌀 10kg /25년산 햅쌀/오늘출발 | F42: 1505 | G42: 63783500 | H42: 4836400
A43: 지마켓 | B43: 농산물 | C43: 농업회사법인 (주) 살레농수산 | D43: 477-86-03031 | E43: 백진주 쌀 20kg /25년산 햅쌀/오늘출발 | F43: 8 | G43: 644000 | H43: -
A44: 지마켓 | B44: 농산물 | C44: 농업회사법인 (주) 살레농수산 | D44: 477-86-03031 | E44: 김포금쌀 하이아미 2kg 특등급 키 크는 기능성 쌀 /25년산 햅쌀/오늘출발 | F44: 1 | G44: 12900 | H44: -
A45: 지마켓 | B45: 농산물 | C45: 농업회사법인 (주) 살레농수산 | D45: 477-86-03031 | E45: 김포금쌀 하이아미 5kg 특등급 키 크는 기능성 쌀 /25년산 햅쌀/오늘출발 | F45: 8 | G45: 196400 | H45: -
A46: 지마켓 | B46: 농산물 | C46: 농업회사법인 (주) 살레농수산 | D46: 477-86-03031 | E46: 김포금쌀 하이아미 10kg 특등급 키 크는 기능성 쌀 /25년산 햅쌀/오늘출발 | F46: 42 | G46: 1835600 | H46: -
A47: 지마켓 | B47: 농산물 | C47: 농업회사법인 (주) 살레농수산 | D47: 477-86-03031 | E47: 김포금쌀 하이아미 20kg 특등급 키 크는 기능성 쌀 /25년산 햅쌀/오늘출발 | F47: 8 | G47: 676000 | H47: -
A48: 지마켓 | B48: 농산물 | C48: 농업회사법인 (주) 살레농수산 | D48: 477-86-03031 | E48: 고시히카리 쌀 4kg /25년 햅쌀/오늘출발 | F48: 40 | G48: 869000 | H48: -
A49: 지마켓 | B49: 농산물 | C49: 농업회사법인 (주) 살레농수산 | D49: 477-86-03031 | E49: 고시히카리 쌀 10kg /25년 햅쌀/오늘출발 | F49: 18 | G49: 823200 | H49: -
A50: 지마켓 | B50: 농산물 | C50: 농업회사법인 (주) 살레농수산 | D50: 477-86-03031 | E50: 고시히카리 쌀 20kg /25년 햅쌀/오늘출발 | F50: 2 | G50: 174000 | H50: -
A51: 지마켓 | B51: 가공식품 | C51: 영농조합법인 팔공김치 | D51: 382-88-01160 | E51: 팔공산 명품김치 10kg | F51: 549 | G51: 28520800 | H51: 1570000
A52: 지마켓 | B52: 가공식품 | C52: 영농조합법인 팔공김치 | D52: 382-88-01160 | E52: 팔공산 명품김치 5kg | F52: 146 | G52: 4569000 | H52: 6400
A53: 지마켓 | B53: 가공식품 | C53: 영농조합법인 팔공김치 | D53: 382-88-01160 | E53: 팔공산 명품김치 3kg | F53: 27 | G53: 653400 | H53: 9680
A54: 지마켓 | B54: 가공식품 | C54: 영농조합법인 팔공김치 | D54: 382-88-01160 | E54: 팔공 명품맛김치 10kg (한입김치) | F54: 52 | G54: 2272600 | H54: 25740
A55: 지마켓 | B55: 가공식품 | C55: 영농조합법인 팔공김치 | D55: 382-88-01160 | E55: 팔공 명품맛김치 5kg (한입김치) | F55: 129 | G55: 3008700 | H55: 47300
A56: 지마켓 | B56: 가공식품 | C56: 영농조합법인 팔공김치 | D56: 382-88-01160 | E56: 명품 맛김치 3kg | F56: 23 | G56: 420700 | H56: 8400
A57: 지마켓 | B57: 가공식품 | C57: 영농조합법인 팔공김치 | D57: 382-88-01160 | E57: 팔공산 명품 불김치 10kg | F57: - | G57: - | H57: -
A58: 지마켓 | B58: 가공식품 | C58: 영농조합법인 팔공김치 | D58: 382-88-01160 | E58: 팔공산 명품 불김치 5kg | F58: 1 | G58: 35200 | H58: -
A59: 지마켓 | B59: 가공식품 | C59: 영농조합법인 팔공김치 | D59: 382-88-01160 | E59: 팔공산 명품 불김치 3kg | F59: 2 | G59: 52800 | H59: -
A60: 지마켓 | B60: 농산물 | C60: 당진시농협쌀조합공동사업법인 | D60: 733-81-01525 | E60: 출고당일도정 || 당진로얄삼광 특등급 쌀20kg 1개 2025년산 햅쌀 (서해대통 당진해나루) | F60: - | G60: - | H60: -
A61: 지마켓 | B61: 농산물 | C61: 당진시농협쌀조합공동사업법인 | D61: 733-81-01525 | E61: 출고당일도정 || 당진로얄삼광쌀 특등급 쌀20kg (10kg 2개) 2025년산 햅쌀 (서해대통 당진해나루) | F61: 19 | G61: 1420900 | H61: -
A62: 지마켓 | B62: 농산물 | C62: 당진시농협쌀조합공동사업법인 | D62: 733-81-01525 | E62: 출고당일도정 해풍맞고자란 당진해나루쌀 삼광미특등급 쌀20kg 2025년산 햅쌀 (당진시농협쌀조합) | F62: 61 | G62: 4613900 | H62: 30000
A63: 지마켓 | B63: 농산물 | C63: 당진시농협쌀조합공동사업법인 | D63: 733-81-01525 | E63: 출고당일도정 해풍맞고자란 당진해나루쌀 삼광미특등급 쌀10kg 2025년산 햅쌀 (당진시농협쌀조합) | F63: 1103 | G63: 43956000 | H63: 3074000
A64: 지마켓 | B64: 농산물 | C64: 당진시농협쌀조합공동사업법인 | D64: 733-81-01525 | E64: 출고당일도정 당진해나루 당찬진미 특등급 쌀10kg 2025년산 햅쌀 (당진시농협쌀조합) | F64: 16 | G64: 633000 | H64: 23820
A65: 지마켓 | B65: 농산물 | C65: 당진시농협쌀조합공동사업법인 | D65: 733-81-01525 | E65: 출고당일도정 당진해나루 당찬진미 특등급 쌀10kg 2개 2025년산 햅쌀 (당진시농협쌀조합) | F65: 3 | G65: 223800 | H65: -
A66: 지마켓 | B66: 농산물 | C66: 당진시농협쌀조합공동사업법인 | D66: 733-81-01525 | E66: 당진해나루쌀 10kg x 2개 출고당일도정 삼광미특등급 2025년산 해풍맞고자란 햅쌀 | F66: 394 | G66: 29981000 | H66: 1590000
A67: 지마켓 | B67: 농산물 | C67: 당진시농협쌀조합공동사업법인 | D67: 733-81-01525 | E67: 출고당일도정 || 청풍명월 당진쌀 상등급 20kg 1개 ( 2025년산 햅쌀 서해대통 당진해나루) | F67: 6 | G67: 415000 | H67: -
A68: 지마켓 | B68: 농산물 | C68: 당진시농협쌀조합공동사업법인 | D68: 733-81-01525 | E68: 출고당일도정 || 청풍명월 당진쌀 상등급 20kg (10kg 2개) (2025년산 햅쌀 서해대통 당진해나루) | F68: 13 | G68: 892200 | H68: -
A69: 지마켓 | B69: 농산물 | C69: 당진시농협쌀조합공동사업법인 | D69: 733-81-01525 | E69: 출고당일도정 || 청풍명월 당진쌀 상등급 10kg 1개 ( 2025년산 햅쌀 서해대통 당진해나루) | F69: 45 | G69: 1663000 | H69: 148000
A70: 지마켓 | B70: 농산물 | C70: 당진시농협쌀조합공동사업법인 | D70: 733-81-01525 | E70: (서해대통) 당진해나루 현미 10kg (5kg 2개) 2025년 햅쌀 / 출고당일도정 | F70: - | G70: - | H70: -
A71: 지마켓 | B71: 농산물 | C71: 당진시농협쌀조합공동사업법인 | D71: 733-81-01525 | E71: 서해대통 당진쌀 당진 친들미 20kg 25년산 (출고당일도정) | F71: 20 | G71: 1420000 | H71: 90000
A72: 지마켓 | B72: 농산물 | C72: 당진시농협쌀조합공동사업법인 | D72: 733-81-01525 | E72: 맛이슈 당진쌀 20kg 2025년 햅쌀 (당진해나루 / 출고당일도정) | F72: 9 | G72: 619200 | H72: 10000
A73: 지마켓 | B73: 농산물 | C73: 철원봉학미곡처리장 | D73: 127-42-46728 | E73: (산지직송) 철원오대쌀 20kg (100% 오대미 상등급) (10kg 2개) 출고당일도정 2025년산 햅쌀 | F73: 10 | G73: 885000 | H73: 30000
A74: 지마켓 | B74: 농산물 | C74: 철원봉학미곡처리장 | D74: 127-42-46728 | E74: (산지직송) 철원오대쌀 4kg (100% 오대미 상등급) 출고당일도정 2025년산 햅쌀 | F74: - | G74: - | H74: -
A75: 지마켓 | B75: 농산물 | C75: 철원봉학미곡처리장 | D75: 127-42-46728 | E75: ( 출고당일도정 ) 철원오대쌀 10kg 1개 골드 2025년산 햅쌀 | F75: 7 | G75: 320200 | H75: 18080
A76: 지마켓 | B76: 농산물 | C76: 철원봉학미곡처리장 | D76: 127-42-46728 | E76: ( 출고당일도정 ) 철원오대쌀 10kg 2개 골드 2025년산 햅쌀 | F76: - | G76: - | H76: -
A77: 지마켓 | B77: 농산물 | C77: 철원봉학미곡처리장 | D77: 127-42-46728 | E77: 철원향미 찹쌀 4kg (철원오대쌀이 자라는 철원평야) 출고당일도정 2025년산 햅쌀 | F77: - | G77: - | H77: -
A78: 지마켓 | B78: 농산물 | C78: 철원봉학미곡처리장 | D78: 127-42-46728 | E78: 찹쌀 철원향미 10kg (철원오대쌀이 자라는 철원평야) 출고당일도정 2025년산 햅쌀 | F78: 4 | G78: 219900 | H78: -
A79: 지마켓 | B79: 농산물 | C79: 철원봉학미곡처리장 | D79: 127-42-46728 | E79: ( 출고당일도정 ) 철원오대쌀골드 10kg 2개 상등급 2025년산 햅쌀 | F79: - | G79: - | H79: -
A80: 지마켓 | B80: 농산물 | C80: 철원봉학미곡처리장 | D80: 127-42-46728 | E80: 두루미쌀 10kg 상등급 2025년산 (출고당일도정) | F80: 7 | G80: 263200 | H80: 22560
A81: 지마켓 | B81: 농산물 | C81: 철원봉학미곡처리장 | D81: 127-42-46728 | E81: 두루미쌀 20kg(10kg 2개) 상등급 2025년산 (출고당일도정) | F81: 288 | G81: 20572000 | H81: 1420000
A82: 지마켓 | B82: 농산물 | C82: 옥과농원 | D82: 408-91-76416 | E82: 곡성 친환경 참송이버섯 500g (농장직송) | F82: 2032 | G82: 36648720 | H82: 3377180
A83: 지마켓 | B83: 농산물 | C83: 옥과농원 | D83: 408-91-76416 | E83: 곡성 친환경 참송이버섯 500g (농장직송) | F83: 21 | G83: 393040 | H83: 10060
A84: 지마켓 | B84: 농산물 | C84: 옥과농원 | D84: 408-91-76416 | E84: 곡성 친환경 참송이버섯 선물용 / 선물세트 (고급이끼포장) | F84: - | G84: - | H84: -
A85: 지마켓 | B85: 농산물 | C85: 형지표고버섯 | D85: 290-94-00335 | E85: (20%+7%) 국산 참나무 표고버섯 원목 표고 슬라이스 200g | F85: 130 | G85: 2256800 | H85: 152680
A86: 지마켓 | B86: 가공식품 | C86: 형지표고버섯 | D86: 290-94-00335 | E86: 참나무 원목 표고버섯 가루 300g 천연조미료 | F86: 19 | G86: 452200 | H86: 38080
A87: 지마켓 | B87: 가공식품 | C87: 형지표고버섯 | D87: 290-94-00335 | E87: 국산 참나무 천연조미료 표고버섯가루 140g | F87: 2 | G87: 31600 | H87: 3160
A88: 지마켓 | B88: 농산물 | C88: 형지표고버섯 | D88: 290-94-00335 | E88: 참나무 건표고버섯 다용도 국물육수용 요리용 500g | F88: 26 | G88: 829660 | H88: 63800
A89: 지마켓 | B89: 농산물 | C89: 형지표고버섯 | D89: 290-94-00335 | E89: 국산 참나무 건표고버섯 표고사각(칩) 150g | F89: - | G89: - | H89: -
A90: 지마켓 | B90: 농산물 | C90: 형지표고버섯 | D90: 290-94-00335 | E90: 국내산 상황버섯 150g | F90: 30 | G90: 954300 | H90: 48160
A91: 지마켓 | B91: 농산물 | C91: 형지표고버섯 | D91: 290-94-00335 | E91: 국산 장수 상황버섯 슬라이스 100g | F91: 19 | G91: 566200 | H91: 43840
A92: 지마켓 | B92: 농산물 | C92: 형지표고버섯 | D92: 290-94-00335 | E92: 국산 장수 상황버섯 칩 50g | F92: 18 | G92: 333000 | H92: 29600
A93: 지마켓 | B93: 농산물 | C93: 형지표고버섯 | D93: 290-94-00335 | E93: 국내산 영지버섯 절편 슬라이스 500g | F93: 21 | G93: 919800 | H93: 61320
A94: 지마켓 | B94: 농산물 | C94: 형지표고버섯 | D94: 290-94-00335 | E94: 국산 영지버섯 절편 슬라이스 200g | F94: 10 | G94: 239000 | H94: 23900
A95: 지마켓 | B95: 농산물 | C95: 형지표고버섯 | D95: 290-94-00335 | E95: 국내산 간편한 영지버섯 사각 조각(칩) 100g | F95: 12 | G95: 185040 | H95: 12320
A96: 지마켓 | B96: 농산물 | C96: 형지표고버섯 | D96: 290-94-00335 | E96: 형지표고버섯 백화고 명품 1호 표고버섯 선물세트 | F96: - | G96: - | H96: -
A97: 지마켓 | B97: 농산물 | C97: 형지표고버섯 | D97: 290-94-00335 | E97: 형지표고버섯 표고 영지버섯 간편 표고버섯 선물세트 | F97: - | G97: - | H97: -
A98: 지마켓 | B98: 농산물 | C98: 형지표고버섯 | D98: 290-94-00335 | E98: 형지표고버섯 동고 혼합 2호 표고버섯 선물세트 | F98: - | G98: - | H98: -
A99: 지마켓 | B99: 농산물 | C99: 형지표고버섯 | D99: 290-94-00335 | E99: 형지표고버섯 상황버섯 백화고 명품5호 버섯 선물세트 | F99: - | G99: - | H99: -
A100: 지마켓 | B100: 농산물 | C100: 형지표고버섯 | D100: 290-94-00335 | E100: 국산 참나무 동고 영지버섯 혼합1호 버섯 선물세트 | F100: - | G100: - | H100: -
A101: 지마켓 | B101: 농산물 | C101: 형지표고버섯 | D101: 290-94-00335 | E101: 형지표고버섯 표고 영지 상황버섯 4종1호 버섯 선물세트 | F101: - | G101: - | H101: -
...

Sheet 유기농업체
F1: 280907 | G1: 1453132570 | H1: 44341569 | I1: 35
A2: NO | B2: 구분 | C2: 사업자등록번호 | D2: 업체명 | E2: 배정유통사 | F2: 판매건수 | G2: 매출액 | H2: 판촉액(쿠폰) | I2: 8월 실제 인입 | J2: 쿠폰소진율(800만) | K2: 잔여한도액
A3: 1 | B3: 도약 | C3: 218-86-00721 | D3: 주식회사 아인스 | E3: 오아시스 | F3: 27317 | G3: 172019750 | H3: 2012484 | I3: O | J3: =H3/8000000 | K3: =8000000-H3
A4: 2 | B4: 도약 | C4: 225-90-26954 | D4: 풀무리농장 | E4: 네이버 | F4: 423 | G4: 15579700 | H4: 1852660 | I4: O | J4: =H4/8000000 | K4: =8000000-H4
A5: 3 | B5: 시작 | C5: 326-37-00548 | D5: 파미농원 | E5: 오아시스 | F5: 1 | G5: 14400 | H5: 2880 | I5: O | J5: =H5/8000000 | K5: =8000000-H5
A6: 4 | B6: 시작 | C6: 497-41-01341 | D6: 국가대표상황버섯 | E6: 오아시스 | F6: 0 | G6: 0 | H6: 0 | J6: =H6/8000000 | K6: =8000000-H6
A7: 5 | B7: 성장 | C7: 312-27-45552 | D7: 바우뜨락 | E7: 오아시스 | F7: 44 | G7: 1787000 | H7: 155200 | I7: O | J7: =H7/8000000 | K7: =8000000-H7
A8: 6 | B8: 도약 | C8: 201-86-47960 | D8: 다온365농업회사법인(주) | E8: 오아시스 | F8: 0 | G8: 0 | H8: 0 | J8: =H8/8000000 | K8: =8000000-H8
A9: 7 | B9: 도약 | C9: 410-86-90042 | D9: 아름답게그린배영농조합법인 | E9: 네이버 | F9: 40 | G9: 1322500 | H9: 207680 | I9: O | J9: =H9/8000000 | K9: =8000000-H9
A10: 8 | B10: 시작 | C10: 512-13-21395 | D10: 현재농원 | E10: 네이버 | F10: 8 | G10: 168650 | H10: 24730 | I10: O | J10: =H10/8000000 | K10: =8000000-H10
A11: 9 | B11: 도약 | C11: 745-96-00315 | D11: 해담는집 | E11: 오아시스 | F11: 68 | G11: 1101800 | H11: 115480 | I11: O | J11: =H11/8000000 | K11: =8000000-H11
A12: 10 | B12: 도약 | C12: 386-96-00703 | D12: 여화원 | E12: 네이버 | F12: 287 | G12: 9430500 | H12: 1015420 | I12: O | J12: =H12/8000000 | K12: =8000000-H12
A13: 11 | B13: 도약 | C13: 409-86-48791 | D13: 주식회사 유기농샵에프앤비 | E13: 오아시스 | F13: 0 | G13: 0 | H13: 0 | J13: =H13/8000000 | K13: =8000000-H13
A14: 12 | B14: 도약 | C14: 556-72-00266 | D14: 제주오가닉스 | E14: 오아시스 | F14: 0 | G14: 0 | H14: 0 | J14: =H14/8000000 | K14: =8000000-H14
A15: 13 | B15: 도약 | C15: 592-08-01799 | D15: 삼둥이농장 | E15: 오아시스 | F15: 0 | G15: 0 | H15: 0 | J15: =H15/8000000 | K15: =8000000-H15
A16: 14 | B16: 도약 | C16: 680-87-00224 | D16: 다원팜농업회사법인유한회사 | E16: 오아시스 | F16: 21696 | G16: 45354130 | H16: 2157497 | I16: O | J16: =H16/8000000 | K16: =8000000-H16
A17: 15 | B17: 도약 | C17: 402-81-54069 | D17: 참식품주식회사 | E17: 네이버 | F17: 547 | G17: 14845800 | H17: 1669930 | I17: O | J17: =H17/8000000 | K17: =8000000-H17
A18: 16 | B18: 시작 | C18: 252-86-02831 | D18: 농업회사법인주식회사한내담 | E18: 오아시스 | F18: 0 | G18: 0 | H18: 0 | J18: =H18/8000000 | K18: =8000000-H18
A19: 17 | B19: 성장 | C19: 566-81-02884 | D19: 농업회사법인 주식회사 여주능서농원 | E19: 네이버 | F19: 258 | G19: 5728190 | H19: 669670 | I19: O | J19: =H19/8000000 | K19: =8000000-H19
A20: 18 | B20: 도약 | C20: 580-88-02822 | D20: 농업회사법인 나무컴퍼니 주식회사 | E20: 네이버 | F20: 4513 | G20: 81437410 | H20: 4726320 | I20: O | J20: =H20/8000000 | K20: =8000000-H20
A21: 19 | B21: 시작 | C21: 815-15-01628 | D21: 뭇별농장 | E21: 네이버 | F21: 0 | G21: 0 | H21: 0 | J21: =H21/8000000 | K21: =8000000-H21
A22: 20 | B22: 도약 | C22: 502-81-55602 | D22: 농업법인회사 (주)초록원 | E22: 오아시스 | F22: 4106 | G22: 44964220 | H22: 1981384 | I22: O | J22: =H22/8000000 | K22: =8000000-H22
A23: 21 | B23: 도약 | C23: 654-88-01503 | D23: (주)밀알케이 | E23: 오아시스 | F23: 1567 | G23: 7314600 | H23: 353700 | I23: O | J23: =H23/8000000 | K23: =8000000-H23
A24: 22 | B24: 도약 | C24: 774-11-01498 | D24: 경성표고버섯농장 | E24: 네이버 | F24: 283 | G24: 5837350 | H24: 609310 | I24: O | J24: =H24/8000000 | K24: =8000000-H24
A25: 23 | B25: 도약 | C25: 416-81-44143 | D25: 도울 F&B | E25: 오아시스 | F25: 3243 | G25: 7528400 | H25: 612556 | I25: O | J25: =H25/8000000 | K25: =8000000-H25
A26: 24 | B26: 도약 | C26: 754-88-00876 | D26: 베리네이처 | E26: 오아시스 | F26: 14326 | G26: 41928380 | H26: 2130483 | I26: O | J26: =H26/8000000 | K26: =8000000-H26
A27: 25 | B27: 도약 | C27: 507-81-09103 | D27: 나래친환경영농조합법인 | E27: 네이버 | F27: 82 | G27: 4760000 | H27: 720000 | I27: O | J27: =H27/8000000 | K27: =8000000-H27
A28: 26 | B28: 시작 | C28: 190-97-01151 | D28: 지구별농장 | E28: 네이버 | F28: 0 | G28: 0 | H28: 0 | J28: =H28/8000000 | K28: =8000000-H28
A29: 27 | B29: 성장 | C29: 706-01-03422 | D29: 아침농부 | E29: 네이버 | F29: 520 | G29: 13123000 | H29: 1043580 | I29: O | J29: =H29/8000000 | K29: =8000000-H29
A30: 28 | B30: 도약 | C30: 761-46-00855 | D30: 코스모스길 옆 상황버 | E30: 네이버 | F30: 0 | G30: 0 | H30: 0 | J30: =H30/8000000 | K30: =8000000-H30
A31: 29 | B31: 성장 | C31: 522-17-00696 | D31: 엿공장 | E31: 오아시스 | F31: 13 | G31: 249500 | H31: 36600 | I31: O | J31: =H31/8000000 | K31: =8000000-H31
A32: 30 | B32: 도약 | C32: 685-88-00527 | D32: 농업회사법인주식회사다고 | E32: 오아시스 | F32: 37 | G32: 555000 | H32: 103000 | I32: O | J32: =H32/8000000 | K32: =8000000-H32
A33: 31 | B33: 도약 | C33: 132-81-55005 | D33: 농업회사법인 하늘농가(주) | E33: 오아시스 | F33: 0 | G33: 0 | H33: 0 | J33: =H33/8000000 | K33: =8000000-H33
A34: 32 | B34: 도약 | C34: 515-81-53707 | D34: 농업회사법인 닥터애그 주식회사 | E34: 오아시스 | F34: 162090 | G34: 121036230 | H34: 2211447 | I34: O | J34: =H34/8000000 | K34: =8000000-H34
A35: 33 | B35: 성장 | C35: 220-88-07925 | D35: 농업회사법인 주식회사 떡찌니 | E35: 네이버 | F35: 0 | G35: 0 | H35: 0 | J35: =H35/8000000 | K35: =8000000-H35
A36: 34 | B36: 도약 | C36: 311-81-44794 | D36: 농업회사법인내포(주) | E36: 오아시스 | F36: 8 | G36: 218000 | H36: 43600 | I36: O | J36: =H36/8000000 | K36: =8000000-H36
A37: 35 | B37: 성장 | C37: 848-99-01346 | D37: 옥수농원 | E37: 네이버 | F37: 0 | G37: 0 | H37: 0 | J37: =H37/8000000 | K37: =8000000-H37
A38: 36 | B38: 성장 | C38: 829-88-01091 | D38: 스퀘어팜 농업회사법인주식회사 | E38: 오아시스 | F38: 0 | G38: 0 | H38: 0 | J38: =H38/8000000 | K38: =8000000-H38
A39: 37 | B39: 도약 | C39: 126-18-96934 | D39: 굿그레인즈 | E39: 오아시스 | F39: 26055 | G39: 681718500 | H39: 2748795 | I39: O | J39: =H39/8000000 | K39: =8000000-H39
A40: 38 | B40: 시작 | C40: 109-36-80203 | D40: 내추럴참푸드 | E40: 오아시스 | F40: 544 | G40: 13688860 | H40: 1457959 | I40: O | J40: =H40/8000000 | K40: =8000000-H40
A41: 39 | B41: 성장 | C41: 348-87-01289 | D41: 농업회사법인하누리영이(주) | E41: 네이버 | F41: 174 | G41: 4674000 | H41: 575800 | I41: O | J41: =H41/8000000 | K41: =8000000-H41
A42: 40 | B42: 도약 | C42: 393-86-02715 | D42: 봉이땅엔농업회사법인주식회사 | E42: 오아시스 | F42: 0 | G42: 0 | H42: 0 | J42: =H42/8000000 | K42: =8000000-H42
A43: 41 | B43: 도약 | C43: 106-93-03082 | D43: 땅끝사랑농원 | E43: 네이버 | F43: 2047 | G43: 63191000 | H43: 7617120 | I43: O | J43: =H43/8000000 | K43: =8000000-H43
A44: 42 | B44: 도약 | C44: 550-88-01948 | D44: 농업회사법인 올담농원(주) | E44: 네이버 | F44: 59 | G44: 2502300 | H44: 253260 | I44: O | J44: =H44/8000000 | K44: =8000000-H44
A45: 43 | B45: 시작 | C45: 610-95-45023 | D45: 볕든날 | E45: 네이버 | F45: 0 | G45: 0 | H45: 0 | J45: =H45/8000000 | K45: =8000000-H45
A46: 44 | B46: 성장 | C46: 790-86-01687 | D46: 농업회사법인불원주식회사 | E46: 오아시스 | F46: 0 | G46: 0 | H46: 0 | J46: =H46/8000000 | K46: =8000000-H46
A47: 45 | B47: 도약 | C47: 142-08-14196 | D47: 푸르메다 | E47: 오아시스 | F47: 2172 | G47: 16996050 | H47: 1827293 | I47: O | J47: =H47/8000000 | K47: =8000000-H47
A48: 46 | B48: 도약 | C48: 847-88-01726 | D48: 농업회사법인주식회사구룡농원 | E48: 네이버 | F48: 892 | G48: 30263600 | H48: 2593180 | I48: O | J48: =H48/8000000 | K48: =8000000-H48
A49: 47 | B49: 시작 | C49: 216-04-19795 | D49: 아그데뜰 | E49: 네이버 | F49: 8 | G49: 347000 | H49: 26000 | I49: O | J49: =H49/8000000 | K49: =8000000-H49
A50: 48 | B50: 도약 | C50: 646-85-00365 | D50: 농업회사법인(주) 강화드림푸드 | E50: 오아시스 | F50: 0 | G50: 0 | H50: 0 | J50: =H50/8000000 | K50: =8000000-H50
A51: 49 | B51: 성장 | C51: 231-97-01414 | D51: 따순농장 | E51: 네이버 | F51: 206 | G51: 4424250 | H51: 703630 | I51: O | J51: =H51/8000000 | K51: =8000000-H51
A52: 50 | B52: 시작 | C52: 221-81-21222 | D52: 영농조합법인강원유기농 | E52: 네이버 | F52: 0 | G52: 0 | H52: 0 | J52: =H52/8000000 | K52: =8000000-H52
A53: 51 | B53: 도약 | C53: 301-81-78225 | D53: 농업회사법인 팜에이트 주식회사 | E53: 오아시스 | F53: 6722 | G53: 25131030 | H53: 2082921 | I53: O | J53: =H53/8000000 | K53: =8000000-H53
A54: 52 | B54: 도약 | C54: 402-47-64035 | D54: 땅끝민지맘 | E54: 네이버 | F54: 544 | G54: 13693470 | H54: 0 | I54: O | J54: =H54/8000000 | K54: =8000000-H54
A55: 53 | B55: 시작 | C55: 122-93-29177 | D55: 버섯놀이터사천숲속표고 | E55: 네이버 | F55: 7 | G55: 198000 | H55: 0 | I55: O | J55: =H55/8000000 | K55: =8000000-H55
A56: 54 | B56: 성장 | C56: 616-81-93905 | D56: 안덕친환경영농조합법인 | E56: 네이버 | F56: 0 | G56: 0 | H56: 0 | J56: =H56/8000000 | K56: =8000000-H56
A57: 55 | B57: 시작 | C57: 778-81-03657 | D57: 이강바이오컴퍼니 주식회사 | E57: 오아시스 | F57: 0 | G57: 0 | H57: 0 | J57: =H57/8000000 | K57: =8000000-H57

Sheet ②유기농raw
A1: 2026 aT 농산물 온라인 마케터 업체 별 매출 보고
A2: 기간 : 07월 06일 ~ 08월 31일
A4: 합계 | F4: =SUM(F6:F1000) | G4: =SUM(G6:G1000) | H4: =SUM(H6:H1000)
A5: 유통사명 | B5: 품목분류 | C5: 사업자명 | D5: 사업자번호 | E5: 상품명 | F5: 판매 건수 | G5: 매출액 | H5: 판촉액
A6: 오아시스 | B6: 가공식품 | C6: 푸르메다 | D6: 142-08-14196 | E6: 우유와함께 제주녹차라떼 | F6: 715 | G6: 4837900 | H6: 534820
A7: 오아시스 | B7: 가공식품 | C7: 푸르메다 | D7: 142-08-14196 | E7: 3초 보리 순아이티 (15입) | F7: 1221 | G7: 7982150 | H7: 850218
A8: 오아시스 | B8: 가공식품 | C8: 푸르메다 | D8: 142-08-14196 | E8: 유기농 제주 말차 ((20g×2입)×1개) | F8: 236 | G8: 4176000 | H8: 442255
A9: 오아시스 | B9: 가공식품 | C9: 해담는집 | D9: 745-96-00315 | E9: 해담는집 유기농 고춧가루 500g/200g(순한맛/보통맛/매운맛) | F9: 11 | G9: 434900 | H9: 45006
A10: 오아시스 | B10: 농산물 | C10: 해담는집 | D10: 745-96-00315 | E10: [해담는집] 유기농 고추씨 500g | F10: 5 | G10: 69500 | H10: 7282
A11: 오아시스 | B11: 농산물 | C11: 해담는집 | D11: 745-96-00315 | E11: [해담는집] 유기농 들깨 500g | F11: 2 | G11: 41800 | H11: 2590
A12: 오아시스 | B12: 가공식품 | C12: 해담는집 | D12: 745-96-00315 | E12: [해담는집]유기농 크러쉬드 레드페퍼 | F12: 41 | G12: 430500 | H12: 46702
A13: 오아시스 | B13: 가공식품 | C13: 해담는집 | D13: 745-96-00315 | E13: 유기농 메리골드 건조차 50g/꽃차/생화/식용꽃 | F13: 9 | G13: 125100 | H13: 13900
A14: 오아시스 | B14: 가공식품 | C14: 주식회사 베리네이처 | D14: 754-88-00876 | E14: 유기농 토핑 야채큐브 다진 비트 45g | F14: 2024 | G14: 4857600 | H14: 269694
A15: 오아시스 | B15: 가공식품 | C15: 주식회사 베리네이처 | D15: 754-88-00876 | E15: 유기농 토핑 야채큐브 다진 양배추 45g | F15: 1290 | G15: 2967000 | H15: 141606
A16: 오아시스 | B16: 가공식품 | C16: 주식회사 베리네이처 | D16: 754-88-00876 | E16: 유기농 토핑 야채큐브 다진 무 45g | F16: 1079 | G16: 2697500 | H16: 121065
A17: 오아시스 | B17: 가공식품 | C17: 주식회사 베리네이처 | D17: 754-88-00876 | E17: 무농약 토핑 야채큐브 다진 근대 45g | F17: 1161 | G17: 3250800 | H17: 168482
... A50: 오아시스 | B50: 가공식품 | C50: 엿공장 | D50: 522-17-00696 | E50: [달콤한인생] 유기농 수수조청 280g | F50: 3 | G50: 43500 | H50: 2900
A51: 오아시스 | B51: 가공식품 | C51: 엿공장 | D51: 522-17-00696 | E51: [달콤한인생] 유기농 대추청 280g | F51: 1 | G51: 16000 | H51: -
A52: 오아시스 | B52: 가공식품 | C52: 엿공장 | D52: 522-17-00696 | E52: [달콤한인생] 유기농 생강청 280g | F52: 2 | G52: 37000 | H52: 6974
A53: 오아시스 | B53: 가공식품 | C53: 엿공장 | D53: 522-17-00696 | E53: [달콤한인생] 유기농 홍도라지청 280g | F53: 5 | G53: 95000 | H53: 16726
A54: 오아시스 | B54: 가공식품 | C54: 엿공장 | D54: 522-17-00696 | E54: [달콤한인생] 유기농 생강청+대추청 선물세트 | F54: - | G54: - | H54: -
A55: 오아시스 | B55: 가공식품 | C55: 엿공장 | D55: 522-17-00696 | E55: [달콤한인생] 유기농 홍도라지청+생강청+대추청 선물세트 | F55: 2 | G55: 58000 | H55: 10000
A56: 오아시스 | B56: 가공식품 | C56: 도울에프앤비 | D56: 416-81-44143 | E56: [아기과자1단계] 유기농 단호박 롱스틱 (25g) | F56: 917 | G56: 2109100 | H56: 190846
A57: 오아시스 | B57: 가공식품 | C57: 도울에프앤비 | D57: 416-81-44143 | E57: [아기과자3단계] 지구대장 유기농 옐로우 스틱 (45g) | F57: 429 | G57: 986700 | H57: 70840
A58: 오아시스 | B58: 가공식품 | C58: 도울에프앤비 | D58: 416-81-44143 | E58: [아기과자2단계] 지구대장 유기농 베리 롱스틱 (28g) | F58: 507 | G58: 1166100 | H58: 102580
A59: 오아시스 | B59: 가공식품 | C59: 도울에프앤비 | D59: 416-81-44143 | E59: 유기농 핑크나나 뻥튀기 (25g/5입) | F59: 1390 | G59: 3266500 | H59: 248290
A60: 오아시스 | B60: 가공식품 | C60: 농업회사법인 (주) 초록원 | D60: 502-81-55602 | E60: 유기농 매실엑기스 (660g) | F60: 796 | G60: 15760800 | H60: 782518
A61: 오아시스 | B61: 가공식품 | C61: 농업회사법인 (주) 초록원 | D61: 502-81-55602 | E61: 초록원 유기농 딸기잼(580g) | F61: 1396 | G61: 12494200 | H61: 542370
A62: 오아시스 | B62: 가공식품 | C62: 농업회사법인 (주) 초록원 | D62: 502-81-55602 | E62: 초록원 무농약 딸기로 만든 딸기잼(580g) | F62: 1914 | G62: 16709220 | H62: 656496
A63: 오아시스 | B63: 가공식품 | C63: 주식회사 아인스 | D63: 218-86-00721 | E63: 유기농 쌀 떡국떡 (500g X 3개) | F63: 11893 | G63: 44675550 | H63: 537476
A64: 오아시스 | B64: 가공식품 | C64: 주식회사 아인스 | D64: 218-86-00721 | E64: 유기농 쌀 떡볶이떡 (500g X 1개) | F64: 3976 | G64: 15122900 | H64: 168050
A65: 오아시스 | B65: 가공식품 | C65: 주식회사 아인스 | D65: 218-86-00721 | E65: 유기농 현미로 만든 떡국떡 (500g X 3개) | F65: 4516 | G65: 18057600 | H65: 264320
A66: 오아시스 | B66: 가공식품 | C66: 주식회사 아인스 | D66: 218-86-00721 | E66: 유기농 현미로 만든 떡볶이떡 (500g X 1개) | F66: 1895 | G66: 7331040 | H66: 83739
... A80: 오아시스 | B80: 농산물 | C80: 닥터애그 | D80: 515-81-53707 | E80: GAP 무농약 팽이버섯 (150g x 1개) | F80: 103070 | G80: 51183260 | H80: 403114
A81: 오아시스 | B81: 농산물 | C81: 주식회사 아인스 | D81: 218-86-00721 | E81: [밀리브] 유기농현미 1kg | F81: - | G81: - | H81: -
A82: 오아시스 | B82: 농산물 | C82: 주식회사 아인스 | D82: 218-86-00721 | E82: [밀리브] 유기농현미 3kg | F82: - | G82: - | H82: -
A83: 오아시스 | B83: 농산물 | C83: 주식회사 아인스 | D83: 218-86-00721 | E83: [밀리브] 유기농 찰현미 1kg | F83: - | G83: - | H83: -
A84: 오아시스 | B84: 농산물 | C84: 주식회사 아인스 | D84: 218-86-00721 | E84: [밀리브] 유기농 찰흑미 1kg | F84: - | G84: - | H84: -
A85: 오아시스 | B85: 농산물 | C85: 주식회사 아인스 | D85: 218-86-00721 | E85: [밀리브] 유기농 찰흑미 3kg | F85: - | G85: - | H85: -
A86: 오아시스 | B86: 농산물 | C86: 주식회사 아인스 | D86: 218-86-00721 | E86: [밀리브] 유기농 새싹발아 현미 1kg | F86: 2 | G86: 20800 | H86: 4160
A87: 오아시스 | B87: 농산물 | C87: 주식회사 아인스 | D87: 218-86-00721 | E87: [밀리브] 유기농 새싹발아 찰현미 1kg | F87: 1 | G87: 12400 | H87: 2480
A88: 오아시스 | B88: 농산물 | C88: 주식회사 아인스 | D88: 218-86-00721 | E88: [밀리브] 유기농 새싹발아 찰흑미 1kg | F88: - | G88: - | H88: -
A89: 오아시스 | B89: 가공식품 | C89: 바우뜨락 | D89: 312-27-45552 | E89: [바우뜨락] 유기농 흰민들레즙 (100ml*20팩) | F89: 3 | G89: 96000 | H89: -
A90: 오아시스 | B90: 가공식품 | C90: 바우뜨락 | D90: 312-27-45552 | E90: [바우뜨락] 유기농 모과포도즙 (100ml*20봉) | F90: 4 | G90: 132000 | H90: 6600
A91: 오아시스 | B91: 가공식품 | C91: 바우뜨락 | D91: 312-27-45552 | E91: [바우뜨락] 유기농 와인초 오디차 (100ml*30팩) | F91: 1 | G91: 40000 | H91: 8000
A92: 오아시스 | B92: 농산물 | C92: 바우뜨락 | D92: 312-27-45552 | E92: 바우뜨락 유기농 오디 | F92: 24 | G92: 1032000 | H92: 77400
A93: 오아시스 | B93: 가공식품 | C93: 바우뜨락 | D93: 312-27-45552 | E93: [바우뜨락] 무알콜와인 뜨락에 꿈(프리미엄포도주스) 750ml | F93: 1 | G93: 25000 | H93: -
A94: 오아시스 | B94: 농산물 | C94: 바우뜨락 | D94: 312-27-45552 | E94: [바우뜨락] 유기농 청포도 | F94: 11 | G94: 462000 | H94: 63200
A95: 오아시스 | B95: 가공식품 | C95: (주)밀알케이 | D95: 654-88-01503 | E95: 유기농 파머스 팝콘 (70g x 1개) | F95: 1567 | G95: 7314600 | H95: 353700
A96: 오아시스 | B96: 가공식품 | C96: 파미농원(파미가평강황) | D96: 326-37-00548 | E96: 유기농 강황 식혜 150ml 10팩 2박스 | F96: 1 | G96: 14400 | H96: 2880
A97: 네이버 | B97: 가공식품 | C97: 현재농원 | D97: 512-13-21395 | E97: [현재농원] 경북 영주 직접생산 유기농 고춧가루 500g 200g 90g (국산 100%) [굵기 : 보통/고운(고추장용)] | F97: 1 | G97: 21000 | H97: 4200
A98: 네이버 | B98: 가공식품 | C98: 현재농원 | D98: 512-13-21395 | E98: [현재농원] 경북 영주 유기농 고춧가루 90g (국산 100%) | F98: 1 | G98: 14950 | H98: 2990
A99: 네이버 | B99: 농산물 | C99: 현재농원 | D99: 512-13-21395 | E99: [현재농원] 경북 영주 무농약 청결 건고춧잎 건고추잎 30g | F99: 1 | G99: 22500 | H99: 4500
A100: 네이버 | B100: 가공식품 | C100: 현재농원 | D100: 512-13-21395 | E100: [현재농원] 경북 영주 유기농 고춧가루 200g (국산 100%) [굵기:보통] | F100: 2 | G100: 44000 | H100: 4400
A101: 네이버 | B101: 농산물 | C101: 현재농원 | D101: 512-13-21395 | E101: [현재농원] 유기농 백태 240g 500g | F101: - | G101: - | H101: -
A102: 네이버 | B102: 가공식품 | C102: 현재농원 | D102: 512-13-21395 | E102: [현재농원] 유기농 청고춧가루 90g (국산 100%) | F102: - | G102: - | H102: -
A103: 네이버 | B103: 농산물 | C103: 현재농원 | D103: 512-13-21395 | E103: [현재농원] 국산 100% 유기농 표고버섯 백화고 50g 100g | F103: 1 | G103: 43200 | H103: 8640
A104: 네이버 | B104: 농산물 | C104: 현재농원 | D104: 512-13-21395 | E104: [현재농원] 국산 유기농 통들깨 100g / 국산 유기농 볶음 통들깨 80g (간식 추천) | F104: 2 | G104: 23000 | H104: -
A105: 네이버 | B105: 가공식품 | C105: 현재농원 | D105: 512-13-21395 | E105: [현재농원] 유기농 날콩 천연조미료가루 200g (국산 100%) | F105: - | G105: - | H105: -
A106: 네이버 | B106: 가공식품 | C106: 현재농원 | D106: 512-13-21395 | E106: [현재농원] 유기농 볶음콩 천연조미료가루 200g (국산 100%) | F106: - | G106: - | H106: -
A107: 네이버 | B107: 농산물 | C107: 여화원 | D107: 386-96-00703 | E107: 유기농 반건조 청무화과 말랭이 100g /국산 유기농 명인 건무화과 건과일 말린 건조과일 | F107: 204 | G107: 6816400 | H107: 688300
A108: 네이버 | B108: 농산물 | C108: 여화원 | D108: 386-96-00703 | E108: 유기농 명인 청무화과 말랭이 200g 낱개포장 /건무화과 말린 반건조 말린 건과과일 | F108: 49 | G108: 1599500 | H108: 221800
A109: 네이버 | B109: 농산물 | C109: 여화원 | D109: 386-96-00703 | E109: 유기농 수제 청무화과말랭이 300g / 반건조 건조무화과 건과일 건무화과 말린과일 건조과일 | F109: 26 | G109: 916000 | H109: 98000
A110: 네이버 | B110: 농산물 | C110: 여화원 | D110: 386-96-00703 | E110: [여화원]프라이빗 가든 유기농 로즈마리 잎차 40g 티인퓨져 저온건조 선물세트 | F110: - | G110: - | H110: -
A111: 네이버 | B111: 농산물 | C111: 여화원 | D111: 386-96-00703 | E111: [여화원]국산 유기농 로즈마리홀 허브 말린 건잎 40g /허브잎 향신료 허브차 허브티 | F111: 4 | G111: 59600 | H111: 4980
A112: 네이버 | B112: 농산물 | C112: 여화원 | D112: 386-96-00703 | E112: [여화원]유기농명인이 직접 키우는 유기농 로즈마리 생잎 50g | F112: 4 | G112: 39000 | H112: 2340
A113: 네이버 | B113: 가공식품 | C113: 농업회사법인 올담농원(주) | D113: 550-88-01948 | E113: 히카마 올담농원 거제산 히카마 뿌리차 고소하고 부드러운 국산 티백차 60티백 40티백 20티백 | F113: 59 | G113: 2502300 | H113: 253260
A114: 네이버 | B114: 가공식품 | C114: 아름답게그린배영농조합법인 | D114: 410-86-90042 | E114: 농촌융복합 최우수상 [꼬샤꼬샤] 유기농 보리차 100ml 스파우트형 30개입 1개 | F114: 23 | G114: 503700 | H114: 51760
A115: 네이버 | B115: 가공식품 | C115: 아름답게그린배영농조합법인 | D115: 410-86-90042 | E115: 농촌융복합 최우수상 [꼬샤꼬샤] 유기농 보리차 100ml 스파우트형 30개입 2개 | F115: 5 | G115: 190000 | H115: 38000
A116: 네이버 | B116: 가공식품 | C116: 아름답게그린배영농조합법인 | D116: 410-86-90042 | E116: 농촌융복합 최우수상 [꼬샤꼬샤] 유기농 보리차 100ml 스파우트형 30개입 3개 | F116: 12 | G116: 628800 | H116: 117920
A117: 네이버 | B117: 농산물 | C117: 경성표고버섯농장 | D117: 774-11-01498 | E117: 참나무 표고버섯 유기농 슬라이스 건표고버섯 통 건표고버섯(200g) | F117: 211 | G117: 4592800 | H117: 503080
A118: 네이버 | B118: 농산물 | C118: 경성표고버섯농장 | D118: 774-11-01498 | E118: 유기농 건표고버섯 슬라이스 통버섯 100g | F118: 16 | G118: 291120 | H118: 23370
A119: 네이버 | B119: 농산물 | C119: 경성표고버섯농장 | D119: 774-11-01498 | E119: 유기농 표고칩 건표고버섯(80g) 참나무 표고버섯 | F119: 16 | G119: 244730 | H119: 24780
A120: 네이버 | B120: 가공식품 | C120: 경성표고버섯농장 | D120: 774-11-01498 | E120: 참나무 표고버섯으로 만든 표고버섯 분말 80g | F120: 17 | G120: 211200 | H120: 13400
A121: 네이버 | B121: 농산물 | C121: 경성표고버섯농장 | D121: 774-11-01498 | E121: 더 편리한 표고버섯 3종 세트(통버섯 슬라이스 표고칩) | F121: 1 | G121: 32900 | H121: -
A122: 네이버 | B122: 농산물 | C122: 경성표고버섯농장 | D122: 774-11-01498 | E122: 유기농 동고 3종 표고버섯 선물세트(250g 통버섯 표고칩 슬라이스) | F122: - | G122: - | H122: -
A123: 네이버 | B123: 농산물 | C123: 경성표고버섯농장 | D123: 774-11-01498 | E123: 참나무 표고버섯 유기농 슬라이스 건표고버섯(200g) | F123: 9 | G123: 154200 | H123: 20760
A124: 네이버 | B124: 농산물 | C124: 경성표고버섯농장 | D124: 774-11-01498 | E124: 참나무 표고버섯 유기농 통 건표고버섯(200g) | F124: 13 | G124: 310400 | H124: 23920
A125: 네이버 | B125: 농산물 | C125: 경성표고버섯농장 | D125: 774-11-01498 | E125: 명장이 선택한 백화고 흑화고 슬라이스 표고버섯 선물세트 4종 | F125: 0 | G125: - | H125: -
A126: 네이버 | B126: 가공식품 | C126: 농업회사법인하누리영이(주) | D126: 348-87-01289 | E126: 하누리 영이천 직접재배 유기농 스테비아( 농축액 감미료) 10ml 10포 1개 | F126: 5 | G126: 65000 | H126: -
A127: 네이버 | B127: 가공식품 | C127: 농업회사법인하누리영이(주) | D127: 348-87-01289 | E127: 하누리영이 직접 재배 영이천 유비아 스틱 (유기농 스테비아& 아로니아) 3g 10개 | F127: 4 | G127: 52000 | H127: -
A128: 네이버 | B128: 가공식품 | C128: 농업회사법인하누리영이(주) | D128: 348-87-01289 | E128: 하누리영이천 국내산 직접재배 유기농 아로니아 분말 가루 파우더 200g | F128: 163 | G128: 4420000 | H128: 557200
A129: 네이버 | B129: 가공식품 | C129: 농업회사법인하누리영이(주) | D129: 348-87-01289 | E129: 유삼비아(6년근 유기농 흑삼액&스테비아+아로니아) 15ml 30개 | F129: 1 | G129: 94000 | H129: 10000
A130: 네이버 | B130: 가공식품 | C130: 농업회사법인하누리영이(주) | D130: 348-87-01289 | E130: 하누리영이 직접 재배 영이天 유기농 아로니아 청 750ml 1개 | F130: 1 | G130: 43000 | H130: 8600
A131: 네이버 | B131: 가공식품 | C131: 농업회사법인하누리영이(주) | D131: 348-87-01289 | E131: 하누리영이 직접 재배 영이천 유비아 스틱 (유기농 스테비아& 아로니아) 3g 30개 | F131: 0 | G131: - | H131: -
A132: 네이버 | B132: 가공식품 | C132: 농업회사법인하누리영이(주) | D132: 348-87-01289 | E132: 영이천 흑 삼 비 아 (6년근 유기농 흑삼액&스테비아+아로니아) 70ml 30개 | F132: 0 | G132: - | H132: -
A133: 네이버 | B133: 농산물 | C133: 풀무리농장 | D133: 225-90-26954 | E133: 유기농 완숙토마토 찰토마토2.5k 5k | F133: 415 | G133: 14373700 | H133: 1792660
A134: 네이버 | B134: 농산물 | C134: 풀무리농장 | D134: 225-90-26954 | E134: 국내산2026년세척유기농건 고추600g | F134: 8 | G134: 1206000 | H134: 60000
A135: 네이버 | B135: 농산물 | C135: 농업회사법인 주식회사 여주능서농원 | D135: 566-81-02884 | E135: 껍질이 보약 26년 햇 통채루 고구마줄기 껍질째 통째로 먹는 고구마순 1kg 2kg | F135: 163 | G135: 3307600 | H135: 410580
A136: 네이버 | B136: 농산물 | C136: 농업회사법인 주식회사 여주능서농원 | D136: 566-81-02884 | E136: 여주 햇고구마 2kg 국산 꿀고구마 호박고구마 밤고구마 | F136: 42 | G136: 603770 | H136: 73650
A137: 네이버 | B137: 농산물 | C137: 농업회사법인 주식회사 여주능서농원 | D137: 566-81-02884 | E137: [여주능서농원] 고구마 5KG 꿀고구마 소담미 산지직송 호박 밤 | F137: 29 | G137: 1149000 | H137: 108240
A138: 네이버 | B138: 가공식품 | C138: 농업회사법인 주식회사 여주능서농원 | D138: 566-81-02884 | E138: [여주능서농원] 국산 고구마말랭이 무첨가 영양간식 꿀고구마 소담미 60g 10개 | F138: 11 | G138: 295300 | H138: 30780
A139: 네이버 | B139: 가공식품 | C139: 농업회사법인 주식회사 여주능서농원 | D139: 566-81-02884 | E139: [여주능서농원] 소담미스틱 국산꿀고구마 다이어트 간식 영양 식사대용 20g | F139: 3 | G139: 56000 | H139: 8800
A140: 네이버 | B140: 가공식품 | C140: 농업회사법인 주식회사 여주능서농원 | D140: 566-81-02884 | E140: [여주능서농원] 국산 고구마말랭이 무첨가 영양간식 꿀고구마 소담미 60g 20개 | F140: 5 | G140: 221200 | H140: 34240
A141: 네이버 | B141: 가공식품 | C141: 농업회사법인 주식회사 여주능서농원 | D141: 566-81-02884 | E141: [여주능서농원] 국산 고구마말랭이 무첨가 영양간식 꿀고구마 소담미 60g 40개 | F141: 0 | G141: - | H141: -
A142: 네이버 | B142: 농산물 | C142: 나래친환경영농조합법인 | D142: 507-81-09103 | E142: 유기농복숭아/백도/4.0kg/무료배송 | F142: 82 | G142: 4760000 | H142: 720000
A143: 네이버 | B143: 농산물 | C143: 농업회사법인 나무컴퍼니 주식회사 | D143: 580-88-02822 | E143: [100% 국산 유기농] 26년산 고대곡물 호라산밀 파로 쌀 중 택일 | F143: 936 | G143: 18569560 | H143: 1131200
A144: 네이버 | B144: 농산물 | C144: 농업회사법인 나무컴퍼니 주식회사 | D144: 580-88-02822 | E144: 26년산 귀리 국산 유기농 귀리쌀 1kg | F144: 829 | G144: 13078880 | H144: 784000
A145: 네이버 | B145: 농산물 | C145: 농업회사법인 나무컴퍼니 주식회사 | D145: 580-88-02822 | E145: 26년산 국산 유기농 보리 흑보리 찰보리 쌀 1kg | F145: 312 | G145: 4356380 | H145: 270440
A146: 네이버 | B146: 농산물 | C146: 농업회사법인 나무컴퍼니 주식회사 | D146: 580-88-02822 | E146: 26년도 햇곡 기장쌀 국산 유기농 찰기장 좁쌀 1kg | F146: 348 | G146: 8685550 | H146: 370740
...

Sheet ※ 8월_품목분류오류
A1: 2026 aT 온라인 판로지원 - 8월 품목분류 오류 정밀 감사 목록 (총 66건)
A2: ※ 8월 실적 로우데이터(1,651건) 전수 감사 | 8월 신규 인입 51건 + 기존 지속 15건 | 오판단 False Positive 100% 제거 완료
A4: No | B4: 인입 구분 | C4: 이상치 유형 | D4: 기획전 | E4: 유통사 | F4: 판매자명(업체명) | G4: 사업자번호 | H4: 상품명 | I4: 8월 현재분류 | J4: 권고 정정분류 | K4: 8월 순수매출액(원) | L4: 8월 주문수(건) | M4: 8월 쿠폰지원액(원) | N4: 이상치 판정 사유 및 조치 제언
A5: 1 | B5: 기존 참여 지속 | C5: 조미가공육 ➡️ 축산물 오등록 | D5: 농산물 | E5: 지마켓 | F5: 두원식품(주) | G5: 606-81-52718 | H5: haccp인증 국내산 한돈 고추장 주물럭 300g x6팩(총 1.8kg) | I5: 축산물 | J5: 가공식품(식육가공품) | K5: 65000 | L5: 2 | M5: 6500 | N5: 식육가공품(양념조미육(주물럭))이나 1차 생육 축산물로 오등록됨
A6: 2 | B6: 기존 참여 지속 | C6: 조미가공육 ➡️ 축산물 오등록 | D6: 농산물 | E6: 지마켓 | F6: 두원식품(주) | G6: 606-81-52718 | H6: 국내산 한돈 고추장 주물럭 300g + 300g 제육볶음 | I6: 축산물 | J6: 가공식품(식육가공품) | K6: 157900 | L6: 11 | M6: 11920 | N6: 식육가공품(양념조미육(주물럭))이나 1차 생육 축산물로 오등록됨
A7: 3 | B7: 8월 신규 인입 | C7: 가공완제품 ➡️ 농산물 원물 정상 반영 완료 | D7: 농산물 | E7: 지마켓 | F7: 아침햇살영농조합법인 | G7: 508-81-33305 | H7: 사과를 가득담아 사과100% 사과꽃향기 사과즙 100mlX50팩 NFC착즙/(스타배송) | I7: 가공식품 | J7: 가공식품(제조가공품) | K7: 241400 | L7: 16 | M7: 0 | N7: 기존 '농산물' 오등록 건이었으나 최신 구글 시트 원천 로우데이터 상에 '가공식품' 정상 품목분류로 수정 반영 완료됨
A8: 4 | B8: 기존 참여 지속 | C8: 조미가공육 ➡️ 축산물 오등록 | D8: 농산물 | E8: 롯데ON | F8: 주식회사 더락 | G8: 593-86-01295 | H8: 국내산 한돈 수제 양념 돼지갈비 450G (2종 중 택1) | I8: 축산물 | J8: 가공식품(식육가공품) | K8: 37312000 | L8: 729 | M8: 4967600 | N8: 식육가공품(양념조미육)이나 1차 생육 축산물로 오등록됨
A9: 5 | B9: 기존 참여 지속 | C9: 조미가공육 ➡️ 축산물 오등록 | D9: 농산물 | E9: 롯데ON | F9: 농업회사법인 라이플로우 주식회사 | G9: 715-87-02493 | H9: [온누리7%혜택][주왕산가든] 한우불고기 전골 밀키트 750g 3인분 불고기 육수 야채 소불고기 | I9: 축산물 | J9: 가공식품(식육가공품) | K9: 1967900 | L9: 65 | M9: 371630 | N9: 식육가공품(양념조미육(불고기))이나 1차 생육 축산물로 오등록됨
A10: 6 | B10: 기존 참여 지속 | C10: 조미가공육 ➡️ 축산물 오등록 | D10: 농산물 | E10: 롯데ON | F10: 농업회사법인 라이플로우 주식회사 | G10: 715-87-02493 | H10: [온누리7%혜택][주왕산가든] 명품 한돈 수제 돼지갈비 실속형 500g 양념돼지갈비 밀키트 | I10: 축산물 | J10: 가공식품(식육가공품) | K10: 345000 | L10: 11 | M10: 63050 | N10: 식육가공품(양념조미육)이나 1차 생육 축산물로 오등록됨
A11: 7 | B11: 기존 참여 지속 | C11: 조미가공육 ➡️ 축산물 오등록 | D11: 농산물 | E11: 롯데ON | F11: 주식회사 태범프레시 | G11: 832-86-02035 | H11: [홍익상회] 춘천닭갈비 500g x 3팩 국내산닭고기 양념 순살 | I11: 축산물 | J11: 가공식품(식육가공품) | K11: 0 | L11: 0 | M11: 0 | N11: 식육가공품(조미가공육(춘천닭갈비))이나 1차 생육 축산물로 오등록됨
A12: 8 | B12: 기존 참여 지속 | C12: 조미가공육 ➡️ 축산물 오등록 | D12: 농산물 | E12: 롯데ON | F12: 주식회사 영인에프앤에스 | G12: 847-88-01537 | H12: 삶은 돼지 대창 1kg | I12: 축산물 | J12: 가공식품(식육가공품) | K12: 54500 | L12: 7 | M12: 9440 | N12: 식육가공품(양념/가공육(대창))이나 1차 생육 축산물로 오등록됨
A13: 9 | B13: 기존 참여 지속 | C13: 조미가공육 ➡️ 축산물 오등록 | D13: 농산물 | E13: 롯데ON | F13: 주식회사 삼형제월드 | G13: 185-87-01669 | H13: 삼형제고기 한돈 간장 고추장 불고기 1kg (200g x 5팩) | I13: 축산물 | J13: 가공식품(식육가공품) | K13: 0 | L13: 0 | M13: 0 | N13: 식육가공품(양념조미육(불고기))이나 1차 생육 축산물로 오등록됨
A14: 10 | B14: 기존 참여 지속 | C14: 조미가공육 ➡️ 축산물 오등록 | D14: 농산물 | E14: 롯데ON | F14: 주식회사 태범프레시 | G14: 832-86-02035 | H14: [홍익상회] 춘천 홍익닭갈비 500g x 3팩 국내산 닭고기 양념 순살 | I14: 축산물 | J14: 가공식품(식육가공품) | K14: 2552440 | L14: 73 | M14: 410540 | N14: 식육가공품(조미가공육(춘천닭갈비))이나 1차 생육 축산물로 오등록됨
A15: 11 | B15: 8월 신규 인입 | C15: 조미가공육 ➡️ 축산물 오등록 | D15: 농산물 | E15: 롯데ON | F15: 주식회사 태범프레시 | G15: 832-86-02035 | H15: 한돈스테이크 4장x1팩 오븐 직화 떡갈비 맛 함박 스테이크 너비아니 | I15: 축산물 | J15: 가공식품(식육가공품) | K15: 29900 | L15: 1 | M15: 5740 | N15: 식육가공품(가공육(떡갈비·수제패티))이나 1차 생육 축산물로 오등록됨
A16: 12 | B16: 8월 신규 인입 | C16: 조미가공육 ➡️ 축산물 오등록 | D16: 농산물 | E16: 롯데ON | F16: 주식회사 태범프레시 | G16: 832-86-02035 | H16: 홍익상회 양념 오리 불고기 고추장 주물럭 400g (2인분) x 3팩 | I16: 축산물 | J16: 가공식품(식육가공품) | K16: 71800 | L16: 2 | M16: 13340 | N16: 식육가공품(양념조미육(주물럭))이나 1차 생육 축산물로 오등록됨
... A70: 66 | B70: 8월 신규 인입 | C70: 농산물 원물 ➡️ 가공식품 오등록 | D70: 유기농 | E70: 네이버 | F70: 버섯놀이터사천숲속표고 | G70: 122-93-29177 | H70: 무 농약 생 표고버섯을 햇볕에 잘 말려 자연 건조한 국내산 사천 건 표고버섯 100g | I70: 가공식품 | J70: 농산물(원물) | K70: 198000 | L70: 7 | M70: 0 | N70: 1차 신선 농산물(신선/건조 임산물(표고버섯 원물))이나 유통사에 가공식품으로 오등록되어 원물 실적에서 누락됨
A71: 합 계 | B71: 8월 이상치 66건 총계 | K71: 374952340 | L71: 20213 | M71: 19617240 | N71: 유통사 카테고리 매핑 수정 권고

Sheet ※ 7월_품목분류오류
A1: 2026 aT 온라인 판로지원 - 7월 품목분류 오류 정밀 감사 목록 (총 45건)
A2: ※ 7월 실적 기집계 데이터(1,305건) 전수 감사 | 오판단 False Positive 100% 제거 완료
A4: No | B4: 이상치 유형 | C4: 구분 | D4: 기획전 | E4: 유통사 | F4: 판매자명(업체명) | G4: 사업자번호 | H4: 상품명 | I4: 7월 현재분류 | J4: 권고 정정분류 | K4: 7월 매출액(원) | L4: 7월 주문수(건) | M4: 7월 쿠폰지원액(원) | N4: 이상치 판정 사유 및 조치 제언
A5: 1 | B5: 조미가공육 ➡️ 축산물 오등록 | C5: 기존 참여 지속 | D5: 농산물 | E5: 네이버 | F5: 두루푸드 | G5: 221-13-36518 | H5: 국민닭갈비 두루푸드 춘천닭갈비 택배 홈파티 캠핑요리 [원산지:닭고기 넓적다리(국산), 고추가루(국산), 기타(상세설명참조)] | I5: 축산물 | J5: 가공식품(식육가공품) | K5: 53342360 | L5: 2416 | M5: 3359880 | N5: 식육가공품(조미가공육(춘천닭갈비))이나 1차 생육 축산물로 오등록됨
A6: 2 | B6: 조미가공육 ➡️ 축산물 오등록 | C6: 기존 참여 지속 | D6: 농산물 | E6: 네이버 | F6: 농업회사법인(주)새나라 | G6: 792-88-00316 | H6: [모두닭갈비] 춘천 1+1팩 국산 닭다리살 캠핑 500gx2팩 (3~4인분) [원산지:국산] | I6: 축산물 | J6: 가공식품(식육가공품) | K6: 2269370 | L6: 104 | M6: 394640 | N6: 식육가공품(조미가공육(춘천닭갈비))이나 1차 생육 축산물로 오등록됨
A7: 3 | B7: 조미가공육 ➡️ 축산물 오등록 | C7: 기존 참여 지속 | D7: 농산물 | E7: 네이버 | F7: 두루푸드 | G7: 221-13-36518 | H7: 두루푸드 국민닭갈비 춘천닭갈비 택배 홈파티 캠핑요리 전통맛 [원산지:닭고기 넓적다리(국산), 고추가루(국산), 기타(상세설명참조)] | I7: 축산물 | J7: 가공식품(식육가공품) | K7: 1874050 | L7: 96 | M7: 96660 | N7: 식육가공품(조미가공육(춘천닭갈비))이나 1차 생육 축산물로 오등록됨
A8: 4 | B8: 조미가공육 ➡️ 축산물 오등록 | C8: 기존 참여 지속 | D8: 농산물 | E8: 네이버 | F8: 현풍떡갈비 | G8: 671-67-00557 | H8: 아기떡갈비 한우 한돈 수제 패티 현풍 세가지맛 3팩, 90g, 15개 [원산지:상세설명에 표시] | I8: 축산물 | J8: 가공식품(식육가공품) | K8: 1556900 | L8: 46 | M8: 81520 | N8: 식육가공품(가공육(떡갈비·수제패티))이나 1차 생육 축산물로 오등록됨
A9: 5 | B9: 가공완제품 ➡️ 농산물 원물 오등록 | C9: 기존 참여 지속 | D9: 농산물 | E9: 네이버 | F9: 신기농원 | G9: 540-25-00229 | H9: 애플링 동결건조 사과 배칩20g 딸기칩15g 3팩 국산100% 무첨가 간식 [원산지:국산(경상북도 문경시)] | I9: 농산물 | J9: 가공식품(제조가공품) | K9: 1143000 | L9: 62 | M9: 40800 | N9: 제조가공식품(과자류(동결건조 과일스낵))이나 1차 신선 농산물 원물로 오등록됨
A10: 6 | B10: 조미가공육 ➡️ 축산물 오등록 | C10: 기존 참여 지속 | D10: 농산물 | E10: 네이버 | F10: 두루푸드 | G10: 221-13-36518 | H10: 두루푸드 국민닭갈비 춘천닭갈비 택배 홈파티 캠핑요리 간장닭갈비 [원산지:닭고기 넓적다리(국산), 기타(상세설명참조)] | I10: 축산물 | J10: 가공식품(식육가공품) | K10: 927300 | L10: 65 | M10: 16720 | N10: 식육가공품(조미가공육(춘천닭갈비))이나 1차 생육 축산물로 오등록됨
A11: 7 | B11: 가공완제품 ➡️ 농산물 원물 오등록 | C11: 기존 참여 지속 | D11: 농산물 | E11: 네이버 | F11: 신기농원 | G11: 540-25-00229 | H11: 애플링 딸기칩 10봉 국산100% 동결건조 / 아기부터 온가족 건강간식 [원산지:국산(경상북도 문경시)] | I11: 농산물 | J11: 가공식품(제조가공품) | K11: 900500 | L11: 22 | M11: 44800 | N11: 제조가공식품(과자류(동결건조 과일스낵))이나 1차 신선 농산물 원물로 오등록됨
A12: 8 | B12: 가공완제품 ➡️ 농산물 원물 오등록 | C12: 기존 참여 지속 | D12: 농산물 | E12: 네이버 | F12: 신기농원 | G12: 540-25-00229 | H12: 애플링 국산 동결건조 사과칩·배칩 무첨가 건강간식 어린이 유아 [원산지:국산(경상북도 문경시)] | I12: 농산물 | J12: 가공식품(제조가공품) | K12: 770500 | L12: 12 | M12: 7400 | N12: 제조가공식품(과자류(동결건조 과일스낵))이나 1차 신선 농산물 원물로 오등록됨
A13: 9 | B13: 가공완제품 ➡️ 농산물 원물 오등록 | C13: 기존 참여 지속 | D13: 농산물 | E13: 네이버 | F13: 신기농원 | G13: 540-25-00229 | H13: 애플링 국산 동결건조 사과칩·배칩 자유구성 / 유아 휴대용 건강간식 [원산지:국산(경상북도)] | I13: 농산물 | J13: 가공식품(제조가공품) | K13: 547910 | L13: 15 | M13: 14800 | N13: 제조가공식품(과자류(동결건조 과일스낵))이나 1차 신선 농산물 원물로 오등록됨
A14: 10 | B14: 조미가공육 ➡️ 축산물 오등록 | C14: 기존 참여 지속 | D14: 농산물 | E14: 네이버 | F14: 두루푸드 | G14: 221-13-36518 | H14: 두루푸드 국민닭갈비 춘천닭갈비 택배 홈파티 캠핑요리 숯불닭갈비 [원산지:닭넓적다리(국산), 고추가루(국산), 기타(상세설명참조)] | I14: 축산물 | J14: 가공식품(식육가공품) | K14: 511650 | L14: 17 | M14: 8760 | N14: 식육가공품(조미가공육(춘천닭갈비))이나 1차 생육 축산물로 오등록됨
A15: 11 | B15: 조미가공육 ➡️ 축산물 오등록 | C15: 기존 참여 지속 | D15: 농산물 | E15: 네이버 | F15: 두루푸드 | G15: 221-13-36518 | H15: 두루푸드 국민닭갈비 춘천닭갈비 택배 홈파티 캠핑요리 허브소금닭갈비 [원산지:닭고기 넓적다리(국산), 기타(상세설명참조)] | I15: 축산물 | J15: 가공식품(식육가공품) | K15: 500100 | L15: 24 | M15: 4180 | N15: 식육가공품(조미가공육(춘천닭갈비))이나 1차 생육 축산물로 오등록됨
A16: 12 | B16: 조미가공육 ➡️ 축산물 오등록 | C16: 기존 참여 지속 | D16: 농산물 | E16: 네이버 | F16: 농업회사법인(주)새나라 | G16: 792-88-00316 | H16: 국내산 냉동 닭내장 1kg 곱창,알탕, 닭부산물 [원산지:국산(전라북도 익산시)] | I16: 축산물 | J16: 가공식품(식육가공품) | K16: 365590 | L16: 6 | M16: 12590 | N16: 식육가공품(양념/가공육(곱창/대창))이나 1차 생육 축산물로 오등록됨
... A49: 45 | B49: 가공완제품 ➡️ 농산물 원물 오등록 | C49: 기존 참여 지속 | D49: 유기농 | E49: 오아시스 | F49: 해담는집 | G49: 745-96-00315 | H49: 해담는집 유기농 고춧가루 500g/200g(순한맛/보통맛/매운맛) | I49: 농산물 | J49: 가공식품(제조가공품) | K49: 208400 | L49: 6 | M49: 35006 | N49: 제조가공식품(조미식품(고춧가루))이나 1차 신선 농산물 원물로 오등록됨
A50: 합 계 | B50: 7월 이상치 45건 총계 | K50: 104731260 | L50: 3721 | M50: 9373286 | N50: 유통사 카테고리 매핑 수정 권고

Sheet ※ 7-8월_품목변경
A1: 2026 aT 온라인 판로지원 - 7월 ➡️ 8월 품목분류 자의적 변경 목록 (총 38건)
A2: ※ 동일 사업자·동일 상품인데 7월과 8월 제출 시 카테고리 분류가 자의적으로 바뀐 38건 전수 대조표
A4: No | B4: 유통사 | C4: 사업자명 | D4: 사업자번호 | E4: 상품명 | F4: 7월 분류 | G4: 8월 변경분류 | H4: 7월 매출액(원) | I4: 8월 누적매출액(원) | J4: 8월 순수매출액(원)
A5: 1 | B5: 롯데ON | C5: 주식회사 태범프레시 | D5: 832-86-02035 | E5: [홍익상회] 춘천닭갈비 500g x 3팩 국내산닭고기 양념 순살 | F5: 가공식품 | G5: 축산물 | H5: 0 | I5: 0 | J5: 0
A6: 2 | B6: 롯데ON | C6: 주식회사 태범프레시 | D6: 832-86-02035 | E6: [홍익상회] 춘천 홍익닭갈비 500g x 3팩 국내산 닭고기 양념 순살 | F6: 가공식품 | G6: 축산물 | H6: 2552440 | I6: 2552440 | J6: 0
A7: 3 | B7: 롯데ON | C7: 신선식품 | D7: 131-35-96215 | E7: [온누리7%혜택]고소한 국산 볶은참깨 200g | F7: 농산물 | G7: 가공식품 | H7: 25600 | I7: 204800 | J7: 179200
A8: 4 | B8: 지마켓 | C8: 두원식품(주) | D8: 606-81-52718 | E8: (신선집중) 국내산 한돈 프리미엄 대패 삼겹살 1.2kg | F8: 농산물 | G8: 축산물 | H8: 51796200 | I8: 55053800 | J8: 3257600
A9: 5 | B9: 지마켓 | C9: 다모아영농조합법인 | D9: 613-81-60803 | E9: 농협 공동선별 햇 남해 통마늘 3kg(상) 실중량 지리적표시품 | F9: 축산물 | G9: 농산물 | H9: 73800 | I9: 701100 | J9: 627300
A10: 6 | B10: 지마켓 | C10: 청정태안식품 | D10: 316-01-24597 | E10: 김명월 검정콩 청국장가루 1kg(500g2통) | F10: 농산물 | G10: 가공식품 | H10: 74000 | I10: 222000 | J10: 148000
A11: 7 | B11: 지마켓 | C11: 청정태안식품 | D11: 316-01-24597 | E11: 김명월 검정콩 청국장가루 1kg(500g2통) | F11: 농산물 | G11: 가공식품 | H11: 74000 | I11: 259000 | J11: 185000
A12: 8 | B12: 지마켓 | C12: 형지표고버섯 | D12: 290-94-00335 | E12: 형지표고버섯 흑화고 상황버섯 혼합2호 표고 버섯 선물세트 | F12: 가공식품 | G12: 농산물 | H12: 0 | I12: 0 | J12: 0
A13: 9 | B13: 지마켓 | C13: 농부플러스 | D13: 571-81-00383 | E13: 국산 볶음참깨 햇 참깨 볶은참깨 토종 통깨 200g | F13: 가공식품 | G13: 농산물 | H13: 360800 | I13: 1098800 | J13: 738000
A14: 10 | B14: 지마켓 | C14: 농부플러스 | D14: 571-81-00383 | E14: 국산 볶음참깨 햇 참깨 볶은참깨 토종 통깨 150g | F14: 가공식품 | G14: 농산물 | H14: 13900 | I14: 42700 | J14: 28800
A15: 11 | B15: 지마켓 | C15: 듬뿍곡간 | D15: 181-02-01980 | E15: 듬뿍곡간 국내산 볶은 귀리 / 아침식사대용 간식 | F15: 가공식품 | G15: 농산물 | H15: 0 | I15: 0 | J15: 0
A16: 12 | B16: 지마켓 | C16: 듬뿍곡간 | D16: 181-02-01980 | E16: 듬뿍곡간 국내산 쑥미숫가루 / 선식 식사대용 간식 500g | F16: 농산물 | G16: 가공식품 | H16: 0 | I16: 23800 | J16: 23800
... A42: 38 | B42: 오아시스 | C42: 해담는집 | D42: 745-96-00315 | E42: 해담는집 유기농 고춧가루 500g/200g(순한맛/보통맛/매운맛) | F42: 농산물 | G42: 가공식품 | H42: 208400 | I42: 434900 | J42: 226500
A43: 합 계 | B43: 변경 38건 총계 | H43: 111175440 | I43: 185370440 | J43: 74195000
