Workbook

Sheet 분석
B1: ※ 전체 기획전 결과
B3: 1. 해당 월 참여 상품 수 및 업체수
B4: 구분 | C4: 총 계 | D4: 농부가바로팜 | K4: 친환경
D5: 소 계 | E5: 네이버 | F5: 지마켓 | G5: 롯데ON | H5: 온누리마켓 | I5: 농가살리기 | J5: 오아시스 | K5: 소 계 | L5: 네이버 | M5: 오아시스
B6: 업체수 | C6: =D6+K6 -> 340 | D6: =SUM(E6:J6) -> 285 | E6: 136 | F6: 53 | G6: 47 | H6: 24 | I6: 9 | J6: 16 | K6: =SUM(L6:M6) -> 55 | L6: 26 | M6: 29
B7: 7월 | C7: =SUM(D7,K7) -> 218 | D7: =SUM(E7:J7) -> 186 | E7: 82 | F7: 36 | G7: 32 | H7: 17 | I7: 6 | J7: 13 | K7: =SUM(L7:M7) -> 32 | L7: 16 | M7: 16
B8: 상품수 | C8: =D8+K8 -> 1305 | D8: =SUM(E8:J8) -> 1130 | E8: 388 | F8: 258 | G8: 313 | H8: 55 | I8: 29 | J8: 87 | K8: =SUM(L8:M8) -> 175 | L8: 85 | M8: 90
B10: 2. 유통사 별 쿠폰 사용액
B11: 구분 | C11: 총 계 | D11: 농부가바로팜 | K11: 친환경
D12: 소 계 | E12: 네이버 | F12: 지마켓 | G12: 롯데ON | H12: 온누리마켓 | I12: 농가살리기 | J12: 오아시스 | K12: 소 계 | L12: 네이버 | M12: 오아시스
B13: 쿠폰 사용액 | C13: =D13+K13 -> #ERROR! | D13: =SUM(E13:J13) -> 98962900 | E13: =SUMIF('①농산물raw'!$A$6:$A$445,E$12,'①농산물raw'!$H$6:$H$445) -> 0 | F13: =SUMIF('①농산물raw'!$A$6:$A$445,F$12,'①농산물raw'!$H$6:$H$445) -> 76647920 | G13: =SUMIF('①농산물raw'!$A$6:$A$445,G$12,'①농산물raw'!$H$6:$H$445) -> 22314980 | H13: =SUMIF('①농산물raw'!$A$6:$A$445,H$12,'①농산물raw'!$H$6:$H$445) -> 0 | I13: =SUMIF('①농산물raw'!$A$6:$A$445,I$12,'①농산물raw'!$H$6:$H$445) -> 0 | J13: =SUMIF('①농산물raw'!$A$6:$A$445,J$12,'①농산물raw'!$H$6:$H$445) -> 0 | K13: =SUM(L13:M13) -> #ERROR! | L13: =SUMIF(②유기농raw!#REF!,L$12,②유기농raw!#REF!) -> #ERROR! | M13: =SUMIF(②유기농raw!#REF!,M$12,②유기농raw!#REF!) -> #ERROR!
B15: 3. 유통사 별 매출 분석
B16: 구분 | C16: 총 계 | D16: 농부가바로팜 | K16: 친환경
D17: 소 계 | E17: 네이버 | F17: 지마켓 | G17: 롯데ON | H17: 온누리마켓 | I17: 농가살리기 | J17: 오아시스 | K17: 소 계 | L17: 네이버 | M17: 오아시스
B18: 매출액 | C18: =D18+K18 -> #ERROR! | D18: =SUM(E18:J18) -> 1480449370 | E18: =SUMIF('①농산물raw'!$A$6:$A$445,E$17,'①농산물raw'!$G$6:$G$445) -> 0 | F18: =SUMIF('①농산물raw'!$A$6:$A$445,F$17,'①농산물raw'!$G$6:$G$445) -> 1348440770 | G18: =SUMIF('①농산물raw'!$A$6:$A$445,G$17,'①농산물raw'!$G$6:$G$445) -> 132008600 | H18: =SUMIF('①농산물raw'!$A$6:$A$445,H$17,'①농산물raw'!$G$6:$G$445) -> 0 | I18: =SUMIF('①농산물raw'!$A$6:$A$445,I$17,'①농산물raw'!$G$6:$G$445) -> 0 | J18: =SUMIF('①농산물raw'!$A$6:$A$445,J$17,'①농산물raw'!$G$6:$G$445) -> 0 | K18: =SUM(L18:M18) -> #ERROR! | L18: =SUMIF(②유기농raw!#REF!,L$17,②유기농raw!#REF!) -> #ERROR! | M18: =SUMIF(②유기농raw!#REF!,M$17,②유기농raw!#REF!) -> #ERROR!
B20: 4. 유통사 별 판매 건수
B21: 구분 | C21: 총 계 | D21: 농부가바로팜 | K21: 친환경
D22: 소 계 | E22: 네이버 | F22: 지마켓 | G22: 롯데ON | H22: 온누리마켓 | I22: 농가살리기 | J22: 오아시스 | K22: 소 계 | L22: 네이버 | M22: 오아시스
B23: 판매건수 | C23: =D23+K23 -> #ERROR! | D23: =SUM(E23:J23) -> 73605 | E23: =SUMIF('①농산물raw'!$A$6:$A$445,E$22,'①농산물raw'!$F$6:$F$445) -> 0 | F23: =SUMIF('①농산물raw'!$A$6:$A$445,F$22,'①농산물raw'!$F$6:$F$445) -> 68093 | G23: =SUMIF('①농산물raw'!$A$6:$A$445,G$22,'①농산물raw'!$F$6:$F$445) -> 5512 | H23: =SUMIF('①농산물raw'!$A$6:$A$445,H$22,'①농산물raw'!$F$6:$F$445) -> 0 | I23: =SUMIF('①농산물raw'!$A$6:$A$445,I$22,'①농산물raw'!$F$6:$F$445) -> 0 | J23: =SUMIF('①농산물raw'!$A$6:$A$445,J$22,'①농산물raw'!$F$6:$F$445) -> 0 | K23: =SUM(L23:M23) -> #ERROR! | L23: =SUMIF(②유기농raw!#REF!,L$22,②유기농raw!#REF!) -> #ERROR! | M23: =SUMIF(②유기농raw!#REF!,M$22,②유기농raw!#REF!) -> #ERROR!
B25: 5. 유통사별 품목별 쿠폰 사용액
B26: 구분 | C26: 총 계 | D26: 농부가바로팜 | K26: 친환경
D27: 소 계 | E27: 네이버 | F27: 지마켓 | G27: 롯데ON | H27: 온누리마켓 | I27: 농가살리기 | J27: 오아시스 | K27: 소 계 | L27: 네이버 | M27: 오아시스
B28: 총 계 | C28: =D28+K28 -> #ERROR! | D28: =SUM(E28:J28) -> 98962900 | E28: =SUM(E29:E31) -> 0 | F28: =SUM(F29:F31) -> 76647920 | G28: =SUM(G29:G31) -> 22314980 | H28: =SUM(H29:H31) -> 0 | I28: =SUM(I29:I31) -> 0 | J28: =SUM(J29:J31) -> 0 | K28: =SUM(L28:M28) -> #ERROR! | L28: =SUM(L29:L31) -> #ERROR! | M28: =SUM(M29:M31) -> #ERROR!
B29: 농산물 | C29: =D29+K29 -> #ERROR! | D29: =SUM(E29:J29) -> 49729610 | E29: =SUMIFS('①농산물raw'!$H$6:$H$445,'①농산물raw'!$A$6:$A$445,E$27,'①농산물raw'!$B$6:$B$445,$B29) -> 0 | F29: =SUMIFS('①농산물raw'!$H$6:$H$445,'①농산물raw'!$A$6:$A$445,F$27,'①농산물raw'!$B$6:$B$445,$B29) -> 40365730 | G29: =SUMIFS('①농산물raw'!$H$6:$H$445,'①농산물raw'!$A$6:$A$445,G$27,'①농산물raw'!$B$6:$B$445,$B29) -> 9363880 | H29: =SUMIFS('①농산물raw'!$H$6:$H$445,'①농산물raw'!$A$6:$A$445,H$27,'①농산물raw'!$B$6:$B$445,$B29) -> 0 | I29: =SUMIFS('①농산물raw'!$H$6:$H$445,'①농산물raw'!$A$6:$A$445,I$27,'①농산물raw'!$B$6:$B$445,$B29) -> 0 | J29: =SUMIFS('①농산물raw'!$H$6:$H$445,'①농산물raw'!$A$6:$A$445,J$27,'①농산물raw'!$B$6:$B$445,$B29) -> 0 | K29: =SUM(L29:M29) -> #ERROR! | L29: =SUMIFS(②유기농raw!#REF!,②유기농raw!#REF!,L$27,②유기농raw!#REF!,$B29) -> #ERROR! | M29: =SUMIFS(②유기농raw!#REF!,②유기농raw!#REF!,M$27,②유기농raw!#REF!,$B29) -> #ERROR!
B30: 축산물 | C30: =D30+K30 -> #ERROR! | D30: =SUM(E30:J30) -> 15309010 | E30: =SUMIFS('①농산물raw'!$H$6:$H$445,'①농산물raw'!$A$6:$A$445,E$27,'①농산물raw'!$B$6:$B$445,$B30) -> 0 | F30: =SUMIFS('①농산물raw'!$H$6:$H$445,'①농산물raw'!$A$6:$A$445,F$27,'①농산물raw'!$B$6:$B$445,$B30) -> 9906730 | G30: =SUMIFS('①농산물raw'!$H$6:$H$445,'①농산물raw'!$A$6:$A$445,G$27,'①농산물raw'!$B$6:$B$445,$B30) -> 5402280 | H30: =SUMIFS('①농산물raw'!$H$6:$H$445,'①농산물raw'!$A$6:$A$445,H$27,'①농산물raw'!$B$6:$B$445,$B30) -> 0 | I30: =SUMIFS('①농산물raw'!$H$6:$H$445,'①농산물raw'!$A$6:$A$445,I$27,'①농산물raw'!$B$6:$B$445,$B30) -> 0 | J30: =SUMIFS('①농산물raw'!$H$6:$H$445,'①농산물raw'!$A$6:$A$445,J$27,'①농산물raw'!$B$6:$B$445,$B30) -> 0 | K30: =SUM(L30:M30) -> #ERROR! | L30: =SUMIFS(②유기농raw!#REF!,②유기농raw!#REF!,L$27,②유기농raw!#REF!,$B30) -> #ERROR! | M30: =SUMIFS(②유기농raw!#REF!,②유기농raw!#REF!,M$27,②유기농raw!#REF!,$B30) -> #ERROR!
B31: 가공식품 | C31: =D31+K31 -> #ERROR! | D31: =SUM(E31:J31) -> 33924280 | E31: =SUMIFS('①농산물raw'!$H$6:$H$445,'①농산물raw'!$A$6:$A$445,E$27,'①농산물raw'!$B$6:$B$445,$B31) -> 0 | F31: =SUMIFS('①농산물raw'!$H$6:$H$445,'①농산물raw'!$A$6:$A$445,F$27,'①농산물raw'!$B$6:$B$445,$B31) -> 26375460 | G31: =SUMIFS('①농산물raw'!$H$6:$H$445,'①농산물raw'!$A$6:$A$445,G$27,'①농산물raw'!$B$6:$B$445,$B31) -> 7548820 | H31: =SUMIFS('①농산물raw'!$H$6:$H$445,'①농산물raw'!$A$6:$A$445,H$27,'①농산물raw'!$B$6:$B$445,$B31) -> 0 | I31: =SUMIFS('①농산물raw'!$H$6:$H$445,'①농산물raw'!$A$6:$A$445,I$27,'①농산물raw'!$B$6:$B$445,$B31) -> 0 | J31: =SUMIFS('①농산물raw'!$H$6:$H$445,'①농산물raw'!$A$6:$A$445,J$27,'①농산물raw'!$B$6:$B$445,$B31) -> 0 | K31: =SUM(L31:M31) -> #ERROR! | L31: =SUMIFS(②유기농raw!#REF!,②유기농raw!#REF!,L$27,②유기농raw!#REF!,$B31) -> #ERROR! | M31: =SUMIFS(②유기농raw!#REF!,②유기농raw!#REF!,M$27,②유기농raw!#REF!,$B31) -> #ERROR!
B33: 6. 유통사별 품목별 매출 분석
B34: 구분 | C34: 총 계 | D34: 농부가바로팜 | K34: 친환경
D35: 소 계 | E35: 네이버 | F35: 지마켓 | G35: 롯데ON | H35: 온누리마켓 | I35: 농가살리기 | J35: 오아시스 | K35: 소 계 | L35: 네이버 | M35: 오아시스
B36: 총 계 | C36: =D36+K36 -> #ERROR! | D36: =SUM(E36:J36) -> 1480449370 | E36: =SUM(E37:E39) -> 0 | F36: =SUM(F37:F39) -> 1348440770 | G36: =SUM(G37:G39) -> 132008600 | H36: =SUM(H37:H39) -> 0 | I36: =SUM(I37:I39) -> 0 | J36: =SUM(J37:J39) -> 0 | K36: =SUM(L36:M36) -> #ERROR! | L36: =SUM(L37:L39) -> #ERROR! | M36: =SUM(M37:M39) -> #ERROR!
B37: 농산물 | C37: =D37+K37 -> #ERROR! | D37: =SUM(E37:J37) -> 648042030 | E37: =SUMIFS('①농산물raw'!$G$6:$G$445,'①농산물raw'!$A$6:$A$445,E$35,'①농산물raw'!$B$6:$B$445,$B37) -> 0 | F37: =SUMIFS('①농산물raw'!$G$6:$G$445,'①농산물raw'!$A$6:$A$445,F$35,'①농산물raw'!$B$6:$B$445,$B37) -> 597566830 | G37: =SUMIFS('①농산물raw'!$G$6:$G$445,'①농산물raw'!$A$6:$A$445,G$35,'①농산물raw'!$B$6:$B$445,$B37) -> 50475200 | H37: =SUMIFS('①농산물raw'!$G$6:$G$445,'①농산물raw'!$A$6:$A$445,H$35,'①농산물raw'!$B$6:$B$445,$B37) -> 0 | I37: =SUMIFS('①농산물raw'!$G$6:$G$445,'①농산물raw'!$A$6:$A$445,I$35,'①농산물raw'!$B$6:$B$445,$B37) -> 0 | J37: =SUMIFS('①농산물raw'!$G$6:$G$445,'①농산물raw'!$A$6:$A$445,J$35,'①농산물raw'!$B$6:$B$445,$B37) -> 0 | K37: =SUM(L37:M37) -> #ERROR! | L37: =SUMIFS(②유기농raw!#REF!,②유기농raw!#REF!,L$35,②유기농raw!#REF!,$B37) -> #ERROR! | M37: =SUMIFS(②유기농raw!#REF!,②유기농raw!#REF!,M$35,②유기농raw!#REF!,$B37) -> #ERROR!
B38: 축산물 | C38: =D38+K38 -> #ERROR! | D38: =SUM(E38:J38) -> 154808000 | E38: =SUMIFS('①농산물raw'!$G$6:$G$445,'①농산물raw'!$A$6:$A$445,E$35,'①농산물raw'!$B$6:$B$445,$B38) -> 0 | F38: =SUMIFS('①농산물raw'!$G$6:$G$445,'①농산물raw'!$A$6:$A$445,F$35,'①농산물raw'!$B$6:$B$445,$B38) -> 115183100 | G38: =SUMIFS('①농산물raw'!$G$6:$G$445,'①농산물raw'!$A$6:$A$445,G$35,'①농산물raw'!$B$6:$B$445,$B38) -> 39624900 | H38: =SUMIFS('①농산물raw'!$G$6:$G$445,'①농산물raw'!$A$6:$A$445,H$35,'①농산물raw'!$B$6:$B$445,$B38) -> 0 | I38: =SUMIFS('①농산물raw'!$G$6:$G$445,'①농산물raw'!$A$6:$A$445,I$35,'①농산물raw'!$B$6:$B$445,$B38) -> 0 | J38: =SUMIFS('①농산물raw'!$G$6:$G$445,'①농산물raw'!$A$6:$A$445,J$35,'①농산물raw'!$B$6:$B$445,$B38) -> 0 | K38: =SUM(L38:M38) -> #ERROR! | L38: =SUMIFS(②유기농raw!#REF!,②유기농raw!#REF!,L$35,②유기농raw!#REF!,$B38) -> #ERROR! | M38: =SUMIFS(②유기농raw!#REF!,②유기농raw!#REF!,M$35,②유기농raw!#REF!,$B38) -> #ERROR!
B39: 가공식품 | C39: =D39+K39 -> #ERROR! | D39: =SUM(E39:J39) -> 677599340 | E39: =SUMIFS('①농산물raw'!$G$6:$G$445,'①농산물raw'!$A$6:$A$445,E$35,'①농산물raw'!$B$6:$B$445,$B39) -> 0 | F39: =SUMIFS('①농산물raw'!$G$6:$G$445,'①농산물raw'!$A$6:$A$445,F$35,'①농산물raw'!$B$6:$B$445,$B39) -> 635690840 | G39: =SUMIFS('①농산물raw'!$G$6:$G$445,'①농산물raw'!$A$6:$A$445,G$35,'①농산물raw'!$B$6:$B$445,$B39) -> 41908500 | H39: =SUMIFS('①농산물raw'!$G$6:$G$445,'①농산물raw'!$A$6:$A$445,H$35,'①농산물raw'!$B$6:$B$445,$B39) -> 0 | I39: =SUMIFS('①농산물raw'!$G$6:$G$445,'①농산물raw'!$A$6:$A$445,I$35,'①농산물raw'!$B$6:$B$445,$B39) -> 0 | J39: =SUMIFS('①농산물raw'!$G$6:$G$445,'①농산물raw'!$A$6:$A$445,J$35,'①농산물raw'!$B$6:$B$445,$B39) -> 0 | K39: =SUM(L39:M39) -> #ERROR! | L39: =SUMIFS(②유기농raw!#REF!,②유기농raw!#REF!,L$35,②유기농raw!#REF!,$B39) -> #ERROR! | M39: =SUMIFS(②유기농raw!#REF!,②유기농raw!#REF!,M$35,②유기농raw!#REF!,$B39) -> #ERROR!
B41: 7. 유통사별 품목별 판매 건수
B42: 구분 | C42: 총 계 | D42: 농부가바로팜 | K42: 친환경
D43: 소 계 | E43: 네이버 | F43: 지마켓 | G43: 롯데ON | H43: 온누리마켓 | I43: 농가살리기 | J43: 오아시스 | K43: 소 계 | L43: 네이버 | M43: 오아시스
B44: 총 계 | C44: =D44+K44 -> #ERROR! | D44: =SUM(E44:J44) -> 73605 | E44: =SUM(E45:E47) -> 0 | F44: =SUM(F45:F47) -> 68093 | G44: =SUM(G45:G47) -> 5512 | H44: =SUM(H45:H47) -> 0 | I44: =SUM(I45:I47) -> 0 | J44: =SUM(J45:J47) -> 0 | K44: =SUM(L44:M44) -> #ERROR! | L44: =SUM(L45:L47) -> #ERROR! | M44: =SUM(M45:M47) -> #ERROR!
B45: 농산물 | C45: =D45+K45 -> #ERROR! | D45: =SUM(E45:J45) -> 29436 | E45: =SUMIFS('①농산물raw'!$F$6:$F$445,'①농산물raw'!$A$6:$A$445,E$43,'①농산물raw'!$B$6:$B$445,$B45) -> 0 | F45: =SUMIFS('①농산물raw'!$F$6:$F$445,'①농산물raw'!$A$6:$A$445,F$43,'①농산물raw'!$B$6:$B$445,$B45) -> 26688 | G45: =SUMIFS('①농산물raw'!$F$6:$F$445,'①농산물raw'!$A$6:$A$445,G$43,'①농산물raw'!$B$6:$B$445,$B45) -> 2748 | H45: =SUMIFS('①농산물raw'!$F$6:$F$445,'①농산물raw'!$A$6:$A$445,H$43,'①농산물raw'!$B$6:$B$445,$B45) -> 0 | I45: =SUMIFS('①농산물raw'!$F$6:$F$445,'①농산물raw'!$A$6:$A$445,I$43,'①농산물raw'!$B$6:$B$445,$B45) -> 0 | J45: =SUMIFS('①농산물raw'!$F$6:$F$445,'①농산물raw'!$A$6:$A$445,J$43,'①농산물raw'!$B$6:$B$445,$B45) -> 0 | K45: =SUM(L45:M45) -> #ERROR! | L45: =SUMIFS(②유기농raw!#REF!,②유기농raw!#REF!,L$43,②유기농raw!#REF!,$B45) -> #ERROR! | M45: =SUMIFS(②유기농raw!#REF!,②유기농raw!#REF!,M$43,②유기농raw!#REF!,$B45) -> #ERROR!
B46: 축산물 | C46: =D46+K46 -> #ERROR! | D46: =SUM(E46:J46) -> 5469 | E46: =SUMIFS('①농산물raw'!$F$6:$F$445,'①농산물raw'!$A$6:$A$445,E$43,'①농산물raw'!$B$6:$B$445,$B46) -> 0 | F46: =SUMIFS('①농산물raw'!$F$6:$F$445,'①농산물raw'!$A$6:$A$445,F$43,'①농산물raw'!$B$6:$B$445,$B46) -> 4664 | G46: =SUMIFS('①농산물raw'!$F$6:$F$445,'①농산물raw'!$A$6:$A$445,G$43,'①농산물raw'!$B$6:$B$445,$B46) -> 805 | H46: =SUMIFS('①농산물raw'!$F$6:$F$445,'①농산물raw'!$A$6:$A$445,H$43,'①농산물raw'!$B$6:$B$445,$B46) -> 0 | I46: =SUMIFS('①농산물raw'!$F$6:$F$445,'①농산물raw'!$A$6:$A$445,I$43,'①농산물raw'!$B$6:$B$445,$B46) -> 0 | J46: =SUMIFS('①농산물raw'!$F$6:$F$445,'①농산물raw'!$A$6:$A$445,J$43,'①농산물raw'!$B$6:$B$445,$B46) -> 0 | K46: =SUM(L46:M46) -> #ERROR! | L46: =SUMIFS(②유기농raw!#REF!,②유기농raw!#REF!,L$43,②유기농raw!#REF!,$B46) -> #ERROR! | M46: =SUMIFS(②유기농raw!#REF!,②유기농raw!#REF!,M$43,②유기농raw!#REF!,$B46) -> #ERROR!
B47: 가공식품 | C47: =D47+K47 -> #ERROR! | D47: =SUM(E47:J47) -> 38700 | E47: =SUMIFS('①농산물raw'!$F$6:$F$445,'①농산물raw'!$A$6:$A$445,E$43,'①농산물raw'!$B$6:$B$445,$B47) -> 0 | F47: =SUMIFS('①농산물raw'!$F$6:$F$445,'①농산물raw'!$A$6:$A$445,F$43,'①농산물raw'!$B$6:$B$445,$B47) -> 36741 | G47: =SUMIFS('①농산물raw'!$F$6:$F$445,'①농산물raw'!$A$6:$A$445,G$43,'①농산물raw'!$B$6:$B$445,$B47) -> 1959 | H47: =SUMIFS('①농산물raw'!$F$6:$F$445,'①농산물raw'!$A$6:$A$445,H$43,'①농산물raw'!$B$6:$B$445,$B47) -> 0 | I47: =SUMIFS('①농산물raw'!$F$6:$F$445,'①농산물raw'!$A$6:$A$445,I$43,'①농산물raw'!$B$6:$B$445,$B47) -> 0 | J47: =SUMIFS('①농산물raw'!$F$6:$F$445,'①농산물raw'!$A$6:$A$445,J$43,'①농산물raw'!$B$6:$B$445,$B47) -> 0 | K47: =SUM(L47:M47) -> #ERROR! | L47: =SUMIFS(②유기농raw!#REF!,②유기농raw!#REF!,L$43,②유기농raw!#REF!,$B47) -> #ERROR! | M47: =SUMIFS(②유기농raw!#REF!,②유기농raw!#REF!,M$43,②유기농raw!#REF!,$B47) -> #ERROR!
B50: ※ 농산물 온라인 마케터
B52: 1. 월별 참여 업체 및 상품 수
B53: 구분 | D53: 총 계 | E53: 네이버 | F53: 지마켓 | G53: 롯데ON | H53: 온누리마켓 | I53: 농가살리기 | J53: 오아시스
B54: 7월 | C54: 업체수 | D54: =SUMPRODUCT(--('농산물업체'!$C$3:$C$287<>"")) -> 285 | E54: =SUMPRODUCT(--(SUBSTITUTE('농산물업체'!$E$3:$E$287,"롯데온","롯데ON")=E$53)) -> 136 | F54: =SUMPRODUCT(--(SUBSTITUTE('농산물업체'!$E$3:$E$287,"롯데온","롯데ON")=F$53)) -> 53 | G54: =SUMPRODUCT(--(SUBSTITUTE('농산물업체'!$E$3:$E$287,"롯데온","롯데ON")=G$53)) -> 47 | H54: =SUMPRODUCT(--(SUBSTITUTE('농산물업체'!$E$3:$E$287,"롯데온","롯데ON")=H$53)) -> 24 | I54: =SUMPRODUCT(--(SUBSTITUTE('농산물업체'!$E$3:$E$287,"롯데온","롯데ON")=I$53)) -> 9 | J54: =SUMPRODUCT(--(SUBSTITUTE('농산물업체'!$E$3:$E$287,"롯데온","롯데ON")=J$53)) -> 16
C55: 상품수 | D55: =SUM(E55:J55) -> 440 | E55: =COUNTIF('①농산물raw'!$A$6:$A$445,E$53) -> 0 | F55: =COUNTIF('①농산물raw'!$A$6:$A$445,F$53) -> 298 | G55: =COUNTIF('①농산물raw'!$A$6:$A$445,G$53) -> 142 | H55: =COUNTIF('①농산물raw'!$A$6:$A$445,H$53) -> 0 | I55: =COUNTIF('①농산물raw'!$A$6:$A$445,I$53) -> 0 | J55: =COUNTIF('①농산물raw'!$A$6:$A$445,J$53) -> 0
B57: 2. 유통사 별 쿠폰 사용액
B58: 구분 | D58: 총 계 | E58: 네이버 | F58: 지마켓 | G58: 롯데ON | H58: 온누리마켓 | I58: 농가살리기 | J58: 오아시스
B59: 총 계 | D59: =SUM(E59:J59) -> 98962900 | E59: =E60 -> 0 | F59: =F60 -> 76647920 | G59: =G60 -> 22314980 | H59: =H60 -> 0 | I59: =I60 -> 0 | J59: =J60 -> 0
B60: 7월 | D60: =SUM(E60:J60) -> 98962900 | E60: =SUMIF('①농산물raw'!$A$6:$A$445,E$58,'①농산물raw'!$H$6:$H$445) -> 0 | F60: =SUMIF('①농산물raw'!$A$6:$A$445,F$58,'①농산물raw'!$H$6:$H$445) -> 76647920 | G60: =SUMIF('①농산물raw'!$A$6:$A$445,G$58,'①농산물raw'!$H$6:$H$445) -> 22314980 | H60: =SUMIF('①농산물raw'!$A$6:$A$445,H$58,'①농산물raw'!$H$6:$H$445) -> 0 | I60: =SUMIF('①농산물raw'!$A$6:$A$445,I$58,'①농산물raw'!$H$6:$H$445) -> 0 | J60: =SUMIF('①농산물raw'!$A$6:$A$445,J$58,'①농산물raw'!$H$6:$H$445) -> 0
B61: 쿠폰 배정액 | D61: =SUM(E61:J61) -> 700000000 | E61: 250000000 | F61: 175000000 | G61: 115000000 | H61: 60000000 | I61: 40000000 | J61: 60000000
B62: 잔여금액 | D62: =SUM(E62:J62) -> 601037100 | E62: =E61-E59 -> 250000000 | F62: =F61-F59 -> 98352080 | G62: =G61-G59 -> 92685020 | H62: =H61-H59 -> 60000000 | I62: =I61-I59 -> 40000000 | J62: =J61-J59 -> 60000000
B64: 3. 유통사 별 매출 분석
B65: 구분 | D65: 총 계 | E65: 네이버 | F65: 지마켓 | G65: 롯데ON | H65: 온누리마켓 | I65: 농가살리기 | J65: 오아시스
B66: 총 계 | D66: =SUM(E66:J66) -> 1480449370 | E66: =E67 -> 0 | F66: =F67 -> 1348440770 | G66: =G67 -> 132008600 | H66: =H67 -> 0 | I66: =I67 -> 0 | J66: =J67 -> 0
B67: 7월 | D67: =SUM(E67:J67) -> 1480449370 | E67: =SUMIF('①농산물raw'!$A$6:$A$445,E$65,'①농산물raw'!$G$6:$G$445) -> 0 | F67: =SUMIF('①농산물raw'!$A$6:$A$445,F$65,'①농산물raw'!$G$6:$G$445) -> 1348440770 | G67: =SUMIF('①농산물raw'!$A$6:$A$445,G$65,'①농산물raw'!$G$6:$G$445) -> 132008600 | H67: =SUMIF('①농산물raw'!$A$6:$A$445,H$65,'①농산물raw'!$G$6:$G$445) -> 0 | I67: =SUMIF('①농산물raw'!$A$6:$A$445,I$65,'①농산물raw'!$G$6:$G$445) -> 0 | J67: =SUMIF('①농산물raw'!$A$6:$A$445,J$65,'①농산물raw'!$G$6:$G$445) -> 0
B69: 4. 유통사 별 판매 건수
B70: 구분 | D70: 총 계 | E70: 네이버 | F70: 지마켓 | G70: 롯데ON | H70: 온누리마켓 | I70: 농가살리기 | J70: 오아시스
B71: 총 계 | D71: =SUM(E71:J71) -> 73605 | E71: =E72 -> 0 | F71: =F72 -> 68093 | G71: =G72 -> 5512 | H71: =H72 -> 0 | I71: =I72 -> 0 | J71: =J72 -> 0
B72: 7월 | D72: =SUM(E72:J72) -> 73605 | E72: =SUMIF('①농산물raw'!$A$6:$A$445,E$70,'①농산물raw'!$F$6:$F$445) -> 0 | F72: =SUMIF('①농산물raw'!$A$6:$A$445,F$70,'①농산물raw'!$F$6:$F$445) -> 68093 | G72: =SUMIF('①농산물raw'!$A$6:$A$445,G$70,'①농산물raw'!$F$6:$F$445) -> 5512 | H72: =SUMIF('①농산물raw'!$A$6:$A$445,H$70,'①농산물raw'!$F$6:$F$445) -> 0 | I72: =SUMIF('①농산물raw'!$A$6:$A$445,I$70,'①농산물raw'!$F$6:$F$445) -> 0 | J72: =SUMIF('①농산물raw'!$A$6:$A$445,J$70,'①농산물raw'!$F$6:$F$445) -> 0
B74: 5. 유통사별 품목별 쿠폰 사용액
B75: 품목 | C75: 구분 | D75: 총 계 | E75: 네이버 | F75: 지마켓 | G75: 롯데ON | H75: 온누리마켓 | I75: 농가살리기 | J75: 오아시스
B76: 총 계 | D76: =SUM(E76:J76) -> 98962900 | E76: =E77+E79+E81 -> 0 | F76: =F77+F79+F81 -> 76647920 | G76: =G77+G79+G81 -> 22314980 | H76: =H77+H79+H81 -> 0 | I76: =I77+I79+I81 -> 0 | J76: =J77+J79+J81 -> 0
B77: 농산물 | C77: 소 계 | D77: =SUM(E77:J77) -> 49729610 | E77: =E78 -> 0 | F77: =F78 -> 40365730 | G77: =G78 -> 9363880 | H77: =H78 -> 0 | I77: =I78 -> 0 | J77: =J78 -> 0
C78: 7월 | D78: =SUM(E78:J78) -> 49729610 | E78: =SUMIFS('①농산물raw'!$H$6:$H$445,'①농산물raw'!$A$6:$A$445,E$75,'①농산물raw'!$B$6:$B$445,$B77) -> 0 | F78: =SUMIFS('①농산물raw'!$H$6:$H$445,'①농산물raw'!$A$6:$A$445,F$75,'①농산물raw'!$B$6:$B$445,$B77) -> 40365730 | G78: =SUMIFS('①농산물raw'!$H$6:$H$445,'①농산물raw'!$A$6:$A$445,G$75,'①농산물raw'!$B$6:$B$445,$B77) -> 9363880 | H78: =SUMIFS('①농산물raw'!$H$6:$H$445,'①농산물raw'!$A$6:$A$445,H$75,'①농산물raw'!$B$6:$B$445,$B77) -> 0 | I78: =SUMIFS('①농산물raw'!$H$6:$H$445,'①농산물raw'!$A$6:$A$445,I$75,'①농산물raw'!$B$6:$B$445,$B77) -> 0 | J78: =SUMIFS('①농산물raw'!$H$6:$H$445,'①농산물raw'!$A$6:$A$445,J$75,'①농산물raw'!$B$6:$B$445,$B77) -> 0
B79: 축산물 | C79: 소 계 | D79: =SUM(E79:J79) -> 15309010 | E79: =E80 -> 0 | F79: =F80 -> 9906730 | G79: =G80 -> 5402280 | H79: =H80 -> 0 | I79: =I80 -> 0 | J79: =J80 -> 0
C80: 7월 | D80: =SUM(E80:J80) -> 15309010 | E80: =SUMIFS('①농산물raw'!$H$6:$H$445,'①농산물raw'!$A$6:$A$445,E$75,'①농산물raw'!$B$6:$B$445,$B79) -> 0 | F80: =SUMIFS('①농산물raw'!$H$6:$H$445,'①농산물raw'!$A$6:$A$445,F$75,'①농산물raw'!$B$6:$B$445,$B79) -> 9906730 | G80: =SUMIFS('①농산물raw'!$H$6:$H$445,'①농산물raw'!$A$6:$A$445,G$75,'①농산물raw'!$B$6:$B$445,$B79) -> 5402280 | H80: =SUMIFS('①농산물raw'!$H$6:$H$445,'①농산물raw'!$A$6:$A$445,H$75,'①농산물raw'!$B$6:$B$445,$B79) -> 0 | I80: =SUMIFS('①농산물raw'!$H$6:$H$445,'①농산물raw'!$A$6:$A$445,I$75,'①농산물raw'!$B$6:$B$445,$B79) -> 0 | J80: =SUMIFS('①농산물raw'!$H$6:$H$445,'①농산물raw'!$A$6:$A$445,J$75,'①농산물raw'!$B$6:$B$445,$B79) -> 0
B81: 가공식품 | C81: 소 계 | D81: =SUM(E81:J81) -> 33924280 | E81: =E82 -> 0 | F81: =F82 -> 26375460 | G81: =G82 -> 7548820 | H81: =H82 -> 0 | I81: =I82 -> 0 | J81: =J82 -> 0
C82: 7월 | D82: =SUM(E82:J82) -> 33924280 | E82: =SUMIFS('①농산물raw'!$H$6:$H$445,'①농산물raw'!$A$6:$A$445,E$75,'①농산물raw'!$B$6:$B$445,$B81) -> 0 | F82: =SUMIFS('①농산물raw'!$H$6:$H$445,'①농산물raw'!$A$6:$A$445,F$75,'①농산물raw'!$B$6:$B$445,$B81) -> 26375460 | G82: =SUMIFS('①농산물raw'!$H$6:$H$445,'①농산물raw'!$A$6:$A$445,G$75,'①농산물raw'!$B$6:$B$445,$B81) -> 7548820 | H82: =SUMIFS('①농산물raw'!$H$6:$H$445,'①농산물raw'!$A$6:$A$445,H$75,'①농산물raw'!$B$6:$B$445,$B81) -> 0 | I82: =SUMIFS('①농산물raw'!$H$6:$H$445,'①농산물raw'!$A$6:$A$445,I$75,'①농산물raw'!$B$6:$B$445,$B81) -> 0 | J82: =SUMIFS('①농산물raw'!$H$6:$H$445,'①농산물raw'!$A$6:$A$445,J$75,'①농산물raw'!$B$6:$B$445,$B81) -> 0
B84: 6. 유통사별 품목별 매출 분석
B85: 품목 | C85: 구분 | D85: 총 계 | E85: 네이버 | F85: 지마켓 | G85: 롯데ON | H85: 온누리마켓 | I85: 농가살리기 | J85: 오아시스
B86: 총 계 | D86: =SUM(E86:J86) -> 1480449370 | E86: =E87+E89+E91 -> 0 | F86: =F87+F89+F91 -> 1348440770 | G86: =G87+G89+G91 -> 132008600 | H86: =H87+H89+H91 -> 0 | I86: =I87+I89+I91 -> 0 | J86: =J87+J89+J91 -> 0
B87: 농산물 | C87: 소 계 | D87: =SUM(E87:J87) -> 648042030 | E87: =E88 -> 0 | F87: =F88 -> 597566830 | G87: =G88 -> 50475200 | H87: =H88 -> 0 | I87: =I88 -> 0 | J87: =J88 -> 0
C88: 7월 | D88: =SUM(E88:J88) -> 648042030 | E88: =SUMIFS('①농산물raw'!$G$6:$G$445,'①농산물raw'!$A$6:$A$445,E$85,'①농산물raw'!$B$6:$B$445,$B87) -> 0 | F88: =SUMIFS('①농산물raw'!$G$6:$G$445,'①농산물raw'!$A$6:$A$445,F$85,'①농산물raw'!$B$6:$B$445,$B87) -> 597566830 | G88: =SUMIFS('①농산물raw'!$G$6:$G$445,'①농산물raw'!$A$6:$A$445,G$85,'①농산물raw'!$B$6:$B$445,$B87) -> 50475200 | H88: =SUMIFS('①농산물raw'!$G$6:$G$445,'①농산물raw'!$A$6:$A$445,H$85,'①농산물raw'!$B$6:$B$445,$B87) -> 0 | I88: =SUMIFS('①농산물raw'!$G$6:$G$445,'①농산물raw'!$A$6:$A$445,I$85,'①농산물raw'!$B$6:$B$445,$B87) -> 0 | J88: =SUMIFS('①농산물raw'!$G$6:$G$445,'①농산물raw'!$A$6:$A$445,J$85,'①농산물raw'!$B$6:$B$445,$B87) -> 0
B89: 축산물 | C89: 소 계 | D89: =SUM(E89:J89) -> 154808000 | E89: =E90 -> 0 | F89: =F90 -> 115183100 | G89: =G90 -> 39624900 | H89: =H90 -> 0 | I89: =I90 -> 0 | J89: =J90 -> 0
C90: 7월 | D90: =SUM(E90:J90) -> 154808000 | E90: =SUMIFS('①농산물raw'!$G$6:$G$445,'①농산물raw'!$A$6:$A$445,E$85,'①농산물raw'!$B$6:$B$445,$B89) -> 0 | F90: =SUMIFS('①농산물raw'!$G$6:$G$445,'①농산물raw'!$A$6:$A$445,F$85,'①농산물raw'!$B$6:$B$445,$B89) -> 115183100 | G90: =SUMIFS('①농산물raw'!$G$6:$G$445,'①농산물raw'!$A$6:$A$445,G$85,'①농산물raw'!$B$6:$B$445,$B89) -> 39624900 | H90: =SUMIFS('①농산물raw'!$G$6:$G$445,'①농산물raw'!$A$6:$A$445,H$85,'①농산물raw'!$B$6:$B$445,$B89) -> 0 | I90: =SUMIFS('①농산물raw'!$G$6:$G$445,'①농산물raw'!$A$6:$A$445,I$85,'①농산물raw'!$B$6:$B$445,$B89) -> 0 | J90: =SUMIFS('①농산물raw'!$G$6:$G$445,'①농산물raw'!$A$6:$A$445,J$85,'①농산물raw'!$B$6:$B$445,$B89) -> 0
B91: 가공식품 | C91: 소 계 | D91: =SUM(E91:J91) -> 677599340 | E91: =E92 -> 0 | F91: =F92 -> 635690840 | G91: =G92 -> 41908500 | H91: =H92 -> 0 | I91: =I92 -> 0 | J91: =J92 -> 0
C92: 7월 | D92: =SUM(E92:J92) -> 677599340 | E92: =SUMIFS('①농산물raw'!$G$6:$G$445,'①농산물raw'!$A$6:$A$445,E$85,'①농산물raw'!$B$6:$B$445,$B91) -> 0 | F92: =SUMIFS('①농산물raw'!$G$6:$G$445,'①농산물raw'!$A$6:$A$445,F$85,'①농산물raw'!$B$6:$B$445,$B91) -> 635690840 | G92: =SUMIFS('①농산물raw'!$G$6:$G$445,'①농산물raw'!$A$6:$A$445,G$85,'①농산물raw'!$B$6:$B$445,$B91) -> 41908500 | H92: =SUMIFS('①농산물raw'!$G$6:$G$445,'①농산물raw'!$A$6:$A$445,H$85,'①농산물raw'!$B$6:$B$445,$B91) -> 0 | I92: =SUMIFS('①농산물raw'!$G$6:$G$445,'①농산물raw'!$A$6:$A$445,I$85,'①농산물raw'!$B$6:$B$445,$B91) -> 0 | J92: =SUMIFS('①농산물raw'!$G$6:$G$445,'①농산물raw'!$A$6:$A$445,J$85,'①농산물raw'!$B$6:$B$445,$B91) -> 0
B94: 7. 유통사별 품목별 판매 건수
B95: 품목 | C95: 구분 | D95: 총 계 | E95: 네이버 | F95: 지마켓 | G95: 롯데ON | H95: 온누리마켓 | I95: 농가살리기 | J95: 오아시스
B96: 총 계 | D96: =SUM(E96:J96) -> 73605 | E96: =E97+E99+E101 -> 0 | F96: =F97+F99+F101 -> 68093 | G96: =G97+G99+G101 -> 5512 | H96: =H97+H99+H101 -> 0 | I96: =I97+I99+I101 -> 0 | J96: =J97+J99+J101 -> 0
B97: 농산물 | C97: 소 계 | D97: =SUM(E97:J97) -> 29436 | E97: =E98 -> 0 | F97: =F98 -> 26688 | G97: =G98 -> 2748 | H97: =H98 -> 0 | I97: =I98 -> 0 | J97: =J98 -> 0
C98: 7월 | D98: =SUM(E98:J98) -> 29436 | E98: =SUMIFS('①농산물raw'!$F$6:$F$445,'①농산물raw'!$A$6:$A$445,E$95,'①농산물raw'!$B$6:$B$445,$B97) -> 0 | F98: =SUMIFS('①농산물raw'!$F$6:$F$445,'①농산물raw'!$A$6:$A$445,F$95,'①농산물raw'!$B$6:$B$445,$B97) -> 26688 | G98: =SUMIFS('①농산물raw'!$F$6:$F$445,'①농산물raw'!$A$6:$A$445,G$95,'①농산물raw'!$B$6:$B$445,$B97) -> 2748 | H98: =SUMIFS('①농산물raw'!$F$6:$F$445,'①농산물raw'!$A$6:$A$445,H$95,'①농산물raw'!$B$6:$B$445,$B97) -> 0 | I98: =SUMIFS('①농산물raw'!$F$6:$F$445,'①농산물raw'!$A$6:$A$445,I$95,'①농산물raw'!$B$6:$B$445,$B97) -> 0 | J98: =SUMIFS('①농산물raw'!$F$6:$F$445,'①농산물raw'!$A$6:$A$445,J$95,'①농산물raw'!$B$6:$B$445,$B97) -> 0
B99: 축산물 | C99: 소 계 | D99: =SUM(E99:J99) -> 5469 | E99: =E100 -> 0 | F99: =F100 -> 4664 | G99: =G100 -> 805 | H99: =H100 -> 0 | I99: =I100 -> 0 | J99: =J100 -> 0
C100: 7월 | D100: =SUM(E100:J100) -> 5469 | E100: =SUMIFS('①농산물raw'!$F$6:$F$445,'①농산물raw'!$A$6:$A$445,E$95,'①농산물raw'!$B$6:$B$445,$B99) -> 0 | F100: =SUMIFS('①농산물raw'!$F$6:$F$445,'①농산물raw'!$A$6:$A$445,F$95,'①농산물raw'!$B$6:$B$445,$B99) -> 4664 | G100: =SUMIFS('①농산물raw'!$F$6:$F$445,'①농산물raw'!$A$6:$A$445,G$95,'①농산물raw'!$B$6:$B$445,$B99) -> 805 | H100: =SUMIFS('①농산물raw'!$F$6:$F$445,'①농산물raw'!$A$6:$A$445,H$95,'①농산물raw'!$B$6:$B$445,$B99) -> 0 | I100: =SUMIFS('①농산물raw'!$F$6:$F$445,'①농산물raw'!$A$6:$A$445,I$95,'①농산물raw'!$B$6:$B$445,$B99) -> 0 | J100: =SUMIFS('①농산물raw'!$F$6:$F$445,'①농산물raw'!$A$6:$A$445,J$95,'①농산물raw'!$B$6:$B$445,$B99) -> 0
B101: 가공식품 | C101: 소 계 | D101: =SUM(E101:J101) -> 38700 | E101: =E102 -> 0 | F101: =F102 -> 36741 | G101: =G102 -> 1959 | H101: =H102 -> 0 | I101: =I102 -> 0 | J101: =J102 -> 0
C102: 7월 | D102: =SUM(E102:J102) -> 38700 | E102: =SUMIFS('①농산물raw'!$F$6:$F$445,'①농산물raw'!$A$6:$A$445,E$95,'①농산물raw'!$B$6:$B$445,$B101) -> 0 | F102: =SUMIFS('①농산물raw'!$F$6:$F$445,'①농산물raw'!$A$6:$A$445,F$95,'①농산물raw'!$B$6:$B$445,$B101) -> 36741 | G102: =SUMIFS('①농산물raw'!$F$6:$F$445,'①농산물raw'!$A$6:$A$445,G$95,'①농산물raw'!$B$6:$B$445,$B101) -> 1959 | H102: =SUMIFS('①농산물raw'!$F$6:$F$445,'①농산물raw'!$A$6:$A$445,H$95,'①농산물raw'!$B$6:$B$445,$B101) -> 0 | I102: =SUMIFS('①농산물raw'!$F$6:$F$445,'①농산물raw'!$A$6:$A$445,I$95,'①농산물raw'!$B$6:$B$445,$B101) -> 0 | J102: =SUMIFS('①농산물raw'!$F$6:$F$445,'①농산물raw'!$A$6:$A$445,J$95,'①농산물raw'!$B$6:$B$445,$B101) -> 0
B105: ※ 유기농
B107: 1. 월별 참여 업체 및 상품 수
B108: 구분 | D108: 총 계 | E108: 네이버 | F108: 오아시스
B109: 7월 | C109: 업체수 | D109: =SUMPRODUCT(--('유기농업체'!$C$3:$C$57<>"")) -> 55 | E109: =SUMPRODUCT(--(SUBSTITUTE('유기농업체'!$E$3:$E$57,"롯데온","롯데ON")=E$108)) -> 26 | F109: =SUMPRODUCT(--(SUBSTITUTE('유기농업체'!$E$3:$E$57,"롯데온","롯데ON")=F$108)) -> 29
C110: 상품수 | D110: =SUM(E110:F110) -> #ERROR! | E110: =COUNTIF(②유기농raw!#REF!,E$108) -> #ERROR! | F110: =COUNTIF(②유기농raw!#REF!,F$108) -> #ERROR!
B112: 2. 유통사 별 쿠폰 사용액
B113: 구분 | D113: 총 계 | E113: 네이버 | F113: 오아시스
B114: 총 계 | D114: =SUM(E114:F114) -> #ERROR! | E114: =E115 -> #ERROR! | F114: =F115 -> #ERROR!
B115: 7월 | D115: =SUM(E115:F115) -> #ERROR! | E115: =SUMIF(②유기농raw!#REF!,E$113,②유기농raw!#REF!) -> #ERROR! | F115: =SUMIF(②유기농raw!#REF!,F$113,②유기농raw!#REF!) -> #ERROR!
B116: 쿠폰 배정액 | D116: =SUM(E116:F116) -> 100000000 | E116: 50000000 | F116: 50000000
B117: 잔여금액 | D117: =SUM(E117:F117) -> #ERROR! | E117: =E116-E114 -> #ERROR! | F117: =F116-F114 -> #ERROR!
B119: 3. 유통사 별 매출 분석
B120: 구분 | D120: 총 계 | E120: 네이버 | F120: 오아시스
B121: 총 계 | D121: =SUM(E121:F121) -> #ERROR! | E121: =E122 -> #ERROR! | F121: =F122 -> #ERROR!
...

Sheet 농산물업체
F1: =SUM(F3:F287) -> 475218 | G1: =SUM(G3:G287) -> 6227333500 | H1: =SUM(H3:H287) -> 266369319 | I1: =COUNTIF(I3:I500,"O") -> 186
A2: NO | B2: 구분 | C2: 사업자등록번호 | D2: 업체명 | E2: 배정유통사 | F2: 판매건수 | G2: 매출액 | H2: 판촉액 | I2: 7월 실제 인입
A3: 1 | B3: 도약 | C3: 511-87-00286 | D3: 농업회사법인 영주마실(주) | E3: 롯데온 | F3: =SUMIF('①농산물raw'!$D:$D,$C3,'①농산물raw'!$F:$F) -> 0 | G3: =SUMIF('①농산물raw'!$D:$D,$C3,'①농산물raw'!$G:$G) -> 0 | H3: =SUMIF('①농산물raw'!$D:$D,$C3,'①농산물raw'!$H:$H) -> 0
A4: 2 | B4: 도약 | C4: 302-81-25814 | D4: 영동감협동조합 | E4: 롯데온 | F4: =SUMIF('①농산물raw'!$D:$D,$C4,'①농산물raw'!$F:$F) -> 8 | G4: =SUMIF('①농산물raw'!$D:$D,$C4,'①농산물raw'!$G:$G) -> 316300 | H4: =SUMIF('①농산물raw'!$D:$D,$C4,'①농산물raw'!$H:$H) -> 46330 | I4: O
A5: 3 | B5: 도약 | C5: 449-92-01723 | D5: 채씨네표고농원 | E5: 네이버 | F5: =SUMIF('①농산물raw'!$D:$D,$C5,'①농산물raw'!$F:$F) -> 130 | G5: =SUMIF('①농산물raw'!$D:$D,$C5,'①농산물raw'!$G:$G) -> 4155000 | H5: =SUMIF('①농산물raw'!$D:$D,$C5,'①농산물raw'!$H:$H) -> 346200 | I5: O
A6: 4 | B6: 시작 | C6: 406-82-02051 | D6: 구천동농업협동조합 | E6: 네이버 | F6: =SUMIF('①농산물raw'!$D:$D,$C6,'①농산물raw'!$F:$F) -> 0 | G6: =SUMIF('①농산물raw'!$D:$D,$C6,'①농산물raw'!$G:$G) -> 0 | H6: =SUMIF('①농산물raw'!$D:$D,$C6,'①농산물raw'!$H:$H) -> 0
A7: 5 | B7: 성장 | C7: 529-44-01222 | D7: 나뚜라리농원 | E7: 네이버 | F7: =SUMIF('①농산물raw'!$D:$D,$C7,'①농산물raw'!$F:$F) -> 124 | G7: =SUMIF('①농산물raw'!$D:$D,$C7,'①농산물raw'!$G:$G) -> 5319400 | H7: =SUMIF('①농산물raw'!$D:$D,$C7,'①농산물raw'!$H:$H) -> 477360 | I7: O
A8: 6 | B8: 도약 | C8: 416-81-92591 | D8: 좋은세상협동조합 | E8: 롯데온 | F8: =SUMIF('①농산물raw'!$D:$D,$C8,'①농산물raw'!$F:$F) -> 0 | G8: =SUMIF('①농산물raw'!$D:$D,$C8,'①농산물raw'!$G:$G) -> 0 | H8: =SUMIF('①농산물raw'!$D:$D,$C8,'①농산물raw'!$H:$H) -> 0
A9: 7 | B9: 도약 | C9: 516-88-01860 | D9: 주식회사 농업회사법인 에상스팜 | E9: 롯데온 | F9: =SUMIF('①농산물raw'!$D:$D,$C9,'①농산물raw'!$F:$F) -> 1999 | G9: =SUMIF('①농산물raw'!$D:$D,$C9,'①농산물raw'!$G:$G) -> 23281100 | H9: =SUMIF('①농산물raw'!$D:$D,$C9,'①농산물raw'!$H:$H) -> 4157060 | I9: O
A10: 8 | B10: 시작 | C10: 709-22-01767 | D10: 푸드상상 | E10: 롯데온 | F10: =SUMIF('①농산물raw'!$D:$D,$C10,'①농산물raw'!$F:$F) -> 0 | G10: =SUMIF('①농산물raw'!$D:$D,$C10,'①농산물raw'!$G:$G) -> 0 | H10: =SUMIF('①농산물raw'!$D:$D,$C10,'①농산물raw'!$H:$H) -> 0
A11: 9 | B11: 시작 | C11: 104-12-14323 | D11: 교동앵무새힐링농장 | E11: 네이버 | F11: =SUMIF('①농산물raw'!$D:$D,$C11,'①농산물raw'!$F:$F) -> 0 | G11: =SUMIF('①농산물raw'!$D:$D,$C11,'①농산물raw'!$G:$G) -> 0 | H11: =SUMIF('①농산물raw'!$D:$D,$C11,'①농산물raw'!$H:$H) -> 0
A12: 10 | B12: 도약 | C12: 514-03-53195 | D12: 삼진식품 | E12: 롯데온 | F12: =SUMIF('①농산물raw'!$D:$D,$C12,'①농산물raw'!$F:$F) -> 0 | G12: =SUMIF('①농산물raw'!$D:$D,$C12,'①농산물raw'!$G:$G) -> 0 | H12: =SUMIF('①농산물raw'!$D:$D,$C12,'①농산물raw'!$H:$H) -> 0
A13: 11 | B13: 도약 | C13: 892-87-01864 | D13: 주식회사 마들 | E13: 지마켓 | F13: =SUMIF('①농산물raw'!$D:$D,$C13,'①농산물raw'!$F:$F) -> 253 | G13: =SUMIF('①농산물raw'!$D:$D,$C13,'①농산물raw'!$G:$G) -> 5220720 | H13: =SUMIF('①농산물raw'!$D:$D,$C13,'①농산물raw'!$H:$H) -> 278100 | I13: O
A14: 12 | B14: 도약 | C14: 803-88-01105 | D14: 오고농원(주) | E14: 네이버 | F14: =SUMIF('①농산물raw'!$D:$D,$C14,'①농산물raw'!$F:$F) -> 702 | G14: =SUMIF('①농산물raw'!$D:$D,$C14,'①농산물raw'!$G:$G) -> 31950500 | H14: =SUMIF('①농산물raw'!$D:$D,$C14,'①농산물raw'!$H:$H) -> 2604620 | I14: O
A15: 13 | B15: 도약 | C15: 488-88-03205 | D15: 농업회사법인 랑이네세상 주식회사 | E15: 네이버 | F15: =SUMIF('①농산물raw'!$D:$D,$C15,'①농산물raw'!$F:$F) -> 2007 | G15: =SUMIF('①농산물raw'!$D:$D,$C15,'①농산물raw'!$G:$G) -> 74676000 | H15: =SUMIF('①농산물raw'!$D:$D,$C15,'①농산물raw'!$H:$H) -> 4947920 | I15: O
A16: 14 | B16: 성장 | C16: 784-24-00666 | D16: 거창오미자 | E16: 네이버 | F16: =SUMIF('①농산물raw'!$D:$D,$C16,'①농산물raw'!$F:$F) -> 480 | G16: =SUMIF('①농산물raw'!$D:$D,$C16,'①농산물raw'!$G:$G) -> 18557000 | H16: =SUMIF('①농산물raw'!$D:$D,$C16,'①농산물raw'!$H:$H) -> 1065800 | I16: O
A17: 15 | B17: 시작 | C17: 888-94-01728 | D17: 파밍데이즈 | E17: 네이버 | F17: =SUMIF('①농산물raw'!$D:$D,$C17,'①농산물raw'!$F:$F) -> 30 | G17: =SUMIF('①농산물raw'!$D:$D,$C17,'①농산물raw'!$G:$G) -> 599700 | H17: =SUMIF('①농산물raw'!$D:$D,$C17,'①농산물raw'!$H:$H) -> 33980 | I17: O
A18: 16 | B18: 도약 | C18: 128-90-57082 | D18: 산골과수원 | E18: 롯데온 | F18: =SUMIF('①농산물raw'!$D:$D,$C18,'①농산물raw'!$F:$F) -> 0 | G18: =SUMIF('①농산물raw'!$D:$D,$C18,'①농산물raw'!$G:$G) -> 0 | H18: =SUMIF('①농산물raw'!$D:$D,$C18,'①농산물raw'!$H:$H) -> 0
A19: 17 | B19: 도약 | C19: 626-86-01993 | D19: 농업회사법인 (주)자연의시간 | E19: 농가살리기 | F19: =SUMIF('①농산물raw'!$D:$D,$C19,'①농산물raw'!$F:$F) -> 856 | G19: =SUMIF('①농산물raw'!$D:$D,$C19,'①농산물raw'!$G:$G) -> 10693525 | H19: =SUMIF('①농산물raw'!$D:$D,$C19,'①농산물raw'!$H:$H) -> 974340 | I19: O
A20: 18 | B20: 성장 | C20: 711-30-00994 | D20: 팜샐러드 | E20: 네이버 | F20: =SUMIF('①농산물raw'!$D:$D,$C20,'①농산물raw'!$F:$F) -> 0 | G20: =SUMIF('①농산물raw'!$D:$D,$C20,'①농산물raw'!$G:$G) -> 0 | H20: =SUMIF('①농산물raw'!$D:$D,$C20,'①농산물raw'!$H:$H) -> 0
A21: 19 | B21: 도약 | C21: 186-96-01664 | D21: 쌍둥이농장 | E21: 지마켓 | F21: =SUMIF('①농산물raw'!$D:$D,$C21,'①농산물raw'!$F:$F) -> 4 | G21: =SUMIF('①농산물raw'!$D:$D,$C21,'①농산물raw'!$G:$G) -> 187600 | H21: =SUMIF('①농산물raw'!$D:$D,$C21,'①농산물raw'!$H:$H) -> 0 | I21: O
A22: 20 | B22: 성장 | C22: 463-93-01691 | D22: 피스팜 | E22: 네이버 | F22: =SUMIF('①농산물raw'!$D:$D,$C22,'①농산물raw'!$F:$F) -> 5 | G22: =SUMIF('①농산물raw'!$D:$D,$C22,'①농산물raw'!$G:$G) -> 240000 | H22: =SUMIF('①농산물raw'!$D:$D,$C22,'①농산물raw'!$H:$H) -> 0 | I22: O
A23: 21 | B23: 시작 | C23: 621-96-06105 | D23: HK팜 | E23: 네이버 | F23: =SUMIF('①농산물raw'!$D:$D,$C23,'①농산물raw'!$F:$F) -> 0 | G23: =SUMIF('①농산물raw'!$D:$D,$C23,'①농산물raw'!$G:$G) -> 0 | H23: =SUMIF('①농산물raw'!$D:$D,$C23,'①농산물raw'!$H:$H) -> 0
A24: 22 | B24: 도약 | C24: 347-93-02082 | D24: 초록이들 | E24: 네이버 | F24: =SUMIF('①농산물raw'!$D:$D,$C24,'①농산물raw'!$F:$F) -> 18065 | G24: =SUMIF('①농산물raw'!$D:$D,$C24,'①농산물raw'!$G:$G) -> 271250400 | H24: =SUMIF('①농산물raw'!$D:$D,$C24,'①농산물raw'!$H:$H) -> 4473530 | I24: O
A25: 23 | B25: 성장 | C25: 408-24-61681 | D25: 한국제다 | E25: 네이버 | F25: =SUMIF('①농산물raw'!$D:$D,$C25,'①농산물raw'!$F:$F) -> 16 | G25: =SUMIF('①농산물raw'!$D:$D,$C25,'①농산물raw'!$G:$G) -> 591000 | H25: =SUMIF('①농산물raw'!$D:$D,$C25,'①농산물raw'!$H:$H) -> 63860 | I25: O
A26: 24 | B26: 도약 | C26: 226-81-48890 | D26: 정선아라리한과농원 영농조합법인 | E26: 롯데온 | F26: =SUMIF('①농산물raw'!$D:$D,$C26,'①농산물raw'!$F:$F) -> 11 | G26: =SUMIF('①농산물raw'!$D:$D,$C26,'①농산물raw'!$G:$G) -> 295400 | H26: =SUMIF('①농산물raw'!$D:$D,$C26,'①농산물raw'!$H:$H) -> 52610 | I26: O
A27: 25 | B27: 도약 | C27: 412-81-24086 | D27: 영흥농산영농조합법인 | E27: 네이버 | F27: =SUMIF('①농산물raw'!$D:$D,$C27,'①농산물raw'!$F:$F) -> 9428 | G27: =SUMIF('①농산물raw'!$D:$D,$C27,'①농산물raw'!$G:$G) -> 143143000 | H27: =SUMIF('①농산물raw'!$D:$D,$C27,'①농산물raw'!$H:$H) -> 5032180
A28: 26 | B28: 도약 | C28: 142-33-00898 | D28: 어이딸부각 | E28: 지마켓 | F28: =SUMIF('①농산물raw'!$D:$D,$C28,'①농산물raw'!$F:$F) -> 30 | G28: =SUMIF('①농산물raw'!$D:$D,$C28,'①농산물raw'!$G:$G) -> 690000 | H28: =SUMIF('①농산물raw'!$D:$D,$C28,'①농산물raw'!$H:$H) -> 10000 | I28: O
A29: 27 | B29: 도약 | C29: 144-92-00528 | D29: 햇터농장 | E29: 네이버 | F29: =SUMIF('①농산물raw'!$D:$D,$C29,'①농산물raw'!$F:$F) -> 0 | G29: =SUMIF('①농산물raw'!$D:$D,$C29,'①농산물raw'!$G:$G) -> 0 | H29: =SUMIF('①농산물raw'!$D:$D,$C29,'①농산물raw'!$H:$H) -> 0
A30: 28 | B30: 시작 | C30: 753-27-02040 | D30: 해피팜 | E30: 네이버 | F30: =SUMIF('①농산물raw'!$D:$D,$C30,'①농산물raw'!$F:$F) -> 14 | G30: =SUMIF('①농산물raw'!$D:$D,$C30,'①농산물raw'!$G:$G) -> 414000 | H30: =SUMIF('①농산물raw'!$D:$D,$C30,'①농산물raw'!$H:$H) -> 46000 | I30: O
A31: 29 | B31: 도약 | C31: 608-88-00253 | D31: 농업회사법인 주식회사 코리아식품 | E31: 네이버 | F31: =SUMIF('①농산물raw'!$D:$D,$C31,'①농산물raw'!$F:$F) -> 16 | G31: =SUMIF('①농산물raw'!$D:$D,$C31,'①농산물raw'!$G:$G) -> 451100 | H31: =SUMIF('①농산물raw'!$D:$D,$C31,'①농산물raw'!$H:$H) -> 34520 | I31: O
A32: 30 | B32: 도약 | C32: 201-98-68634 | D32: 아침에계란 | E32: 네이버 | F32: =SUMIF('①농산물raw'!$D:$D,$C32,'①농산물raw'!$F:$F) -> 1319 | G32: =SUMIF('①농산물raw'!$D:$D,$C32,'①농산물raw'!$G:$G) -> 92623400 | H32: =SUMIF('①농산물raw'!$D:$D,$C32,'①농산물raw'!$H:$H) -> 4710400 | I32: O
A33: 31 | B33: 도약 | C33: 540-93-02100 | D33: 청운유통 | E33: 네이버 | F33: =SUMIF('①농산물raw'!$D:$D,$C33,'①농산물raw'!$F:$F) -> 4527 | G33: =SUMIF('①농산물raw'!$D:$D,$C33,'①농산물raw'!$G:$G) -> 129056500 | H33: =SUMIF('①농산물raw'!$D:$D,$C33,'①농산물raw'!$H:$H) -> 4577170 | I33: O
A34: 32 | B34: 성장 | C34: 116-81-80195 | D34: 유한회사 못골농업회사 | E34: 네이버 | F34: =SUMIF('①농산물raw'!$D:$D,$C34,'①농산물raw'!$F:$F) -> 167 | G34: =SUMIF('①농산물raw'!$D:$D,$C34,'①농산물raw'!$G:$G) -> 5636300 | H34: =SUMIF('①농산물raw'!$D:$D,$C34,'①농산물raw'!$H:$H) -> 531110 | I34: O
A35: 33 | B35: 시작 | C35: 208-22-52837 | D35: 소유농장 | E35: 네이버 | F35: =SUMIF('①농산물raw'!$D:$D,$C35,'①농산물raw'!$F:$F) -> 31 | G35: =SUMIF('①농산물raw'!$D:$D,$C35,'①농산물raw'!$G:$G) -> 1695000 | H35: =SUMIF('①농산물raw'!$D:$D,$C35,'①농산물raw'!$H:$H) -> 121330 | I35: O
A36: 34 | B36: 도약 | C36: 412-90-50529 | D36: 행운가족농원 | E36: 네이버 | F36: =SUMIF('①농산물raw'!$D:$D,$C36,'①농산물raw'!$F:$F) -> 0 | G36: =SUMIF('①농산물raw'!$D:$D,$C36,'①농산물raw'!$G:$G) -> 0 | H36: =SUMIF('①농산물raw'!$D:$D,$C36,'①농산물raw'!$H:$H) -> 0
A37: 35 | B37: 도약 | C37: 571-81-00383 | D37: 농부플러스 농업회사법인 주식회사 | E37: 지마켓 | F37: =SUMIF('①농산물raw'!$D:$D,$C37,'①농산물raw'!$F:$F) -> 1222 | G37: =SUMIF('①농산물raw'!$D:$D,$C37,'①농산물raw'!$G:$G) -> 36507100 | H37: =SUMIF('①농산물raw'!$D:$D,$C37,'①농산물raw'!$H:$H) -> 694580 | I37: O
A38: 36 | B38: 도약 | C38: 715-87-02493 | D38: 농업회삽법인 라이플로우 주식회사 | E38: 롯데온 | F38: =SUMIF('①농산물raw'!$D:$D,$C38,'①농산물raw'!$F:$F) -> 76 | G38: =SUMIF('①농산물raw'!$D:$D,$C38,'①농산물raw'!$G:$G) -> 2312900 | H38: =SUMIF('①농산물raw'!$D:$D,$C38,'①농산물raw'!$H:$H) -> 434680 | I38: O
A39: 37 | B39: 도약 | C39: 191-97-01154 | D39: 파머레시피 | E39: 롯데온 | F39: =SUMIF('①농산물raw'!$D:$D,$C39,'①농산물raw'!$F:$F) -> 265 | G39: =SUMIF('①농산물raw'!$D:$D,$C39,'①농산물raw'!$G:$G) -> 12912030 | H39: =SUMIF('①농산물raw'!$D:$D,$C39,'①농산물raw'!$H:$H) -> 1332970 | I39: O
A40: 38 | B40: 성장 | C40: 792-88-00316 | D40: 농업회사법인(주)새나라 | E40: 네이버 | F40: =SUMIF('①농산물raw'!$D:$D,$C40,'①농산물raw'!$F:$F) -> 594 | G40: =SUMIF('①농산물raw'!$D:$D,$C40,'①농산물raw'!$G:$G) -> 19348530 | H40: =SUMIF('①농산물raw'!$D:$D,$C40,'①농산물raw'!$H:$H) -> 2220230 | I40: O
A41: 39 | B41: 도약 | C41: 221-13-36518 | D41: 두루푸드 | E41: 네이버 | F41: =SUMIF('①농산물raw'!$D:$D,$C41,'①농산물raw'!$F:$F) -> 5188 | G41: =SUMIF('①농산물raw'!$D:$D,$C41,'①농산물raw'!$G:$G) -> 110084760 | H41: =SUMIF('①농산물raw'!$D:$D,$C41,'①농산물raw'!$H:$H) -> 4360080 | I41: O
A42: 40 | B42: 시작 | C42: 280-87-01644 | D42: 디에스영농조합법인 | E42: 네이버 | F42: =SUMIF('①농산물raw'!$D:$D,$C42,'①농산물raw'!$F:$F) -> 0 | G42: =SUMIF('①농산물raw'!$D:$D,$C42,'①농산물raw'!$G:$G) -> 0 | H42: =SUMIF('①농산물raw'!$D:$D,$C42,'①농산물raw'!$H:$H) -> 0
A43: 41 | B43: 시작 | C43: 464-96-01832 | D43: 고센153 | E43: 네이버 | F43: =SUMIF('①농산물raw'!$D:$D,$C43,'①농산물raw'!$F:$F) -> 0 | G43: =SUMIF('①농산물raw'!$D:$D,$C43,'①농산물raw'!$G:$G) -> 0 | H43: =SUMIF('①농산물raw'!$D:$D,$C43,'①농산물raw'!$H:$H) -> 0
A44: 42 | B44: 도약 | C44: 511-81-14298 | D44: 영농조합법인상주곶감유통사업단 | E44: 롯데온 | F44: =SUMIF('①농산물raw'!$D:$D,$C44,'①농산물raw'!$F:$F) -> 6 | G44: =SUMIF('①농산물raw'!$D:$D,$C44,'①농산물raw'!$G:$G) -> 325600 | H44: =SUMIF('①농산물raw'!$D:$D,$C44,'①농산물raw'!$H:$H) -> 43860 | I44: O
A45: 43 | B45: 도약 | C45: 519-33-01006 | D45: 온드리 목장 | E45: 네이버 | F45: =SUMIF('①농산물raw'!$D:$D,$C45,'①농산물raw'!$F:$F) -> 11140 | G45: =SUMIF('①농산물raw'!$D:$D,$C45,'①농산물raw'!$G:$G) -> 202817120 | H45: =SUMIF('①농산물raw'!$D:$D,$C45,'①농산물raw'!$H:$H) -> 4574960 | I45: O
A46: 44 | B46: 도약 | C46: 832-86-02035 | D46: 주식회사 태범프레시 | E46: 롯데온 | F46: =SUMIF('①농산물raw'!$D:$D,$C46,'①농산물raw'!$F:$F) -> 80 | G46: =SUMIF('①농산물raw'!$D:$D,$C46,'①농산물raw'!$G:$G) -> 2962690 | H46: =SUMIF('①농산물raw'!$D:$D,$C46,'①농산물raw'!$H:$H) -> 466440 | I46: O
A47: 45 | B47: 도약 | C47: 127-42-46728 | D47: 철원봉학미곡처리장 | E47: 지마켓 | F47: =SUMIF('①농산물raw'!$D:$D,$C47,'①농산물raw'!$F:$F) -> 316 | G47: =SUMIF('①농산물raw'!$D:$D,$C47,'①농산물raw'!$G:$G) -> 22260300 | H47: =SUMIF('①농산물raw'!$D:$D,$C47,'①농산물raw'!$H:$H) -> 1490640 | I47: O
A48: 46 | B48: 도약 | C48: 159-96-00590 | D48: 바른농산물 | E48: 네이버 | F48: =SUMIF('①농산물raw'!$D:$D,$C48,'①농산물raw'!$F:$F) -> 0 | G48: =SUMIF('①농산물raw'!$D:$D,$C48,'①농산물raw'!$G:$G) -> 0 | H48: =SUMIF('①농산물raw'!$D:$D,$C48,'①농산물raw'!$H:$H) -> 0
A49: 47 | B49: 도약 | C49: 293-54-00624 | D49: 이화수본 | E49: 지마켓 | F49: =SUMIF('①농산물raw'!$D:$D,$C49,'①농산물raw'!$F:$F) -> 0 | G49: =SUMIF('①농산물raw'!$D:$D,$C49,'①농산물raw'!$G:$G) -> 0 | H49: =SUMIF('①농산물raw'!$D:$D,$C49,'①농산물raw'!$H:$H) -> 0
A50: 48 | B50: 도약 | C50: 416-81-59229 | D50: 농업회사법인(주)가남농원 | E50: 지마켓 | F50: =SUMIF('①농산물raw'!$D:$D,$C50,'①농산물raw'!$F:$F) -> 128 | G50: =SUMIF('①농산물raw'!$D:$D,$C50,'①농산물raw'!$G:$G) -> 4151700 | H50: =SUMIF('①농산물raw'!$D:$D,$C50,'①농산물raw'!$H:$H) -> 321380 | I50: O
A51: 49 | B51: 도약 | C51: 874-81-00021 | D51: 농업회사법인주식회사논길 | E51: 지마켓 | F51: =SUMIF('①농산물raw'!$D:$D,$C51,'①농산물raw'!$F:$F) -> 0 | G51: =SUMIF('①농산물raw'!$D:$D,$C51,'①농산물raw'!$G:$G) -> 0 | H51: =SUMIF('①농산물raw'!$D:$D,$C51,'①농산물raw'!$H:$H) -> 0
A52: 50 | B52: 도약 | C52: 508-81-33305 | D52: 아침햇살영농조합법인 | E52: 지마켓 | F52: =SUMIF('①농산물raw'!$D:$D,$C52,'①농산물raw'!$F:$F) -> 463 | G52: =SUMIF('①농산물raw'!$D:$D,$C52,'①농산물raw'!$G:$G) -> 6918500 | H52: =SUMIF('①농산물raw'!$D:$D,$C52,'①농산물raw'!$H:$H) -> 199400
A53: 51 | B53: 시작 | C53: 127-81-93991 | D53: 농업회사법인 철원미곡 주식회사 | E53: 온누리마켓 | F53: =SUMIF('①농산물raw'!$D:$D,$C53,'①농산물raw'!$F:$F) -> 641 | G53: =SUMIF('①농산물raw'!$D:$D,$C53,'①농산물raw'!$G:$G) -> 32150700 | H53: =SUMIF('①농산물raw'!$D:$D,$C53,'①농산물raw'!$H:$H) -> 5097728 | I53: O
A54: 52 | B54: 시작 | C54: 511-81-25311 | D54: 농업회사법인 주식회사 담아 | E54: 온누리마켓 | F54: =SUMIF('①농산물raw'!$D:$D,$C54,'①농산물raw'!$F:$F) -> 434 | G54: =SUMIF('①농산물raw'!$D:$D,$C54,'①농산물raw'!$G:$G) -> 9625100 | H54: =SUMIF('①농산물raw'!$D:$D,$C54,'①농산물raw'!$H:$H) -> 1129304 | I54: O
A55: 53 | B55: 도약 | C55: 717-86-01590 | D55: 농업회사법인 미스터돌 주식회사 | E55: 네이버 | F55: =SUMIF('①농산물raw'!$D:$D,$C55,'①농산물raw'!$F:$F) -> 0 | G55: =SUMIF('①농산물raw'!$D:$D,$C55,'①농산물raw'!$G:$G) -> 0 | H55: =SUMIF('①농산물raw'!$D:$D,$C55,'①농산물raw'!$H:$H) -> 0
A56: 54 | B56: 도약 | C56: 382-91-01817 | D56: 임마누엘농장 | E56: 지마켓 | F56: =SUMIF('①농산물raw'!$D:$D,$C56,'①농산물raw'!$F:$F) -> 24 | G56: =SUMIF('①농산물raw'!$D:$D,$C56,'①농산물raw'!$G:$G) -> 735600 | H56: =SUMIF('①농산물raw'!$D:$D,$C56,'①농산물raw'!$H:$H) -> 42210 | I56: O
A57: 55 | B57: 도약 | C57: 132-82-07849 | D57: 아이비영농조합 | E57: 롯데온 | F57: =SUMIF('①농산물raw'!$D:$D,$C57,'①농산물raw'!$F:$F) -> 0 | G57: =SUMIF('①농산물raw'!$D:$D,$C57,'①농산물raw'!$G:$G) -> 0 | H57: =SUMIF('①농산물raw'!$D:$D,$C57,'①농산물raw'!$H:$H) -> 0
A58: 56 | B58: 도약 | C58: 765-95-00739 | D58: 알동네 | E58: 롯데온 | F58: =SUMIF('①농산물raw'!$D:$D,$C58,'①농산물raw'!$F:$F) -> 10 | G58: =SUMIF('①농산물raw'!$D:$D,$C58,'①농산물raw'!$G:$G) -> 477000 | H58: =SUMIF('①농산물raw'!$D:$D,$C58,'①농산물raw'!$H:$H) -> 90820 | I58: O
A59: 57 | B59: 시작 | C59: 875-96-01444 | D59: 양림해오름농장 | E59: 농가살리기 | F59: =SUMIF('①농산물raw'!$D:$D,$C59,'①농산물raw'!$F:$F) -> 177 | G59: =SUMIF('①농산물raw'!$D:$D,$C59,'①농산물raw'!$G:$G) -> 1748834 | H59: =SUMIF('①농산물raw'!$D:$D,$C59,'①농산물raw'!$H:$H) -> 75100 | I59: O
A60: 58 | B60: 시작 | C60: 664-81-03697 | D60: 농업회사법인주식회사파밍 | E60: 네이버 | F60: =SUMIF('①농산물raw'!$D:$D,$C60,'①농산물raw'!$F:$F) -> 10 | G60: =SUMIF('①농산물raw'!$D:$D,$C60,'①농산물raw'!$G:$G) -> 201000 | H60: =SUMIF('①농산물raw'!$D:$D,$C60,'①농산물raw'!$H:$H) -> 4200 | I60: O
A61: 59 | B61: 도약 | C61: 623-96-01519 | D61: 초원꿀벌농장 | E61: 네이버 | F61: =SUMIF('①농산물raw'!$D:$D,$C61,'①농산물raw'!$F:$F) -> 0 | G61: =SUMIF('①농산물raw'!$D:$D,$C61,'①농산물raw'!$G:$G) -> 0 | H61: =SUMIF('①농산물raw'!$D:$D,$C61,'①농산물raw'!$H:$H) -> 0
A62: 60 | B62: 도약 | C62: 117-13-93791 | D62: 유혜광생돈까스 | E62: 롯데온 | F62: =SUMIF('①농산물raw'!$D:$D,$C62,'①농산물raw'!$F:$F) -> 936 | G62: =SUMIF('①농산물raw'!$D:$D,$C62,'①농산물raw'!$G:$G) -> 47358000 | H62: =SUMIF('①농산물raw'!$D:$D,$C62,'①농산물raw'!$H:$H) -> 5003480 | I62: O
A63: 61 | B63: 도약 | C63: 454-04-02917 | D63: 안녕 삼촌농부 | E63: 네이버 | F63: =SUMIF('①농산물raw'!$D:$D,$C63,'①농산물raw'!$F:$F) -> 0 | G63: =SUMIF('①농산물raw'!$D:$D,$C63,'①농산물raw'!$G:$G) -> 0 | H63: =SUMIF('①농산물raw'!$D:$D,$C63,'①농산물raw'!$H:$H) -> 0
A64: 62 | B64: 시작 | C64: 256-98-01778 | D64: 기반 | E64: 지마켓 | F64: =SUMIF('①농산물raw'!$D:$D,$C64,'①농산물raw'!$F:$F) -> 0 | G64: =SUMIF('①농산물raw'!$D:$D,$C64,'①농산물raw'!$G:$G) -> 0 | H64: =SUMIF('①농산물raw'!$D:$D,$C64,'①농산물raw'!$H:$H) -> 0
A65: 63 | B65: 도약 | C65: 249-56-00257 | D65: 문경새재뻥마을 | E65: 네이버 | F65: =SUMIF('①농산물raw'!$D:$D,$C65,'①농산물raw'!$F:$F) -> 862 | G65: =SUMIF('①농산물raw'!$D:$D,$C65,'①농산물raw'!$G:$G) -> 20156300 | H65: =SUMIF('①농산물raw'!$D:$D,$C65,'①농산물raw'!$H:$H) -> 1826220 | I65: O
A66: 64 | B66: 도약 | C66: 459-15-02771 | D66: 찬찬한상 | E66: 지마켓 | F66: =SUMIF('①농산물raw'!$D:$D,$C66,'①농산물raw'!$F:$F) -> 629 | G66: =SUMIF('①농산물raw'!$D:$D,$C66,'①농산물raw'!$G:$G) -> 8654300 | H66: =SUMIF('①농산물raw'!$D:$D,$C66,'①농산물raw'!$H:$H) -> 838840 | I66: O
A67: 65 | B67: 도약 | C67: 139-05-68827 | D67: 어반그린 | E67: 롯데온 | F67: =SUMIF('①농산물raw'!$D:$D,$C67,'①농산물raw'!$F:$F) -> 19 | G67: =SUMIF('①농산물raw'!$D:$D,$C67,'①농산물raw'!$G:$G) -> 254600 | H67: =SUMIF('①농산물raw'!$D:$D,$C67,'①농산물raw'!$H:$H) -> 47820 | I67: O
A68: 66 | B68: 성장 | C68: 557-86-02740 | D68: 농업회사법인 농촌연구소(주) | E68: 네이버 | F68: =SUMIF('①농산물raw'!$D:$D,$C68,'①농산물raw'!$F:$F) -> 0 | G68: =SUMIF('①농산물raw'!$D:$D,$C68,'①농산물raw'!$G:$G) -> 0 | H68: =SUMIF('①농산물raw'!$D:$D,$C68,'①농산물raw'!$H:$H) -> 0
A69: 67 | B69: 도약 | C69: 113-87-00743 | D69: 농업회사법인 머쉬그로(주) | E69: 지마켓 | F69: =SUMIF('①농산물raw'!$D:$D,$C69,'①농산물raw'!$F:$F) -> 58 | G69: =SUMIF('①농산물raw'!$D:$D,$C69,'①농산물raw'!$G:$G) -> 1101900 | H69: =SUMIF('①농산물raw'!$D:$D,$C69,'①농산물raw'!$H:$H) -> 85100 | I69: O
A70: 68 | B70: 성장 | C70: 671-67-00557 | D70: 현풍떡갈비 | E70: 네이버 | F70: =SUMIF('①농산물raw'!$D:$D,$C70,'①농산물raw'!$F:$F) -> 74 | G70: =SUMIF('①농산물raw'!$D:$D,$C70,'①농산물raw'!$G:$G) -> 2562900 | H70: =SUMIF('①농산물raw'!$D:$D,$C70,'①농산물raw'!$H:$H) -> 237520 | I70: O
A71: 69 | B71: 도약 | C71: 132-05-76796 | D71: 광이원 | E71: 롯데온 | F71: =SUMIF('①농산물raw'!$D:$D,$C71,'①농산물raw'!$F:$F) -> 0 | G71: =SUMIF('①농산물raw'!$D:$D,$C71,'①농산물raw'!$G:$G) -> 0 | H71: =SUMIF('①농산물raw'!$D:$D,$C71,'①농산물raw'!$H:$H) -> 0
A72: 70 | B72: 도약 | C72: 499-13-02310 | D72: 농사짓는마을 | E72: 네이버 | F72: =SUMIF('①농산물raw'!$D:$D,$C72,'①농산물raw'!$F:$F) -> 2254 | G72: =SUMIF('①농산물raw'!$D:$D,$C72,'①농산물raw'!$G:$G) -> 63211020 | H72: =SUMIF('①농산물raw'!$D:$D,$C72,'①농산물raw'!$H:$H) -> 4312140 | I72: O
A73: 71 | B73: 성장 | C73: 440-81-03112 | D73: 까망 주식회사 | E73: 온누리마켓 | F73: =SUMIF('①농산물raw'!$D:$D,$C73,'①농산물raw'!$F:$F) -> 75 | G73: =SUMIF('①농산물raw'!$D:$D,$C73,'①농산물raw'!$G:$G) -> 1243000 | H73: =SUMIF('①농산물raw'!$D:$D,$C73,'①농산물raw'!$H:$H) -> 170600 | I73: O
A74: 72 | B74: 도약 | C74: 593-86-01295 | D74: 주식회사 더락 | E74: 롯데온 | F74: =SUMIF('①농산물raw'!$D:$D,$C74,'①농산물raw'!$F:$F) -> 729 | G74: =SUMIF('①농산물raw'!$D:$D,$C74,'①농산물raw'!$G:$G) -> 37312000 | H74: =SUMIF('①농산물raw'!$D:$D,$C74,'①농산물raw'!$H:$H) -> 4967600 | I74: O
A75: 73 | B75: 도약 | C75: 409-23-97341 | D75: 선김치 | E75: 롯데온 | F75: =SUMIF('①농산물raw'!$D:$D,$C75,'①농산물raw'!$F:$F) -> 796 | G75: =SUMIF('①농산물raw'!$D:$D,$C75,'①농산물raw'!$G:$G) -> 24063100 | H75: =SUMIF('①농산물raw'!$D:$D,$C75,'①농산물raw'!$H:$H) -> 4541120 | I75: O
A76: 74 | B76: 도약 | C76: 372-94-01830 | D76: 제주점순이네 | E76: 네이버 | F76: =SUMIF('①농산물raw'!$D:$D,$C76,'①농산물raw'!$F:$F) -> 134 | G76: =SUMIF('①농산물raw'!$D:$D,$C76,'①농산물raw'!$G:$G) -> 4951000 | H76: =SUMIF('①농산물raw'!$D:$D,$C76,'①농산물raw'!$H:$H) -> 291780 | I76: O
A77: 75 | B77: 도약 | C77: 460-88-01363 | D77: 농업회사법인 주식회사 마이티팜 | E77: 지마켓 | F77: =SUMIF('①농산물raw'!$D:$D,$C77,'①농산물raw'!$F:$F) -> 560 | G77: =SUMIF('①농산물raw'!$D:$D,$C77,'①농산물raw'!$G:$G) -> 8922400 | H77: =SUMIF('①농산물raw'!$D:$D,$C77,'①농산물raw'!$H:$H) -> 522940 | I77: O
A78: 76 | B78: 도약 | C78: 126-82-11620 | D78: 여주시농협조합공동사업법인 | E78: 네이버 | F78: =SUMIF('①농산물raw'!$D:$D,$C78,'①농산물raw'!$F:$F) -> 10299 | G78: =SUMIF('①농산물raw'!$D:$D,$C78,'①농산물raw'!$G:$G) -> 485645800 | H78: =SUMIF('①농산물raw'!$D:$D,$C78,'①농산물raw'!$H:$H) -> 5085890 | I78: O
A79: 77 | B79: 도약 | C79: 412-81-31307 | D79: 농업회사법인(주)운림가 | E79: 네이버 | F79: =SUMIF('①농산물raw'!$D:$D,$C79,'①농산물raw'!$F:$F) -> 23956 | G79: =SUMIF('①농산물raw'!$D:$D,$C79,'①농산물raw'!$G:$G) -> 633266800 | H79: =SUMIF('①농산물raw'!$D:$D,$C79,'①농산물raw'!$H:$H) -> 2698820 | I79: O
A80: 78 | B80: 도약 | C80: 485-88-00795 | D80: 농업회사법인 주식회사 드림라이스 | E80: 롯데온 | F80: =SUMIF('①농산물raw'!$D:$D,$C80,'①농산물raw'!$F:$F) -> 723 | G80: =SUMIF('①농산물raw'!$D:$D,$C80,'①농산물raw'!$G:$G) -> 26083350 | H80: =SUMIF('①농산물raw'!$D:$D,$C80,'①농산물raw'!$H:$H) -> 5105280 | I80: O
A81: 79 | B81: 도약 | C81: 382-88-01160 | D81: 영농조합법인 팔공김치 | E81: 지마켓 | F81: =SUMIF('①농산물raw'!$D:$D,$C81,'①농산물raw'!$F:$F) -> 929 | G81: =SUMIF('①농산물raw'!$D:$D,$C81,'①농산물raw'!$G:$G) -> 39533200 | H81: =SUMIF('①농산물raw'!$D:$D,$C81,'①농산물raw'!$H:$H) -> 1667520 | I81: O
A82: 80 | B82: 도약 | C82: 209-87-01228 | D82: 농업회사법인 유한회사 해오름팜농장 | E82: 네이버 | F82: =SUMIF('①농산물raw'!$D:$D,$C82,'①농산물raw'!$F:$F) -> 414 | G82: =SUMIF('①농산물raw'!$D:$D,$C82,'①농산물raw'!$G:$G) -> 14786120 | H82: =SUMIF('①농산물raw'!$D:$D,$C82,'①농산물raw'!$H:$H) -> 1786630 | I82: O
A83: 81 | B83: 도약 | C83: 131-86-09478 | D83: 맑은샘농업회사법인주식회사 | E83: 오아시스 | F83: =SUMIF('①농산물raw'!$D:$D,$C83,'①농산물raw'!$F:$F) -> 107861 | G83: =SUMIF('①농산물raw'!$D:$D,$C83,'①농산물raw'!$G:$G) -> 238995790 | H83: =SUMIF('①농산물raw'!$D:$D,$C83,'①농산물raw'!$H:$H) -> 861555 | I83: O
A84: 82 | B84: 시작 | C84: 152-11-02907 | D84: 파주리치농산 | E84: 네이버 | F84: =SUMIF('①농산물raw'!$D:$D,$C84,'①농산물raw'!$F:$F) -> 0 | G84: =SUMIF('①농산물raw'!$D:$D,$C84,'①농산물raw'!$G:$G) -> 0 | H84: =SUMIF('①농산물raw'!$D:$D,$C84,'①농산물raw'!$H:$H) -> 0
A85: 83 | B85: 성장 | C85: 596-98-01526 | D85: 미에덴팜 | E85: 네이버 | F85: =SUMIF('①농산물raw'!$D:$D,$C85,'①농산물raw'!$F:$F) -> 81 | G85: =SUMIF('①농산물raw'!$D:$D,$C85,'①농산물raw'!$G:$G) -> 2399700 | H85: =SUMIF('①농산물raw'!$D:$D,$C85,'①농산물raw'!$H:$H) -> 51980 | I85: O
A86: 84 | B86: 시작 | C86: 654-91-01691 | D86: 청실농원 | E86: 네이버 | F86: =SUMIF('①농산물raw'!$D:$D,$C86,'①농산물raw'!$F:$F) -> 45 | G86: =SUMIF('①농산물raw'!$D:$D,$C86,'①농산물raw'!$G:$G) -> 1916000 | H86: =SUMIF('①농산물raw'!$D:$D,$C86,'①농산물raw'!$H:$H) -> 295600
A87: 85 | B87: 도약 | C87: 280-90-00306 | D87: 짱아찌네농장 | E87: 네이버 | F87: =SUMIF('①농산물raw'!$D:$D,$C87,'①농산물raw'!$F:$F) -> 545 | G87: =SUMIF('①농산물raw'!$D:$D,$C87,'①농산물raw'!$G:$G) -> 15225000 | H87: =SUMIF('①농산물raw'!$D:$D,$C87,'①농산물raw'!$H:$H) -> 1887640 | I87: O
A88: 86 | B88: 시작 | C88: 531-92-00800 | D88: 상황조은농장 | E88: 네이버 | F88: =SUMIF('①농산물raw'!$D:$D,$C88,'①농산물raw'!$F:$F) -> 3 | G88: =SUMIF('①농산물raw'!$D:$D,$C88,'①농산물raw'!$G:$G) -> 240000 | H88: =SUMIF('①농산물raw'!$D:$D,$C88,'①농산물raw'!$H:$H) -> 18000 | I88: O
A89: 87 | B89: 시작 | C89: 383-94-02028 | D89: 헬로우팜 | E89: 롯데온 | F89: =SUMIF('①농산물raw'!$D:$D,$C89,'①농산물raw'!$F:$F) -> 0 | G89: =SUMIF('①농산물raw'!$D:$D,$C89,'①농산물raw'!$G:$G) -> 0 | H89: =SUMIF('①농산물raw'!$D:$D,$C89,'①농산물raw'!$H:$H) -> 0
A90: 88 | B90: 성장 | C90: 586-91-01888 | D90: 현대농장 수퍼방토 | E90: 네이버 | F90: =SUMIF('①농산물raw'!$D:$D,$C90,'①농산물raw'!$F:$F) -> 308 | G90: =SUMIF('①농산물raw'!$D:$D,$C90,'①농산물raw'!$G:$G) -> 5523590 | H90: =SUMIF('①농산물raw'!$D:$D,$C90,'①농산물raw'!$H:$H) -> 602900 | I90: O
A91: 89 | B91: 도약 | C91: 418-90-22360 | D91: 무주참벌꿀 | E91: 지마켓 | F91: =SUMIF('①농산물raw'!$D:$D,$C91,'①농산물raw'!$F:$F) -> 0 | G91: =SUMIF('①농산물raw'!$D:$D,$C91,'①농산물raw'!$G:$G) -> 0 | H91: =SUMIF('①농산물raw'!$D:$D,$C91,'①농산물raw'!$H:$H) -> 0
A92: 90 | B92: 도약 | C92: 613-81-60803 | D92: 다모아영농조합법인 | E92: 지마켓 | F92: =SUMIF('①농산물raw'!$D:$D,$C92,'①농산물raw'!$F:$F) -> 2151 | G92: =SUMIF('①농산물raw'!$D:$D,$C92,'①농산물raw'!$G:$G) -> 57973900 | H92: =SUMIF('①농산물raw'!$D:$D,$C92,'①농산물raw'!$H:$H) -> 4867560 | I92: O
A93: 91 | B93: 도약 | C93: 511-09-26842 | D93: 해피메이킹 | E93: 네이버 | F93: =SUMIF('①농산물raw'!$D:$D,$C93,'①농산물raw'!$F:$F) -> 417 | G93: =SUMIF('①농산물raw'!$D:$D,$C93,'①농산물raw'!$G:$G) -> 42703650 | H93: =SUMIF('①농산물raw'!$D:$D,$C93,'①농산물raw'!$H:$H) -> 1627460 | I93: O
A94: 92 | B94: 도약 | C94: 519-93-00689 | D94: 성주참외 보화농장 | E94: 네이버 | F94: =SUMIF('①농산물raw'!$D:$D,$C94,'①농산물raw'!$F:$F) -> 87 | G94: =SUMIF('①농산물raw'!$D:$D,$C94,'①농산물raw'!$G:$G) -> 2505010 | H94: =SUMIF('①농산물raw'!$D:$D,$C94,'①농산물raw'!$H:$H) -> 210620 | I94: O
A95: 93 | B95: 시작 | C95: 701-93-02082 | D95: 로토정 | E95: 네이버 | F95: =SUMIF('①농산물raw'!$D:$D,$C95,'①농산물raw'!$F:$F) -> 777 | G95: =SUMIF('①농산물raw'!$D:$D,$C95,'①농산물raw'!$G:$G) -> 14367300 | H95: =SUMIF('①농산물raw'!$D:$D,$C95,'①농산물raw'!$H:$H) -> 394590 | I95: O
A96: 94 | B96: 도약 | C96: 477-93-01384 | D96: 수촌농장 | E96: 지마켓 | F96: =SUMIF('①농산물raw'!$D:$D,$C96,'①농산물raw'!$F:$F) -> 3441 | G96: =SUMIF('①농산물raw'!$D:$D,$C96,'①농산물raw'!$G:$G) -> 60348400 | H96: =SUMIF('①농산물raw'!$D:$D,$C96,'①농산물raw'!$H:$H) -> 5728100 | I96: O
A97: 95 | B97: 도약 | C97: 188-81-01220 | D97: 주식회사 지향 | E97: 롯데온 | F97: =SUMIF('①농산물raw'!$D:$D,$C97,'①농산물raw'!$F:$F) -> 91 | G97: =SUMIF('①농산물raw'!$D:$D,$C97,'①농산물raw'!$G:$G) -> 2694400 | H97: =SUMIF('①농산물raw'!$D:$D,$C97,'①농산물raw'!$H:$H) -> 371050 | I97: O
A98: 96 | B98: 도약 | C98: 616-81-78184 | D98: (주)올찬 농업회사법인 | E98: 네이버 | F98: =SUMIF('①농산물raw'!$D:$D,$C98,'①농산물raw'!$F:$F) -> 0 | G98: =SUMIF('①농산물raw'!$D:$D,$C98,'①농산물raw'!$G:$G) -> 0 | H98: =SUMIF('①농산물raw'!$D:$D,$C98,'①농산물raw'!$H:$H) -> 0
A99: 97 | B99: 도약 | C99: 543-88-02648 | D99: (주)복숭아집밤비네 | E99: 네이버 | F99: =SUMIF('①농산물raw'!$D:$D,$C99,'①농산물raw'!$F:$F) -> 0 | G99: =SUMIF('①농산물raw'!$D:$D,$C99,'①농산물raw'!$G:$G) -> 0 | H99: =SUMIF('①농산물raw'!$D:$D,$C99,'①농산물raw'!$H:$H) -> 0
A100: 98 | B100: 시작 | C100: 447-92-02158 | D100: 애플온 | E100: 네이버 | F100: =SUMIF('①농산물raw'!$D:$D,$C100,'①농산물raw'!$F:$F) -> 298 | G100: =SUMIF('①농산물raw'!$D:$D,$C100,'①농산물raw'!$G:$G) -> 5666070 | H100: =SUMIF('①농산물raw'!$D:$D,$C100,'①농산물raw'!$H:$H) -> 282800 | I100: O
...

Sheet ①농산물raw
A1: 2026 aT 농산물 온라인 마케터 업체 별 매출 보고
A2: 기간 : 07월 06일 ~ 08월 31일
A4: 합계 | F4: =SUM(F6:F1397) -> 441191 | G4: =SUM(G6:G1397) -> 5428800390 | H4: =SUM(H6:H1397) -> 257635009
A5: 유통사명 | B5: 품목분류 | C5: 사업자명 | D5: 사업자번호 | E5: 상품명 | F5: 판매 건수 | G5: 매출액 | H5: 판촉액
A6: 지마켓 | B6: 가공식품 | C6: 주식회사 마들 | D6: 892-87-01864 | E6: 춘천 닭갈비 오리지널 1kg 국내산 닭다리살(닭다리살 함량 85%) | F6: 253 | G6: 5220720 | H6: 278100
A7: 지마켓 | B7: 가공식품 | C7: 쌍둥이농장 | D7: 186-96-01664 | E7: 산지직송 하미과메론 양구메론 경북고령 고당도 그린하미과 골드하미과3kg 5kg | F7: 4 | G7: 187600 | H7: 0
A8: 지마켓 | B8: 가공식품 | C8: 조양식품 | D8: 579-90-00021 | E8: (신선집중/15%+NH10%) 한상궁김치 겉절이 2kg / 출고당일생산 | F8: 21744 | G8: 287536270 | H8: 6140240
A9: 지마켓 | B9: 농산물 | C9: 농업회사법인머쉬그로(주) | D9: 113-87-00743 | E9: 최상등급품질 양송이버섯 1kg 2kg 산지직송 오후2시당일출고 무료배송 직접재배 산지직송 최대할인가 | F9: 26 | G9: 621000 | H9: 57600
A10: 지마켓 | B10: 농산물 | C10: 농업회사법인머쉬그로(주) | D10: 113-87-00743 | E10: 양송이 마이스터 재배 화이트 양송이버섯 못난이 꼬다마 구이용 피자용 매장사용 소포장 스프용 1kg 2kg | F10: 32 | G10: 480900 | H10: 27500
A11: 지마켓 | B11: 축산물 | C11: 두원식품(주) | D11: 606-81-52718 | E11: (신선집중) 국내산 한돈 프리미엄 대패 삼겹살 1.2kg | F11: 2382 | G11: 55053800 | H11: 4893300
A12: 지마켓 | B12: 축산물 | C12: 두원식품(주) | D12: 606-81-52718 | E12: 국내산 한돈 칼집 고추장 삼겹살 300g + 300g | F12: 3 | G12: 44700 | H12: 0
A13: 지마켓 | B13: 축산물 | C13: 두원식품(주) | D13: 606-81-52718 | E13: (신선집중) 국내산 한돈 한입 옛날 삼겹살 400g + 400g | F13: 100 | G13: 1718300 | H13: 134180
A14: 지마켓 | B14: 축산물 | C14: 두원식품(주) | D14: 606-81-52718 | E14: haccp인증 국내산 한돈 간장 LA돼지갈비 300g+300g | F14: 10 | G14: 137000 | H14: 8940
A15: 지마켓 | B15: 축산물 | C15: 두원식품(주) | D15: 606-81-52718 | E15: 국내산 한돈 프리미엄 대패 삼겹살 400g + 400g | F15: 9 | G15: 162100 | H15: 7560
A16: 지마켓 | B16: 축산물 | C16: 두원식품(주) | D16: 606-81-52718 | E16: haccp인증 국내산 한돈 고추장 주물럭 300g x6팩(총 1.8kg) | F16: 2 | G16: 65000 | H16: 6500
A17: 지마켓 | B17: 축산물 | C17: 두원식품(주) | D17: 606-81-52718 | E17: 국내산 한돈 고추장 주물럭 300g + 300g 제육볶음 | F17: 11 | G17: 157900 | H17: 11920
... A1454: 네이버 | B1454: 농산물 | C1454: 참외쀼 | D1454: 210-97-02245 | E1454: 농부부부가 키운 고당도 성주 참외 당일수확 5.5kg | F1454: 1 | G1454: 35000 | H1454: 0

Sheet 유기농업체
F1: =SUM(F3:F57) -> 280907 | G1: =SUM(G3:G57) -> 1453132570 | H1: =SUM(H3:H57) -> 44341569 | I1: 32
A2: NO | B2: 구분 | C2: 사업자등록번호 | D2: 업체명 | E2: 배정유통사 | F2: 판매건수 | G2: 매출액 | H2: 판촉액 | I2: 7월 실제 인입
A3: 1 | B3: 도약 | C3: 218-86-00721 | D3: 주식회사 아인스 | E3: 오아시스 | F3: =SUMIF('②유기농raw'!$D:$D,$C3,'②유기농raw'!$F:$F) -> 27317 | G3: =SUMIF('②유기농raw'!$D:$D,$C3,'②유기농raw'!$G:$G) -> 172019750 | H3: =SUMIF('②유기농raw'!$D:$D,$C3,'②유기농raw'!$H:$H) -> 2012484 | I3: O
A4: 2 | B4: 도약 | C4: 225-90-26954 | D4: 풀무리농장 | E4: 네이버 | F4: =SUMIF('②유기농raw'!$D:$D,$C4,'②유기농raw'!$F:$F) -> 423 | G4: =SUMIF('②유기농raw'!$D:$D,$C4,'②유기농raw'!$G:$G) -> 15579700 | H4: =SUMIF('②유기농raw'!$D:$D,$C4,'②유기농raw'!$H:$H) -> 1852660 | I4: O
A5: 3 | B5: 시작 | C5: 326-37-00548 | D5: 파미농원 | E5: 오아시스 | F5: =SUMIF('②유기농raw'!$D:$D,$C5,'②유기농raw'!$F:$F) -> 1 | G5: =SUMIF('②유기농raw'!$D:$D,$C5,'②유기농raw'!$G:$G) -> 14400 | H5: =SUMIF('②유기농raw'!$D:$D,$C5,'②유기농raw'!$H:$H) -> 2880
A6: 4 | B6: 시작 | C6: 497-41-01341 | D6: 국가대표상황버섯 | E6: 오아시스 | F6: =SUMIF('②유기농raw'!$D:$D,$C6,'②유기농raw'!$F:$F) -> 0 | G6: =SUMIF('②유기농raw'!$D:$D,$C6,'②유기농raw'!$G:$G) -> 0 | H6: =SUMIF('②유기농raw'!$D:$D,$C6,'②유기농raw'!$H:$H) -> 0
A7: 5 | B7: 성장 | C7: 312-27-45552 | D7: 바우뜨락 | E7: 오아시스 | F7: =SUMIF('②유기농raw'!$D:$D,$C7,'②유기농raw'!$F:$F) -> 44 | G7: =SUMIF('②유기농raw'!$D:$D,$C7,'②유기농raw'!$G:$G) -> 1787000 | H7: =SUMIF('②유기농raw'!$D:$D,$C7,'②유기농raw'!$H:$H) -> 155200 | I7: O
A8: 6 | B8: 도약 | C8: 201-86-47960 | D8: 다온365농업회사법인(주) | E8: 오아시스 | F8: =SUMIF('②유기농raw'!$D:$D,$C8,'②유기농raw'!$F:$F) -> 0 | G8: =SUMIF('②유기농raw'!$D:$D,$C8,'②유기농raw'!$G:$G) -> 0 | H8: =SUMIF('②유기농raw'!$D:$D,$C8,'②유기농raw'!$H:$H) -> 0
A9: 7 | B9: 도약 | C9: 410-86-90042 | D9: 아름답게그린배영농조합법인 | E9: 네이버 | F9: =SUMIF('②유기농raw'!$D:$D,$C9,'②유기농raw'!$F:$F) -> 40 | G9: =SUMIF('②유기농raw'!$D:$D,$C9,'②유기농raw'!$G:$G) -> 1322500 | H9: =SUMIF('②유기농raw'!$D:$D,$C9,'②유기농raw'!$H:$H) -> 207680 | I9: O
A10: 8 | B10: 시작 | C10: 512-13-21395 | D10: 현재농원 | E10: 네이버 | F10: =SUMIF('②유기농raw'!$D:$D,$C10,'②유기농raw'!$F:$F) -> 8 | G10: =SUMIF('②유기농raw'!$D:$D,$C10,'②유기농raw'!$G:$G) -> 168650 | H10: =SUMIF('②유기농raw'!$D:$D,$C10,'②유기농raw'!$H:$H) -> 24730 | I10: O
A11: 9 | B11: 도약 | C11: 745-96-00315 | D11: 해담는집 | E11: 오아시스 | F11: =SUMIF('②유기농raw'!$D:$D,$C11,'②유기농raw'!$F:$F) -> 68 | G11: =SUMIF('②유기농raw'!$D:$D,$C11,'②유기농raw'!$G:$G) -> 1101800 | H11: =SUMIF('②유기농raw'!$D:$D,$C11,'②유기농raw'!$H:$H) -> 115480 | I11: O
A12: 10 | B12: 도약 | C12: 386-96-00703 | D12: 여화원 | E12: 네이버 | F12: =SUMIF('②유기농raw'!$D:$D,$C12,'②유기농raw'!$F:$F) -> 287 | G12: =SUMIF('②유기농raw'!$D:$D,$C12,'②유기농raw'!$G:$G) -> 9430500 | H12: =SUMIF('②유기농raw'!$D:$D,$C12,'②유기농raw'!$H:$H) -> 1015420 | I12: O
A13: 11 | B13: 도약 | C13: 409-86-48791 | D13: 주식회사 유기농샵에프앤비 | E13: 오아시스 | F13: =SUMIF('②유기농raw'!$D:$D,$C13,'②유기농raw'!$F:$F) -> 0 | G13: =SUMIF('②유기농raw'!$D:$D,$C13,'②유기농raw'!$G:$G) -> 0 | H13: =SUMIF('②유기농raw'!$D:$D,$C13,'②유기농raw'!$H:$H) -> 0
A14: 12 | B14: 도약 | C14: 556-72-00266 | D14: 제주오가닉스 | E14: 오아시스 | F14: =SUMIF('②유기농raw'!$D:$D,$C14,'②유기농raw'!$F:$F) -> 0 | G14: =SUMIF('②유기농raw'!$D:$D,$C14,'②유기농raw'!$G:$G) -> 0 | H14: =SUMIF('②유기농raw'!$D:$D,$C14,'②유기농raw'!$H:$H) -> 0
A15: 13 | B15: 도약 | C15: 592-08-01799 | D15: 삼둥이농장 | E15: 오아시스 | F15: =SUMIF('②유기농raw'!$D:$D,$C15,'②유기농raw'!$F:$F) -> 0 | G15: =SUMIF('②유기농raw'!$D:$D,$C15,'②유기농raw'!$G:$G) -> 0 | H15: =SUMIF('②유기농raw'!$D:$D,$C15,'②유기농raw'!$H:$H) -> 0
A16: 14 | B16: 도약 | C16: 680-87-00224 | D16: 다원팜농업회사법인유한회사 | E16: 오아시스 | F16: =SUMIF('②유기농raw'!$D:$D,$C16,'②유기농raw'!$F:$F) -> 21696 | G16: =SUMIF('②유기농raw'!$D:$D,$C16,'②유기농raw'!$G:$G) -> 45354130 | H16: =SUMIF('②유기농raw'!$D:$D,$C16,'②유기농raw'!$H:$H) -> 2157497 | I16: O
A17: 15 | B17: 도약 | C17: 402-81-54069 | D17: 참식품주식회사 | E17: 네이버 | F17: =SUMIF('②유기농raw'!$D:$D,$C17,'②유기농raw'!$F:$F) -> 547 | G17: =SUMIF('②유기농raw'!$D:$D,$C17,'②유기농raw'!$G:$G) -> 14845800 | H17: =SUMIF('②유기농raw'!$D:$D,$C17,'②유기농raw'!$H:$H) -> 1669930 | I17: O
A18: 16 | B18: 시작 | C18: 252-86-02831 | D18: 농업회사법인주식회사한내담 | E18: 오아시스 | F18: =SUMIF('②유기농raw'!$D:$D,$C18,'②유기농raw'!$F:$F) -> 0 | G18: =SUMIF('②유기농raw'!$D:$D,$C18,'②유기농raw'!$G:$G) -> 0 | H18: =SUMIF('②유기농raw'!$D:$D,$C18,'②유기농raw'!$H:$H) -> 0
A19: 17 | B19: 성장 | C19: 566-81-02884 | D19: 농업회사법인 주식회사 여주능서농원 | E19: 네이버 | F19: =SUMIF('②유기농raw'!$D:$D,$C19,'②유기농raw'!$F:$F) -> 258 | G19: =SUMIF('②유기농raw'!$D:$D,$C19,'②유기농raw'!$G:$G) -> 5728190 | H19: =SUMIF('②유기농raw'!$D:$D,$C19,'②유기농raw'!$H:$H) -> 669670 | I19: O
A20: 18 | B20: 도약 | C20: 580-88-02822 | D20: 농업회사법인 나무컴퍼니 주식회사 | E20: 네이버 | F20: =SUMIF('②유기농raw'!$D:$D,$C20,'②유기농raw'!$F:$F) -> 4513 | G20: =SUMIF('②유기농raw'!$D:$D,$C20,'②유기농raw'!$G:$G) -> 81437410 | H20: =SUMIF('②유기농raw'!$D:$D,$C20,'②유기농raw'!$H:$H) -> 4726320 | I20: O
A21: 19 | B21: 시작 | C21: 815-15-01628 | D21: 뭇별농장 | E21: 네이버 | F21: =SUMIF('②유기농raw'!$D:$D,$C21,'②유기농raw'!$F:$F) -> 0 | G21: =SUMIF('②유기농raw'!$D:$D,$C21,'②유기농raw'!$G:$G) -> 0 | H21: =SUMIF('②유기농raw'!$D:$D,$C21,'②유기농raw'!$H:$H) -> 0
A22: 20 | B22: 도약 | C22: 502-81-55602 | D22: 농업법인회사 (주)초록원 | E22: 오아시스 | F22: =SUMIF('②유기농raw'!$D:$D,$C22,'②유기농raw'!$F:$F) -> 4106 | G22: =SUMIF('②유기농raw'!$D:$D,$C22,'②유기농raw'!$G:$G) -> 44964220 | H22: =SUMIF('②유기농raw'!$D:$D,$C22,'②유기농raw'!$H:$H) -> 1981384 | I22: O
A23: 21 | B23: 도약 | C23: 654-88-01503 | D23: (주)밀알케이 | E23: 오아시스 | F23: =SUMIF('②유기농raw'!$D:$D,$C23,'②유기농raw'!$F:$F) -> 1567 | G23: =SUMIF('②유기농raw'!$D:$D,$C23,'②유기농raw'!$G:$G) -> 7314600 | H23: =SUMIF('②유기농raw'!$D:$D,$C23,'②유기농raw'!$H:$H) -> 353700 | I23: O
A24: 22 | B24: 도약 | C24: 774-11-01498 | D24: 경성표고버섯농장 | E24: 네이버 | F24: =SUMIF('②유기농raw'!$D:$D,$C24,'②유기농raw'!$F:$F) -> 283 | G24: =SUMIF('②유기농raw'!$D:$D,$C24,'②유기농raw'!$G:$G) -> 5837350 | H24: =SUMIF('②유기농raw'!$D:$D,$C24,'②유기농raw'!$H:$H) -> 609310 | I24: O
A25: 23 | B25: 도약 | C25: 416-81-44143 | D25: 도울 F&B | E25: 오아시스 | F25: =SUMIF('②유기농raw'!$D:$D,$C25,'②유기농raw'!$F:$F) -> 3243 | G25: =SUMIF('②유기농raw'!$D:$D,$C25,'②유기농raw'!$G:$G) -> 7528400 | H25: =SUMIF('②유기농raw'!$D:$D,$C25,'②유기농raw'!$H:$H) -> 612556 | I25: O
A26: 24 | B26: 도약 | C26: 754-88-00876 | D26: 베리네이처 | E26: 오아시스 | F26: =SUMIF('②유기농raw'!$D:$D,$C26,'②유기농raw'!$F:$F) -> 14326 | G26: =SUMIF('②유기농raw'!$D:$D,$C26,'②유기농raw'!$G:$G) -> 41928380 | H26: =SUMIF('②유기농raw'!$D:$D,$C26,'②유기농raw'!$H:$H) -> 2130483 | I26: O
A27: 25 | B27: 도약 | C27: 507-81-09103 | D27: 나래친환경영농조합법인 | E27: 네이버 | F27: =SUMIF('②유기농raw'!$D:$D,$C27,'②유기농raw'!$F:$F) -> 82 | G27: =SUMIF('②유기농raw'!$D:$D,$C27,'②유기농raw'!$G:$G) -> 4760000 | H27: =SUMIF('②유기농raw'!$D:$D,$C27,'②유기농raw'!$H:$H) -> 720000 | I27: O
A28: 26 | B28: 시작 | C28: 190-97-01151 | D28: 지구별농장 | E28: 네이버 | F28: =SUMIF('②유기농raw'!$D:$D,$C28,'②유기농raw'!$F:$F) -> 0 | G28: =SUMIF('②유기농raw'!$D:$D,$C28,'②유기농raw'!$G:$G) -> 0 | H28: =SUMIF('②유기농raw'!$D:$D,$C28,'②유기농raw'!$H:$H) -> 0
A29: 27 | B29: 성장 | C29: 706-01-03422 | D29: 아침농부 | E29: 네이버 | F29: =SUMIF('②유기농raw'!$D:$D,$C29,'②유기농raw'!$F:$F) -> 520 | G29: =SUMIF('②유기농raw'!$D:$D,$C29,'②유기농raw'!$G:$G) -> 13123000 | H29: =SUMIF('②유기농raw'!$D:$D,$C29,'②유기농raw'!$H:$H) -> 1043580 | I29: O
A30: 28 | B30: 도약 | C30: 761-46-00855 | D30: 코스모스길 옆 상황버 | E30: 네이버 | F30: =SUMIF('②유기농raw'!$D:$D,$C30,'②유기농raw'!$F:$F) -> 0 | G30: =SUMIF('②유기농raw'!$D:$D,$C30,'②유기농raw'!$G:$G) -> 0 | H30: =SUMIF('②유기농raw'!$D:$D,$C30,'②유기농raw'!$H:$H) -> 0
A31: 29 | B31: 성장 | C31: 522-17-00696 | D31: 엿공장 | E31: 오아시스 | F31: =SUMIF('②유기농raw'!$D:$D,$C31,'②유기농raw'!$F:$F) -> 13 | G31: =SUMIF('②유기농raw'!$D:$D,$C31,'②유기농raw'!$G:$G) -> 249500 | H31: =SUMIF('②유기농raw'!$D:$D,$C31,'②유기농raw'!$H:$H) -> 36600 | I31: O
A32: 30 | B32: 도약 | C32: 685-88-00527 | D32: 농업회사법인주식회사다고 | E32: 오아시스 | F32: =SUMIF('②유기농raw'!$D:$D,$C32,'②유기농raw'!$F:$F) -> 37 | G32: =SUMIF('②유기농raw'!$D:$D,$C32,'②유기농raw'!$G:$G) -> 555000 | H32: =SUMIF('②유기농raw'!$D:$D,$C32,'②유기농raw'!$H:$H) -> 103000 | I32: O
A33: 31 | B33: 도약 | C33: 132-81-55005 | D33: 농업회사법인 하늘농가(주) | E33: 오아시스 | F33: =SUMIF('②유기농raw'!$D:$D,$C33,'②유기농raw'!$F:$F) -> 0 | G33: =SUMIF('②유기농raw'!$D:$D,$C33,'②유기농raw'!$G:$G) -> 0 | H33: =SUMIF('②유기농raw'!$D:$D,$C33,'②유기농raw'!$H:$H) -> 0
A34: 32 | B34: 도약 | C34: 515-81-53707 | D34: 농업회사법인 닥터애그 주식회사 | E34: 오아시스 | F34: =SUMIF('②유기농raw'!$D:$D,$C34,'②유기농raw'!$F:$F) -> 162090 | G34: =SUMIF('②유기농raw'!$D:$D,$C34,'②유기농raw'!$G:$G) -> 121036230 | H34: =SUMIF('②유기농raw'!$D:$D,$C34,'②유기농raw'!$H:$H) -> 2211447 | I34: O
A35: 33 | B35: 성장 | C35: 220-88-07925 | D35: 농업회사법인 주식회사 떡찌니 | E35: 네이버 | F35: =SUMIF('②유기농raw'!$D:$D,$C35,'②유기농raw'!$F:$F) -> 0 | G35: =SUMIF('②유기농raw'!$D:$D,$C35,'②유기농raw'!$G:$G) -> 0 | H35: =SUMIF('②유기농raw'!$D:$D,$C35,'②유기농raw'!$H:$H) -> 0
A36: 34 | B36: 도약 | C36: 311-81-44794 | D36: 농업회사법인내포(주) | E36: 오아시스 | F36: =SUMIF('②유기농raw'!$D:$D,$C36,'②유기농raw'!$F:$F) -> 8 | G36: =SUMIF('②유기농raw'!$D:$D,$C36,'②유기농raw'!$G:$G) -> 218000 | H36: =SUMIF('②유기농raw'!$D:$D,$C36,'②유기농raw'!$H:$H) -> 43600 | I36: O
A37: 35 | B37: 성장 | C37: 848-99-01346 | D37: 옥수농원 | E37: 네이버 | F37: =SUMIF('②유기농raw'!$D:$D,$C37,'②유기농raw'!$F:$F) -> 0 | G37: =SUMIF('②유기농raw'!$D:$D,$C37,'②유기농raw'!$G:$G) -> 0 | H37: =SUMIF('②유기농raw'!$D:$D,$C37,'②유기농raw'!$H:$H) -> 0
A38: 36 | B38: 성장 | C38: 829-88-01091 | D38: 스퀘어팜 농업회사법인주식회사 | E38: 오아시스 | F38: =SUMIF('②유기농raw'!$D:$D,$C38,'②유기농raw'!$F:$F) -> 0 | G38: =SUMIF('②유기농raw'!$D:$D,$C38,'②유기농raw'!$G:$G) -> 0 | H38: =SUMIF('②유기농raw'!$D:$D,$C38,'②유기농raw'!$H:$H) -> 0
A39: 37 | B39: 도약 | C39: 126-18-96934 | D39: 굿그레인즈 | E39: 오아시스 | F39: =SUMIF('②유기농raw'!$D:$D,$C39,'②유기농raw'!$F:$F) -> 26055 | G39: =SUMIF('②유기농raw'!$D:$D,$C39,'②유기농raw'!$G:$G) -> 681718500 | H39: =SUMIF('②유기농raw'!$D:$D,$C39,'②유기농raw'!$H:$H) -> 2748795 | I39: O
A40: 38 | B40: 시작 | C40: 109-36-80203 | D40: 내추럴참푸드 | E40: 오아시스 | F40: =SUMIF('②유기농raw'!$D:$D,$C40,'②유기농raw'!$F:$F) -> 544 | G40: =SUMIF('②유기농raw'!$D:$D,$C40,'②유기농raw'!$G:$G) -> 13688860 | H40: =SUMIF('②유기농raw'!$D:$D,$C40,'②유기농raw'!$H:$H) -> 1457959 | I40: O
A41: 39 | B41: 성장 | C41: 348-87-01289 | D41: 농업회사법인하누리영이(주) | E41: 네이버 | F41: =SUMIF('②유기농raw'!$D:$D,$C41,'②유기농raw'!$F:$F) -> 174 | G41: =SUMIF('②유기농raw'!$D:$D,$C41,'②유기농raw'!$G:$G) -> 4674000 | H41: =SUMIF('②유기농raw'!$D:$D,$C41,'②유기농raw'!$H:$H) -> 575800 | I41: O
A42: 40 | B42: 도약 | C42: 393-86-02715 | D42: 봉이땅엔농업회사법인주식회사 | E42: 오아시스 | F42: =SUMIF('②유기농raw'!$D:$D,$C42,'②유기농raw'!$F:$F) -> 0 | G42: =SUMIF('②유기농raw'!$D:$D,$C42,'②유기농raw'!$G:$G) -> 0 | H42: =SUMIF('②유기농raw'!$D:$D,$C42,'②유기농raw'!$H:$H) -> 0
A43: 41 | B43: 도약 | C43: 106-93-03082 | D43: 땅끝사랑농원 | E43: 네이버 | F43: =SUMIF('②유기농raw'!$D:$D,$C43,'②유기농raw'!$F:$F) -> 2047 | G43: =SUMIF('②유기농raw'!$D:$D,$C43,'②유기농raw'!$G:$G) -> 63191000 | H43: =SUMIF('②유기농raw'!$D:$D,$C43,'②유기농raw'!$H:$H) -> 7617120 | I43: O
A44: 42 | B44: 도약 | C44: 550-88-01948 | D44: 농업회사법인 올담농원(주) | E44: 네이버 | F44: =SUMIF('②유기농raw'!$D:$D,$C44,'②유기농raw'!$F:$F) -> 59 | G44: =SUMIF('②유기농raw'!$D:$D,$C44,'②유기농raw'!$G:$G) -> 2502300 | H44: =SUMIF('②유기농raw'!$D:$D,$C44,'②유기농raw'!$H:$H) -> 253260 | I44: O
A45: 43 | B45: 시작 | C45: 610-95-45023 | D45: 볕든날 | E45: 네이버 | F45: =SUMIF('②유기농raw'!$D:$D,$C45,'②유기농raw'!$F:$F) -> 0 | G45: =SUMIF('②유기농raw'!$D:$D,$C45,'②유기농raw'!$G:$G) -> 0 | H45: =SUMIF('②유기농raw'!$D:$D,$C45,'②유기농raw'!$H:$H) -> 0
A46: 44 | B46: 성장 | C46: 790-86-01687 | D46: 농업회사법인불원주식회사 | E46: 오아시스 | F46: =SUMIF('②유기농raw'!$D:$D,$C46,'②유기농raw'!$F:$F) -> 0 | G46: =SUMIF('②유기농raw'!$D:$D,$C46,'②유기농raw'!$G:$G) -> 0 | H46: =SUMIF('②유기농raw'!$D:$D,$C46,'②유기농raw'!$H:$H) -> 0
A47: 45 | B47: 도약 | C47: 142-08-14196 | D47: 푸르메다 | E47: 오아시스 | F47: =SUMIF('②유기농raw'!$D:$D,$C47,'②유기농raw'!$F:$F) -> 2172 | G47: =SUMIF('②유기농raw'!$D:$D,$C47,'②유기농raw'!$G:$G) -> 16996050 | H47: =SUMIF('②유기농raw'!$D:$D,$C47,'②유기농raw'!$H:$H) -> 1827293 | I47: O
A48: 46 | B48: 도약 | C48: 847-88-01726 | D48: 농업회사법인주식회사구룡농원 | E48: 네이버 | F48: =SUMIF('②유기농raw'!$D:$D,$C48,'②유기농raw'!$F:$F) -> 892 | G48: =SUMIF('②유기농raw'!$D:$D,$C48,'②유기농raw'!$G:$G) -> 30263600 | H48: =SUMIF('②유기농raw'!$D:$D,$C48,'②유기농raw'!$H:$H) -> 2593180 | I48: O
A49: 47 | B49: 시작 | C49: 216-04-19795 | D49: 아그데뜰 | E49: 네이버 | F49: =SUMIF('②유기농raw'!$D:$D,$C49,'②유기농raw'!$F:$F) -> 8 | G49: =SUMIF('②유기농raw'!$D:$D,$C49,'②유기농raw'!$G:$G) -> 347000 | H49: =SUMIF('②유기농raw'!$D:$D,$C49,'②유기농raw'!$H:$H) -> 26000 | I49: O
A50: 48 | B50: 도약 | C50: 646-85-00365 | D50: 농업회사법인(주) 강화드림푸드 | E50: 오아시스 | F50: =SUMIF('②유기농raw'!$D:$D,$C50,'②유기농raw'!$F:$F) -> 0 | G50: =SUMIF('②유기농raw'!$D:$D,$C50,'②유기농raw'!$G:$G) -> 0 | H50: =SUMIF('②유기농raw'!$D:$D,$C50,'②유기농raw'!$H:$H) -> 0
A51: 49 | B51: 성장 | C51: 231-97-01414 | D51: 따순농장 | E51: 네이버 | F51: =SUMIF('②유기농raw'!$D:$D,$C51,'②유기농raw'!$F:$F) -> 206 | G51: =SUMIF('②유기농raw'!$D:$D,$C51,'②유기농raw'!$G:$G) -> 4424250 | H51: =SUMIF('②유기농raw'!$D:$D,$C51,'②유기농raw'!$H:$H) -> 703630
A52: 50 | B52: 시작 | C52: 221-81-21222 | D52: 영농조합법인강원유기농 | E52: 네이버 | F52: =SUMIF('②유기농raw'!$D:$D,$C52,'②유기농raw'!$F:$F) -> 0 | G52: =SUMIF('②유기농raw'!$D:$D,$C52,'②유기농raw'!$G:$G) -> 0 | H52: =SUMIF('②유기농raw'!$D:$D,$C52,'②유기농raw'!$H:$H) -> 0
A53: 51 | B53: 도약 | C53: 301-81-78225 | D53: 농업회사법인 팜에이트 주식회사 | E53: 오아시스 | F53: =SUMIF('②유기농raw'!$D:$D,$C53,'②유기농raw'!$F:$F) -> 6722 | G53: =SUMIF('②유기농raw'!$D:$D,$C53,'②유기농raw'!$G:$G) -> 25131030 | H53: =SUMIF('②유기농raw'!$D:$D,$C53,'②유기농raw'!$H:$H) -> 2082921 | I53: O
A54: 52 | B54: 도약 | C54: 402-47-64035 | D54: 땅끝민지맘 | E54: 네이버 | F54: =SUMIF('②유기농raw'!$D:$D,$C54,'②유기농raw'!$F:$F) -> 544 | G54: =SUMIF('②유기농raw'!$D:$D,$C54,'②유기농raw'!$G:$G) -> 13693470 | H54: =SUMIF('②유기농raw'!$D:$D,$C54,'②유기농raw'!$H:$H) -> 0 | I54: O
A55: 53 | B55: 시작 | C55: 122-93-29177 | D55: 버섯놀이터사천숲속표고 | E55: 네이버 | F55: =SUMIF('②유기농raw'!$D:$D,$C55,'②유기농raw'!$F:$F) -> 7 | G55: =SUMIF('②유기농raw'!$D:$D,$C55,'②유기농raw'!$G:$G) -> 198000 | H55: =SUMIF('②유기농raw'!$D:$D,$C55,'②유기농raw'!$H:$H) -> 0
A56: 54 | B56: 성장 | C56: 616-81-93905 | D56: 안덕친환경영농조합법인 | E56: 네이버 | F56: =SUMIF('②유기농raw'!$D:$D,$C56,'②유기농raw'!$F:$F) -> 0 | G56: =SUMIF('②유기농raw'!$D:$D,$C56,'②유기농raw'!$G:$G) -> 0 | H56: =SUMIF('②유기농raw'!$D:$D,$C56,'②유기농raw'!$H:$H) -> 0
A57: 55 | B57: 시작 | C57: 778-81-03657 | D57: 이강바이오컴퍼니 주식회사 | E57: 오아시스 | F57: =SUMIF('②유기농raw'!$D:$D,$C57,'②유기농raw'!$F:$F) -> 0 | G57: =SUMIF('②유기농raw'!$D:$D,$C57,'②유기농raw'!$G:$G) -> 0 | H57: =SUMIF('②유기농raw'!$D:$D,$C57,'②유기농raw'!$H:$H) -> 0

Sheet ②유기농raw
A1: 2026 aT 농산물 온라인 마케터 업체 별 매출 보고
A2: 기간 : 07월 06일 ~ 08월 31일
A4: 합계 | F4: =SUM(F6:F807) -> 280907 | G4: =SUM(G6:G807) -> 1453132570 | H4: =SUM(H6:H807) -> 44341569
A5: 유통사명 | B5: 품목분류 | C5: 사업자명 | D5: 사업자번호 | E5: 상품명 | F5: 판매 건수 | G5: 매출액 | H5: 판촉액
A6: 오아시스 | B6: 가공식품 | C6: 푸르메다 | D6: 142-08-14196 | E6: 우유와함께 제주녹차라떼 | F6: 715 | G6: 4837900 | H6: 534820
A7: 오아시스 | B7: 가공식품 | C7: 푸르메다 | D7: 142-08-14196 | E7: 3초 보리 순아이티 (15입) | F7: 1221 | G7: 7982150 | H7: 850218
A8: 오아시스 | B8: 가공식품 | C8: 푸르메다 | D8: 142-08-14196 | E8: 유기농 제주 말차 ((20g×2입)×1개) | F8: 236 | G8: 4176000 | H8: 442255
A9: 오아시스 | B9: 가공식품 | C9: 해담는집 | D9: 745-96-00315 | E9: 해담는집 유기농 고춧가루 500g/200g(순한맛/보통맛/매운맛) | F9: 11 | G9: 434900 | H9: 45006
A10: 오아시스 | B10: 농산물 | C10: 해담는집 | D10: 745-96-00315 | E10: [해담는집] 유기농 고추씨 500g | F10: 5 | G10: 69500 | H10: 7282
A11: 오아시스 | B11: 농산물 | C11: 해담는집 | D11: 745-96-00315 | E11: [해담는집] 유기농 들깨 500g | F11: 2 | G11: 41800 | H11: 2590
A12: 오아시스 | B12: 가공식품 | C12: 해담는집 | D12: 745-96-00315 | E12: [해담는집]유기농 크러쉬드 레드페퍼 | F12: 41 | G12: 430500 | H12: 46702
A13: 오아시스 | B13: 가공식품 | C13: 해담는집 | D13: 745-96-00315 | E13: 유기농 메리골드 건조차 50g/꽃차/생화/식용꽃 | F13: 9 | G13: 125100 | H13: 13900
A14: 오아시스 | B14: 가공식품 | C14: 주식회사 베리네이처 | D14: 754-88-00876 | E14: 유기농 토핑 야채큐브 다진 비트 45g | F14: 2024 | G14: 4857600 | H14: 269694
A15: 오아시스 | B15: 가공식품 | C15: 주식회사 베리네이처 | D15: 754-88-00876 | E15: 유기농 토핑 야채큐브 다진 양배추 45g | F15: 1290 | G15: 2967000 | H15: 141606
A16: 오아시스 | B16: 가공식품 | C16: 주식회사 베리네이처 | D16: 754-88-00876 | E16: 유기농 토핑 야채큐브 다진 무 45g | F16: 1079 | G16: 2697500 | H16: 121065
A17: 오아시스 | B17: 가공식품 | C17: 주식회사 베리네이처 | D17: 754-88-00876 | E17: 무농약 토핑 야채큐브 다진 근대 45g | F17: 1161 | G17: 3250800 | H17: 168482
... A207: 네이버 | B207: 가공식품 | C207: 땅끝민지맘 | D207: 402-47-64035 | E207: 26년 국내산 해남 민지맘 무농약 작두콩차 270g(90g x 3팩) 선물용 | F207: 8 | G207: 208780 | H207: 0
