Workbook

Sheet 사용법
B2: 📖 사용법 — 이 순서대로만 하시면 됩니다
B3: aT 농산물 온라인 마케터 월별 실적 자동집계 시트 · 2026
B5: STEP 0. 사전 준비 — 처음 한 번만
B6: 0-1. 업체 명단을 먼저 다 등록하세요
B7: [농산물업체] · [유기농업체] 시트에 아래 5개 열만 입력합니다. 나머지 열은 전부 자동으로 채워집니다.
B8: • A 열 NO · B 열 구분(시작/성장/도약) · C 열 사업자등록번호 · D 열 업체명 · E 열 배정유통사
B9: ⚠️ 유통사명은 반드시 「롯데ON」으로 쓰세요 (「롯데온」 ✗). 유통사가 보내주는 RAW 표기에 맞춘 겁니다. B열·E열은 드롭다운이니 골라 쓰시면 됩니다.
B10: 0-2. 쿠폰 배정액을 넣으세요
B11: [설정] 시트의 노란 칸에 유통사별 쿠폰 배정액을 입력합니다. 잔여금액과 소진율이 자동 계산됩니다.
B12: 0-3. 7월 RAW를 넣으세요
B13: → STEP 1과 동일한 방법입니다. (7월 데이터는 이미 넣어뒀습니다.)
B15: STEP 1. 매월 RAW 관리 — 유통사에서 파일을 받으면
... B62: • 시트 이름을 바꾸지 마세요 → 모든 수식이 깨집니다.

Sheet 분석
B1: ※ 전체 기획전 결과
B2: 보고 기준월 | C2: ='설정'!$C$3 -> 8월 | D2: =IF('설정'!$C$3='설정'!$C$4,"","유기농: "&'설정'!$C$4) | E2: ※ 아래 「전체 기획전 결과」는 최신 입력월까지의 누적입니다.
B4: 1. 해당 월 참여 상품 수 및 업체수 (누적)
B5: 구분 | C5: 총 계 | D5: 농부가바로팜 | K5: 친환경
D6: 소 계 | E6: 네이버 | F6: 지마켓 | G6: 롯데ON | H6: 온누리마켓 | I6: 농가살리기 | J6: 오아시스 | K6: 소 계 | L6: 네이버 | M6: 오아시스
B7: 배정업체수 | C7: =IF(COUNT(D7,K7)=0,"",SUM(D7,K7)) -> 340 | D7: =IF(COUNT(E7:J7)=0,"",SUM(E7:J7)) -> 285 | E7: =COUNTIFS('농산물업체'!$E$3:$E$702,E$6) -> 136 | F7: =COUNTIFS('농산물업체'!$E$3:$E$702,F$6) -> 53 | G7: =COUNTIFS('농산물업체'!$E$3:$E$702,G$6) -> 47 | H7: =COUNTIFS('농산물업체'!$E$3:$E$702,H$6) -> 24 | I7: =COUNTIFS('농산물업체'!$E$3:$E$702,I$6) -> 9 | J7: =COUNTIFS('농산물업체'!$E$3:$E$702,J$6) -> 16 | K7: =IF(COUNT(L7:M7)=0,"",SUM(L7:M7)) -> 55 | L7: =COUNTIFS('유기농업체'!$E$3:$E$252,L$6) -> 26 | M7: =COUNTIFS('유기농업체'!$E$3:$E$252,M$6) -> 29
B8: 참여업체수 | C8: =IF(COUNT(D8,K8)=0,"",SUM(D8,K8)) -> 242 | D8: =IF(COUNT(E8:J8)=0,"",SUM(E8:J8)) -> 207 | E8: =COUNTIFS('농산물업체'!$E$3:$E$702,E$6,'농산물업체'!$S$3:$S$702,"O") -> 93 | F8: =COUNTIFS('농산물업체'!$E$3:$E$702,F$6,'농산물업체'!$S$3:$S$702,"O") -> 41 | G8: =COUNTIFS('농산물업체'!$E$3:$E$702,G$6,'농산물업체'!$S$3:$S$702,"O") -> 34 | H8: =COUNTIFS('농산물업체'!$E$3:$E$702,H$6,'농산물업체'!$S$3:$S$702,"O") -> 19 | I8: =COUNTIFS('농산물업체'!$E$3:$E$702,I$6,'농산물업체'!$S$3:$S$702,"O") -> 7 | J8: =COUNTIFS('농산물업체'!$E$3:$E$702,J$6,'농산물업체'!$S$3:$S$702,"O") -> 13 | K8: =IF(COUNT(L8:M8)=0,"",SUM(L8:M8)) -> 35 | L8: =COUNTIFS('유기농업체'!$E$3:$E$252,L$6,'유기농업체'!$S$3:$S$252,"O") -> 18 | M8: =COUNTIFS('유기농업체'!$E$3:$E$252,M$6,'유기농업체'!$S$3:$S$252,"O") -> 17
B9: 상품수 | C9: =IF(COUNT(D9,K9)=0,"",SUM(D9,K9)) -> 1651 | D9: =IF(COUNT(E9:J9)=0,"",SUM(E9:J9)) -> 1449 | E9: =IF('설정'!$B$3=0,"",CHOOSE('설정'!$B$3,COUNTIFS('RAW_농산물_7월'!$A:$A,E$6),COUNTIFS('RAW_농산물_8월'!$A:$A,E$6),COUNTIFS('RAW_농산물_9월'!$A:$A,E$6),COUNTIFS('RAW_농산물_10월'!$A:$A,E$6),COUNTIFS('RAW_농산물_11-12월'!$A:$A,E$6))) -> 614 | F9: =IF('설정'!$B$3=0,"",CHOOSE('설정'!$B$3,COUNTIFS('RAW_농산물_7월'!$A:$A,F$6),COUNTIFS('RAW_농산물_8월'!$A:$A,F$6),COUNTIFS('RAW_농산물_9월'!$A:$A,F$6),COUNTIFS('RAW_농산물_10월'!$A:$A,F$6),COUNTIFS('RAW_농산물_11-12월'!$A:$A,F$6))) -> 298 | G9: =IF('설정'!$B$3=0,"",CHOOSE('설정'!$B$3,COUNTIFS('RAW_농산물_7월'!$A:$A,G$6),COUNTIFS('RAW_농산물_8월'!$A:$A,G$6),COUNTIFS('RAW_농산물_9월'!$A:$A,G$6),COUNTIFS('RAW_농산물_10월'!$A:$A,G$6),COUNTIFS('RAW_농산물_11-12월'!$A:$A,G$6))) -> 349 | H9: =IF('설정'!$B$3=0,"",CHOOSE('설정'!$B$3,COUNTIFS('RAW_농산물_7월'!$A:$A,H$6),COUNTIFS('RAW_농산물_8월'!$A:$A,H$6),COUNTIFS('RAW_농산물_9월'!$A:$A,H$6),COUNTIFS('RAW_농산물_10월'!$A:$A,H$6),COUNTIFS('RAW_농산물_11-12월'!$A:$A,H$6))) -> 71 | I9: =IF('설정'!$B$3=0,"",CHOOSE('설정'!$B$3,COUNTIFS('RAW_농산물_7월'!$A:$A,I$6),COUNTIFS('RAW_농산물_8월'!$A:$A,I$6),COUNTIFS('RAW_농산물_9월'!$A:$A,I$6),COUNTIFS('RAW_농산물_10월'!$A:$A,I$6),COUNTIFS('RAW_농산물_11-12월'!$A:$A,I$6))) -> 30 | J9: =IF('설정'!$B$3=0,"",CHOOSE('설정'!$B$3,COUNTIFS('RAW_농산물_7월'!$A:$A,J$6),COUNTIFS('RAW_농산물_8월'!$A:$A,J$6),COUNTIFS('RAW_농산물_9월'!$A:$A,J$6),COUNTIFS('RAW_농산물_10월'!$A:$A,J$6),COUNTIFS('RAW_농산물_11-12월'!$A:$A,J$6))) -> 87 | K9: =IF(COUNT(L9:M9)=0,"",SUM(L9:M9)) -> 202 | L9: =IF('설정'!$B$4=0,"",CHOOSE('설정'!$B$4,COUNTIFS('RAW_유기농_7월'!$A:$A,L$6),COUNTIFS('RAW_유기농_8월'!$A:$A,L$6),COUNTIFS('RAW_유기농_9월'!$A:$A,L$6),COUNTIFS('RAW_유기농_10월'!$A:$A,L$6),COUNTIFS('RAW_유기농_11-12월'!$A:$A,L$6))) -> 111 | M9: =IF('설정'!$B$4=0,"",CHOOSE('설정'!$B$4,COUNTIFS('RAW_유기농_7월'!$A:$A,M$6),COUNTIFS('RAW_유기농_8월'!$A:$A,M$6),COUNTIFS('RAW_유기농_9월'!$A:$A,M$6),COUNTIFS('RAW_유기농_10월'!$A:$A,M$6),COUNTIFS('RAW_유기농_11-12월'!$A:$A,M$6))) -> 91
B10: ※ 참여업체수 = RAW에 실제 등재된 업체 (누적) / 배정업체수 = 업체 명단에 등록된 업체. 기관 보고 기준에 맞는 쪽을 쓰세요.
B12: 2. 유통사 별 쿠폰 사용액 (누적)
B13: 구분 | C13: 총 계 | D13: 농부가바로팜 | K13: 친환경
D14: 소 계 | E14: 네이버 | F14: 지마켓 | G14: 롯데ON | H14: 온누리마켓 | I14: 농가살리기 | J14: 오아시스 | K14: 소 계 | L14: 네이버 | M14: 오아시스
B15: 쿠폰 사용액 | C15: =IF(COUNT(D15,K15)=0,"",SUM(D15,K15)) -> 310710888 | D15: =IF(COUNT(E15:J15)=0,"",SUM(E15:J15)) -> 266369319 | E15: =IF('설정'!$B$3=0,"",CHOOSE('설정'!$B$3,SUMIFS('RAW_농산물_7월'!$H:$H,'RAW_농산물_7월'!$A:$A,E$14),SUMIFS('RAW_농산물_8월'!$H:$H,'RAW_농산물_8월'!$A:$A,E$14),SUMIFS('RAW_농산물_9월'!$H:$H,'RAW_농산물_9월'!$A:$A,E$14),SUMIFS('RAW_농산물_10월'!$H:$H,'RAW_농산물_10월'!$A:$A,E$14),SUMIFS('RAW_농산물_11-12월'!$H:$H,'RAW_농산물_11-12월'!$A:$A,E$14))) -> 90643090 | F15: =IF('설정'!$B$3=0,"",CHOOSE('설정'!$B$3,SUMIFS('RAW_농산물_7월'!$H:$H,'RAW_농산물_7월'!$A:$A,F$14),SUMIFS('RAW_농산물_8월'!$H:$H,'RAW_농산물_8월'!$A:$A,F$14),SUMIFS('RAW_농산물_9월'!$H:$H,'RAW_농산물_9월'!$A:$A,F$14),SUMIFS('RAW_농산물_10월'!$H:$H,'RAW_농산물_10월'!$A:$A,F$14),SUMIFS('RAW_농산물_11-12월'!$H:$H,'RAW_농산물_11-12월'!$A:$A,F$14))) -> 76647920 | G15: =IF('설정'!$B$3=0,"",CHOOSE('설정'!$B$3,SUMIFS('RAW_농산물_7월'!$H:$H,'RAW_농산물_7월'!$A:$A,G$14),SUMIFS('RAW_농산물_8월'!$H:$H,'RAW_농산물_8월'!$A:$A,G$14),SUMIFS('RAW_농산물_9월'!$H:$H,'RAW_농산물_9월'!$A:$A,G$14),SUMIFS('RAW_농산물_10월'!$H:$H,'RAW_농산물_10월'!$A:$A,G$14),SUMIFS('RAW_농산물_11-12월'!$H:$H,'RAW_농산물_11-12월'!$A:$A,G$14))) -> 52129220 | H15: =IF('설정'!$B$3=0,"",CHOOSE('설정'!$B$3,SUMIFS('RAW_농산물_7월'!$H:$H,'RAW_농산물_7월'!$A:$A,H$14),SUMIFS('RAW_농산물_8월'!$H:$H,'RAW_농산물_8월'!$A:$A,H$14),SUMIFS('RAW_농산물_9월'!$H:$H,'RAW_농산물_9월'!$A:$A,H$14),SUMIFS('RAW_농산물_10월'!$H:$H,'RAW_농산물_10월'!$A:$A,H$14),SUMIFS('RAW_농산물_11-12월'!$H:$H,'RAW_농산물_11-12월'!$A:$A,H$14))) -> 15501100 | I15: =IF('설정'!$B$3=0,"",CHOOSE('설정'!$B$3,SUMIFS('RAW_농산물_7월'!$H:$H,'RAW_농산물_7월'!$A:$A,I$14),SUMIFS('RAW_농산물_8월'!$H:$H,'RAW_농산물_8월'!$A:$A,I$14),SUMIFS('RAW_농산물_9월'!$H:$H,'RAW_농산물_9월'!$A:$A,I$14),SUMIFS('RAW_농산물_10월'!$H:$H,'RAW_농산물_10월'!$A:$A,I$14),SUMIFS('RAW_농산물_11-12월'!$H:$H,'RAW_농산물_11-12월'!$A:$A,I$14))) -> 15599960 | J15: =IF('설정'!$B$3=0,"",CHOOSE('설정'!$B$3,SUMIFS('RAW_농산물_7월'!$H:$H,'RAW_농산물_7월'!$A:$A,J$14),SUMIFS('RAW_농산물_8월'!$H:$H,'RAW_농산물_8월'!$A:$A,J$14),SUMIFS('RAW_농산물_9월'!$H:$H,'RAW_농산물_9월'!$A:$A,J$14),SUMIFS('RAW_농산물_10월'!$H:$H,'RAW_농산물_10월'!$A:$A,J$14),SUMIFS('RAW_농산물_11-12월'!$H:$H,'RAW_농산물_11-12월'!$A:$A,J$14))) -> 15848029 | K15: =IF(COUNT(L15:M15)=0,"",SUM(L15:M15)) -> 44341569 | L15: =IF('설정'!$B$4=0,"",CHOOSE('설정'!$B$4,SUMIFS('RAW_유기농_7월'!$H:$H,'RAW_유기농_7월'!$A:$A,L$14),SUMIFS('RAW_유기농_8월'!$H:$H,'RAW_유기농_8월'!$A:$A,L$14),SUMIFS('RAW_유기농_9월'!$H:$H,'RAW_유기농_9월'!$A:$A,L$14),SUMIFS('RAW_유기농_10월'!$H:$H,'RAW_유기농_10월'!$A:$A,L$14),SUMIFS('RAW_유기농_11-12월'!$H:$H,'RAW_유기농_11-12월'!$A:$A,L$14))) -> 24308290 | M15: =IF('설정'!$B$4=0,"",CHOOSE('설정'!$B$4,SUMIFS('RAW_유기농_7월'!$H:$H,'RAW_유기농_7월'!$A:$A,M$14),SUMIFS('RAW_유기농_8월'!$H:$H,'RAW_유기농_8월'!$A:$A,M$14),SUMIFS('RAW_유기농_9월'!$H:$H,'RAW_유기농_9월'!$A:$A,M$14),SUMIFS('RAW_유기농_10월'!$H:$H,'RAW_유기농_10월'!$A:$A,M$14),SUMIFS('RAW_유기농_11-12월'!$H:$H,'RAW_유기농_11-12월'!$A:$A,M$14))) -> 20033279
B17: 3. 유통사 별 매출 분석 (누적)
B18: 구분 | C18: 총 계 | D18: 농부가바로팜 | K18: 친환경
D19: 소 계 | E19: 네이버 | F19: 지마켓 | G19: 롯데ON | H19: 온누리마켓 | I19: 농가살리기 | J19: 오아시스 | K19: 소 계 | L19: 네이버 | M19: 오아시스
B20: 매출액 | C20: =IF(COUNT(D20,K20)=0,"",SUM(D20,K20)) -> 7680466070 | D20: =IF(COUNT(E20:J20)=0,"",SUM(E20:J20)) -> 6227333500 | E20: =IF('설정'!$B$3=0,"",CHOOSE('설정'!$B$3,SUMIFS('RAW_농산물_7월'!$G:$G,'RAW_농산물_7월'!$A:$A,E$19),SUMIFS('RAW_농산물_8월'!$G:$G,'RAW_농산물_8월'!$A:$A,E$19),SUMIFS('RAW_농산물_9월'!$G:$G,'RAW_농산물_9월'!$A:$A,E$19),SUMIFS('RAW_농산물_10월'!$G:$G,'RAW_농산물_10월'!$A:$A,E$19),SUMIFS('RAW_농산물_11-12월'!$G:$G,'RAW_농산물_11-12월'!$A:$A,E$19))) -> 2902192570 | F20: =IF('설정'!$B$3=0,"",CHOOSE('설정'!$B$3,SUMIFS('RAW_농산물_7월'!$G:$G,'RAW_농산물_7월'!$A:$A,F$19),SUMIFS('RAW_농산물_8월'!$G:$G,'RAW_농산물_8월'!$A:$A,F$19),SUMIFS('RAW_농산물_9월'!$G:$G,'RAW_농산물_9월'!$A:$A,F$19),SUMIFS('RAW_농산물_10월'!$G:$G,'RAW_농산물_10월'!$A:$A,F$19),SUMIFS('RAW_농산물_11-12월'!$G:$G,'RAW_농산물_11-12월'!$A:$A,F$19))) -> 1348440770 | G20: =IF('설정'!$B$3=0,"",CHOOSE('설정'!$B$3,SUMIFS('RAW_농산물_7월'!$G:$G,'RAW_농산물_7월'!$A:$A,G$19),SUMIFS('RAW_농산물_8월'!$G:$G,'RAW_농산물_8월'!$A:$A,G$19),SUMIFS('RAW_농산물_9월'!$G:$G,'RAW_농산물_9월'!$A:$A,G$19),SUMIFS('RAW_농산물_10월'!$G:$G,'RAW_농산물_10월'!$A:$A,G$19),SUMIFS('RAW_농산물_11-12월'!$G:$G,'RAW_농산물_11-12월'!$A:$A,G$19))) -> 344053620 | H20: =IF('설정'!$B$3=0,"",CHOOSE('설정'!$B$3,SUMIFS('RAW_농산물_7월'!$G:$G,'RAW_농산물_7월'!$A:$A,H$19),SUMIFS('RAW_농산물_8월'!$G:$G,'RAW_농산물_8월'!$A:$A,H$19),SUMIFS('RAW_농산물_9월'!$G:$G,'RAW_농산물_9월'!$A:$A,H$19),SUMIFS('RAW_농산물_10월'!$G:$G,'RAW_농산물_10월'!$A:$A,H$19),SUMIFS('RAW_농산물_11-12월'!$G:$G,'RAW_농산물_11-12월'!$A:$A,H$19))) -> 100008000 | I20: =IF('설정'!$B$3=0,"",CHOOSE('설정'!$B$3,SUMIFS('RAW_농산물_7월'!$G:$G,'RAW_농산물_7월'!$A:$A,I$19),SUMIFS('RAW_농산물_8월'!$G:$G,'RAW_농산물_8월'!$A:$A,I$19),SUMIFS('RAW_농산물_9월'!$G:$G,'RAW_농산물_9월'!$A:$A,I$19),SUMIFS('RAW_농산물_10월'!$G:$G,'RAW_농산물_10월'!$A:$A,I$19),SUMIFS('RAW_농산물_11-12월'!$G:$G,'RAW_농산물_11-12월'!$A:$A,I$19))) -> 470341670 | J20: =IF('설정'!$B$3=0,"",CHOOSE('설정'!$B$3,SUMIFS('RAW_농산물_7월'!$G:$G,'RAW_농산물_7월'!$A:$A,J$19),SUMIFS('RAW_농산물_8월'!$G:$G,'RAW_농산물_8월'!$A:$A,J$19),SUMIFS('RAW_농산물_9월'!$G:$G,'RAW_농산물_9월'!$A:$A,J$19),SUMIFS('RAW_농산물_10월'!$G:$G,'RAW_농산물_10월'!$A:$A,J$19),SUMIFS('RAW_농산물_11-12월'!$G:$G,'RAW_농산물_11-12월'!$A:$A,J$19))) -> 1062296870 | K20: =IF(COUNT(L20:M20)=0,"",SUM(L20:M20)) -> 1453132570 | L20: =IF('설정'!$B$4=0,"",CHOOSE('설정'!$B$4,SUMIFS('RAW_유기농_7월'!$G:$G,'RAW_유기농_7월'!$A:$A,L$19),SUMIFS('RAW_유기농_8월'!$G:$G,'RAW_유기농_8월'!$A:$A,L$19),SUMIFS('RAW_유기농_9월'!$G:$G,'RAW_유기농_9월'!$A:$A,L$19),SUMIFS('RAW_유기농_10월'!$G:$G,'RAW_유기농_10월'!$A:$A,L$19),SUMIFS('RAW_유기농_11-12월'!$G:$G,'RAW_유기농_11-12월'!$A:$A,L$19))) -> 271526720 | M20: =IF('설정'!$B$4=0,"",CHOOSE('설정'!$B$4,SUMIFS('RAW_유기농_7월'!$G:$G,'RAW_유기농_7월'!$A:$A,M$19),SUMIFS('RAW_유기농_8월'!$G:$G,'RAW_유기농_8월'!$A:$A,M$19),SUMIFS('RAW_유기농_9월'!$G:$G,'RAW_유기농_9월'!$A:$A,M$19),SUMIFS('RAW_유기농_10월'!$G:$G,'RAW_유기농_10월'!$A:$A,M$19),SUMIFS('RAW_유기농_11-12월'!$G:$G,'RAW_유기농_11-12월'!$A:$A,M$19))) -> 1181605850
B22: 4. 유통사 별 판매 건수 (누적)
B23: 구분 | C23: 총 계 | D23: 농부가바로팜 | K23: 친환경
D24: 소 계 | E24: 네이버 | F24: 지마켓 | G24: 롯데ON | H24: 온누리마켓 | I24: 농가살리기 | J24: 오아시스 | K24: 소 계 | L24: 네이버 | M24: 오아시스
B25: 판매건수 | C25: =IF(COUNT(D25,K25)=0,"",SUM(D25,K25)) -> 756125 | D25: =IF(COUNT(E25:J25)=0,"",SUM(E25:J25)) -> 475218 | E25: =IF('설정'!$B$3=0,"",CHOOSE('설정'!$B$3,SUMIFS('RAW_농산물_7월'!$F:$F,'RAW_농산물_7월'!$A:$A,E$24),SUMIFS('RAW_농산물_8월'!$F:$F,'RAW_농산물_8월'!$A:$A,E$24),SUMIFS('RAW_농산물_9월'!$F:$F,'RAW_농산물_9월'!$A:$A,E$24),SUMIFS('RAW_농산물_10월'!$F:$F,'RAW_농산물_10월'!$A:$A,E$24),SUMIFS('RAW_농산물_11-12월'!$F:$F,'RAW_농산물_11-12월'!$A:$A,E$24))) -> 108140 | F25: =IF('설정'!$B$3=0,"",CHOOSE('설정'!$B$3,SUMIFS('RAW_농산물_7월'!$F:$F,'RAW_농산물_7월'!$A:$A,F$24),SUMIFS('RAW_농산물_8월'!$F:$F,'RAW_농산물_8월'!$A:$A,F$24),SUMIFS('RAW_농산물_9월'!$F:$F,'RAW_농산물_9월'!$A:$A,F$24),SUMIFS('RAW_농산물_10월'!$F:$F,'RAW_농산물_10월'!$A:$A,F$24),SUMIFS('RAW_농산물_11-12월'!$F:$F,'RAW_농산물_11-12월'!$A:$A,F$24))) -> 68093 | G25: =IF('설정'!$B$3=0,"",CHOOSE('설정'!$B$3,SUMIFS('RAW_농산물_7월'!$F:$F,'RAW_농산물_7월'!$A:$A,G$24),SUMIFS('RAW_농산물_8월'!$F:$F,'RAW_농산물_8월'!$A:$A,G$24),SUMIFS('RAW_농산물_9월'!$F:$F,'RAW_농산물_9월'!$A:$A,G$24),SUMIFS('RAW_농산물_10월'!$F:$F,'RAW_농산물_10월'!$A:$A,G$24),SUMIFS('RAW_농산물_11-12월'!$F:$F,'RAW_농산물_11-12월'!$A:$A,G$24))) -> 13595 | H25: =IF('설정'!$B$3=0,"",CHOOSE('설정'!$B$3,SUMIFS('RAW_농산물_7월'!$F:$F,'RAW_농산물_7월'!$A:$A,H$24),SUMIFS('RAW_농산물_8월'!$F:$F,'RAW_농산물_8월'!$A:$A,H$24),SUMIFS('RAW_농산물_9월'!$F:$F,'RAW_농산물_9월'!$A:$A,H$24),SUMIFS('RAW_농산물_10월'!$F:$F,'RAW_농산물_10월'!$A:$A,H$24),SUMIFS('RAW_농산물_11-12월'!$F:$F,'RAW_농산물_11-12월'!$A:$A,H$24))) -> 3100 | I25: =IF('설정'!$B$3=0,"",CHOOSE('설정'!$B$3,SUMIFS('RAW_농산물_7월'!$F:$F,'RAW_농산물_7월'!$A:$A,I$24),SUMIFS('RAW_농산물_8월'!$F:$F,'RAW_농산물_8월'!$A:$A,I$24),SUMIFS('RAW_농산물_9월'!$F:$F,'RAW_농산물_9월'!$A:$A,I$24),SUMIFS('RAW_농산물_10월'!$F:$F,'RAW_농산물_10월'!$A:$A,I$24),SUMIFS('RAW_농산물_11-12월'!$F:$F,'RAW_농산물_11-12월'!$A:$A,I$24))) -> 30683 | J25: =IF('설정'!$B$3=0,"",CHOOSE('설정'!$B$3,SUMIFS('RAW_농산물_7월'!$F:$F,'RAW_농산물_7월'!$A:$A,J$24),SUMIFS('RAW_농산물_8월'!$F:$F,'RAW_농산물_8월'!$A:$A,J$24),SUMIFS('RAW_농산물_9월'!$F:$F,'RAW_농산물_9월'!$A:$A,J$24),SUMIFS('RAW_농산물_10월'!$F:$F,'RAW_농산물_10월'!$A:$A,J$24),SUMIFS('RAW_농산물_11-12월'!$F:$F,'RAW_농산물_11-12월'!$A:$A,J$24))) -> 251607 | K25: =IF(COUNT(L25:M25)=0,"",SUM(L25:M25)) -> 280907 | L25: =IF('설정'!$B$4=0,"",CHOOSE('설정'!$B$4,SUMIFS('RAW_유기농_7월'!$F:$F,'RAW_유기농_7월'!$A:$A,L$24),SUMIFS('RAW_유기농_8월'!$F:$F,'RAW_유기농_8월'!$A:$A,L$24),SUMIFS('RAW_유기농_9월'!$F:$F,'RAW_유기농_9월'!$A:$A,L$24),SUMIFS('RAW_유기농_10월'!$F:$F,'RAW_유기농_10월'!$A:$A,L$24),SUMIFS('RAW_유기농_11-12월'!$F:$F,'RAW_유기농_11-12월'!$A:$A,L$24))) -> 10898 | M25: =IF('설정'!$B$4=0,"",CHOOSE('설정'!$B$4,SUMIFS('RAW_유기농_7월'!$F:$F,'RAW_유기농_7월'!$A:$A,M$24),SUMIFS('RAW_유기농_8월'!$F:$F,'RAW_유기농_8월'!$A:$A,M$24),SUMIFS('RAW_유기농_9월'!$F:$F,'RAW_유기농_9월'!$A:$A,M$24),SUMIFS('RAW_유기농_10월'!$F:$F,'RAW_유기농_10월'!$A:$A,M$24),SUMIFS('RAW_유기농_11-12월'!$F:$F,'RAW_유기농_11-12월'!$A:$A,M$24))) -> 270009
B27: 5. 유통사별 품목별 쿠폰 사용액 (누적)
B28: 구분 | C28: 총 계 | D28: 농부가바로팜 | K28: 친환경
D29: 소 계 | E29: 네이버 | F29: 지마켓 | G29: 롯데ON | H29: 온누리마켓 | I29: 농가살리기 | J29: 오아시스 | K29: 소 계 | L29: 네이버 | M29: 오아시스
B30: 총 계 | C30: =IF(COUNT(D30,K30)=0,"",SUM(D30,K30)) -> 310710888 | D30: =IF(COUNT(E30:J30)=0,"",SUM(E30:J30)) -> 266369319 | E30: =IF(COUNT(E31:E33)=0,"",SUM(E31:E33)) -> 90643090 | F30: =IF(COUNT(F31:F33)=0,"",SUM(F31:F33)) -> 76647920 | G30: =IF(COUNT(G31:G33)=0,"",SUM(G31:G33)) -> 52129220 | H30: =IF(COUNT(H31:H33)=0,"",SUM(H31:H33)) -> 15501100 | I30: =IF(COUNT(I31:I33)=0,"",SUM(I31:I33)) -> 15599960 | J30: =IF(COUNT(J31:J33)=0,"",SUM(J31:J33)) -> 15848029 | K30: =IF(COUNT(L30:M30)=0,"",SUM(L30:M30)) -> 44341569 | L30: =IF(COUNT(L31:L33)=0,"",SUM(L31:L33)) -> 24308290 | M30: =IF(COUNT(M31:M33)=0,"",SUM(M31:M33)) -> 20033279
B31: 농산물 | C31: =IF(COUNT(D31,K31)=0,"",SUM(D31,K31)) -> 170160977 | D31: =IF(COUNT(E31:J31)=0,"",SUM(E31:J31)) -> 138762093 | E31: =IF('설정'!$B$3=0,"",CHOOSE('설정'!$B$3,SUMIFS('RAW_농산물_7월'!$H:$H,'RAW_농산물_7월'!$A:$A,E$29,'RAW_농산물_7월'!$B:$B,$B31),SUMIFS('RAW_농산물_8월'!$H:$H,'RAW_농산물_8월'!$A:$A,E$29,'RAW_농산물_8월'!$B:$B,$B31),SUMIFS('RAW_농산물_9월'!$H:$H,'RAW_농산물_9월'!$A:$A,E$29,'RAW_농산물_9월'!$B:$B,$B31),SUMIFS('RAW_농산물_10월'!$H:$H,'RAW_농산물_10월'!$A:$A,E$29,'RAW_농산물_10월'!$B:$B,$B31),SUMIFS('RAW_농산물_11-12월'!$H:$H,'RAW_농산물_11-12월'!$A:$A,E$29,'RAW_농산물_11-12월'!$B:$B,$B31))) -> 49239490 | F31: =IF('설정'!$B$3=0,"",CHOOSE('설정'!$B$3,SUMIFS('RAW_농산물_7월'!$H:$H,'RAW_농산물_7월'!$A:$A,F$29,'RAW_농산물_7월'!$B:$B,$B31),SUMIFS('RAW_농산물_8월'!$H:$H,'RAW_농산물_8월'!$A:$A,F$29,'RAW_농산물_8월'!$B:$B,$B31),SUMIFS('RAW_농산물_9월'!$H:$H,'RAW_농산물_9월'!$A:$A,F$29,'RAW_농산물_9월'!$B:$B,$B31),SUMIFS('RAW_농산물_10월'!$H:$H,'RAW_농산물_10월'!$A:$A,F$29,'RAW_농산물_10월'!$B:$B,$B31),SUMIFS('RAW_농산물_11-12월'!$H:$H,'RAW_농산물_11-12월'!$A:$A,F$29,'RAW_농산물_11-12월'!$B:$B,$B31))) -> 44507910 | G31: =IF('설정'!$B$3=0,"",CHOOSE('설정'!$B$3,SUMIFS('RAW_농산물_7월'!$H:$H,'RAW_농산물_7월'!$A:$A,G$29,'RAW_농산물_7월'!$B:$B,$B31),SUMIFS('RAW_농산물_8월'!$H:$H,'RAW_농산물_8월'!$A:$A,G$29,'RAW_농산물_8월'!$B:$B,$B31),SUMIFS('RAW_농산물_9월'!$H:$H,'RAW_농산물_9월'!$A:$A,G$29,'RAW_농산물_9월'!$B:$B,$B31),SUMIFS('RAW_농산물_10월'!$H:$H,'RAW_농산물_10월'!$A:$A,G$29,'RAW_농산물_10월'!$B:$B,$B31),SUMIFS('RAW_농산물_11-12월'!$H:$H,'RAW_농산물_11-12월'!$A:$A,G$29,'RAW_농산물_11-12월'!$B:$B,$B31))) -> 18790700 | H31: =IF('설정'!$B$3=0,"",CHOOSE('설정'!$B$3,SUMIFS('RAW_농산물_7월'!$H:$H,'RAW_농산물_7월'!$A:$A,H$29,'RAW_농산물_7월'!$B:$B,$B31),SUMIFS('RAW_농산물_8월'!$H:$H,'RAW_농산물_8월'!$A:$A,H$29,'RAW_농산물_8월'!$B:$B,$B31),SUMIFS('RAW_농산물_9월'!$H:$H,'RAW_농산물_9월'!$A:$A,H$29,'RAW_농산물_9월'!$B:$B,$B31),SUMIFS('RAW_농산물_10월'!$H:$H,'RAW_농산물_10월'!$A:$A,H$29,'RAW_농산물_10월'!$B:$B,$B31),SUMIFS('RAW_농산물_11-12월'!$H:$H,'RAW_농산물_11-12월'!$A:$A,H$29,'RAW_농산물_11-12월'!$B:$B,$B31))) -> 13890839 | I31: =IF('설정'!$B$3=0,"",CHOOSE('설정'!$B$3,SUMIFS('RAW_농산물_7월'!$H:$H,'RAW_농산물_7월'!$A:$A,I$29,'RAW_농산물_7월'!$B:$B,$B31),SUMIFS('RAW_농산물_8월'!$H:$H,'RAW_농산물_8월'!$A:$A,I$29,'RAW_농산물_8월'!$B:$B,$B31),SUMIFS('RAW_농산물_9월'!$H:$H,'RAW_농산물_9월'!$A:$A,I$29,'RAW_농산물_9월'!$B:$B,$B31),SUMIFS('RAW_농산물_10월'!$H:$H,'RAW_농산물_10월'!$A:$A,I$29,'RAW_농산물_10월'!$B:$B,$B31),SUMIFS('RAW_농산물_11-12월'!$H:$H,'RAW_농산물_11-12월'!$A:$A,I$29,'RAW_농산물_11-12월'!$B:$B,$B31))) -> 6040540 | J31: =IF('설정'!$B$3=0,"",CHOOSE('설정'!$B$3,SUMIFS('RAW_농산물_7월'!$H:$H,'RAW_농산물_7월'!$A:$A,J$29,'RAW_농산물_7월'!$B:$B,$B31),SUMIFS('RAW_농산물_8월'!$H:$H,'RAW_농산물_8월'!$A:$A,J$29,'RAW_농산물_8월'!$B:$B,$B31),SUMIFS('RAW_농산물_9월'!$H:$H,'RAW_농산물_9월'!$A:$A,J$29,'RAW_농산물_9월'!$B:$B,$B31),SUMIFS('RAW_농산물_10월'!$H:$H,'RAW_농산물_10월'!$A:$A,J$29,'RAW_농산물_10월'!$B:$B,$B31),SUMIFS('RAW_농산물_11-12월'!$H:$H,'RAW_농산물_11-12월'!$A:$A,J$29,'RAW_농산물_11-12월'!$B:$B,$B31))) -> 6292614 | K31: =IF(COUNT(L31:M31)=0,"",SUM(L31:M31)) -> 31398884 | L31: =IF('설정'!$B$4=0,"",CHOOSE('설정'!$B$4,SUMIFS('RAW_유기농_7월'!$H:$H,'RAW_유기농_7월'!$A:$A,L$29,'RAW_유기농_7월'!$B:$B,$B31),SUMIFS('RAW_유기농_8월'!$H:$H,'RAW_유기농_8월'!$A:$A,L$29,'RAW_유기농_8월'!$B:$B,$B31),SUMIFS('RAW_유기농_9월'!$H:$H,'RAW_유기농_9월'!$A:$A,L$29,'RAW_유기농_9월'!$B:$B,$B31),SUMIFS('RAW_유기농_10월'!$H:$H,'RAW_유기농_10월'!$A:$A,L$29,'RAW_유기농_10월'!$B:$B,$B31),SUMIFS('RAW_유기농_11-12월'!$H:$H,'RAW_유기농_11-12월'!$A:$A,L$29,'RAW_유기농_11-12월'!$B:$B,$B31))) -> 21139260 | M31: =IF('설정'!$B$4=0,"",CHOOSE('설정'!$B$4,SUMIFS('RAW_유기농_7월'!$H:$H,'RAW_유기농_7월'!$A:$A,M$29,'RAW_유기농_7월'!$B:$B,$B31),SUMIFS('RAW_유기농_8월'!$H:$H,'RAW_유기농_8월'!$A:$A,M$29,'RAW_유기농_8월'!$B:$B,$B31),SUMIFS('RAW_유기농_9월'!$H:$H,'RAW_유기농_9월'!$A:$A,M$29,'RAW_유기농_9월'!$B:$B,$B31),SUMIFS('RAW_유기농_10월'!$H:$H,'RAW_유기농_10월'!$A:$A,M$29,'RAW_유기농_10월'!$B:$B,$B31),SUMIFS('RAW_유기농_11-12월'!$H:$H,'RAW_유기농_11-12월'!$A:$A,M$29,'RAW_유기농_11-12월'!$B:$B,$B31))) -> 10259624
B32: 축산물 | C32: =IF(COUNT(D32,K32)=0,"",SUM(D32,K32)) -> 52806005 | D32: =IF(COUNT(E32:J32)=0,"",SUM(E32:J32)) -> 52329884 | E32: =IF('설정'!$B$3=0,"",CHOOSE('설정'!$B$3,SUMIFS('RAW_농산물_7월'!$H:$H,'RAW_농산물_7월'!$A:$A,E$29,'RAW_농산물_7월'!$B:$B,$B32),SUMIFS('RAW_농산물_8월'!$H:$H,'RAW_농산물_8월'!$A:$A,E$29,'RAW_농산물_8월'!$B:$B,$B32),SUMIFS('RAW_농산물_9월'!$H:$H,'RAW_농산물_9월'!$A:$A,E$29,'RAW_농산물_9월'!$B:$B,$B32),SUMIFS('RAW_농산물_10월'!$H:$H,'RAW_농산물_10월'!$A:$A,E$29,'RAW_농산물_10월'!$B:$B,$B32),SUMIFS('RAW_농산물_11-12월'!$H:$H,'RAW_농산물_11-12월'!$A:$A,E$29,'RAW_농산물_11-12월'!$B:$B,$B32))) -> 17926550 | F32: =IF('설정'!$B$3=0,"",CHOOSE('설정'!$B$3,SUMIFS('RAW_농산물_7월'!$H:$H,'RAW_농산물_7월'!$A:$A,F$29,'RAW_농산물_7월'!$B:$B,$B32),SUMIFS('RAW_농산물_8월'!$H:$H,'RAW_농산물_8월'!$A:$A,F$29,'RAW_농산물_8월'!$B:$B,$B32),SUMIFS('RAW_농산물_9월'!$H:$H,'RAW_농산물_9월'!$A:$A,F$29,'RAW_농산물_9월'!$B:$B,$B32),SUMIFS('RAW_농산물_10월'!$H:$H,'RAW_농산물_10월'!$A:$A,F$29,'RAW_농산물_10월'!$B:$B,$B32),SUMIFS('RAW_농산물_11-12월'!$H:$H,'RAW_농산물_11-12월'!$A:$A,F$29,'RAW_농산물_11-12월'!$B:$B,$B32))) -> 11023670 | G32: =IF('설정'!$B$3=0,"",CHOOSE('설정'!$B$3,SUMIFS('RAW_농산물_7월'!$H:$H,'RAW_농산물_7월'!$A:$A,G$29,'RAW_농산물_7월'!$B:$B,$B32),SUMIFS('RAW_농산물_8월'!$H:$H,'RAW_농산물_8월'!$A:$A,G$29,'RAW_농산물_8월'!$B:$B,$B32),SUMIFS('RAW_농산물_9월'!$H:$H,'RAW_농산물_9월'!$A:$A,G$29,'RAW_농산물_9월'!$B:$B,$B32),SUMIFS('RAW_농산물_10월'!$H:$H,'RAW_농산물_10월'!$A:$A,G$29,'RAW_농산물_10월'!$B:$B,$B32),SUMIFS('RAW_농산물_11-12월'!$H:$H,'RAW_농산물_11-12월'!$A:$A,G$29,'RAW_농산물_11-12월'!$B:$B,$B32))) -> 21130300 | H32: =IF('설정'!$B$3=0,"",CHOOSE('설정'!$B$3,SUMIFS('RAW_농산물_7월'!$H:$H,'RAW_농산물_7월'!$A:$A,H$29,'RAW_농산물_7월'!$B:$B,$B32),SUMIFS('RAW_농산물_8월'!$H:$H,'RAW_농산물_8월'!$A:$A,H$29,'RAW_농산물_8월'!$B:$B,$B32),SUMIFS('RAW_농산물_9월'!$H:$H,'RAW_농산물_9월'!$A:$A,H$29,'RAW_농산물_9월'!$B:$B,$B32),SUMIFS('RAW_농산물_10월'!$H:$H,'RAW_농산물_10월'!$A:$A,H$29,'RAW_농산물_10월'!$B:$B,$B32),SUMIFS('RAW_농산물_11-12월'!$H:$H,'RAW_농산물_11-12월'!$A:$A,H$29,'RAW_농산물_11-12월'!$B:$B,$B32))) -> 0 | I32: =IF('설정'!$B$3=0,"",CHOOSE('설정'!$B$3,SUMIFS('RAW_농산물_7월'!$H:$H,'RAW_농산물_7월'!$A:$A,I$29,'RAW_농산물_7월'!$B:$B,$B32),SUMIFS('RAW_농산물_8월'!$H:$H,'RAW_농산물_8월'!$A:$A,I$29,'RAW_농산물_8월'!$B:$B,$B32),SUMIFS('RAW_농산물_9월'!$H:$H,'RAW_농산물_9월'!$A:$A,I$29,'RAW_농산물_9월'!$B:$B,$B32),SUMIFS('RAW_농산물_10월'!$H:$H,'RAW_농산물_10월'!$A:$A,I$29,'RAW_농산물_10월'!$B:$B,$B32),SUMIFS('RAW_농산물_11-12월'!$H:$H,'RAW_농산물_11-12월'!$A:$A,I$29,'RAW_농산물_11-12월'!$B:$B,$B32))) -> 0 | J32: =IF('설정'!$B$3=0,"",CHOOSE('설정'!$B$3,SUMIFS('RAW_농산물_7월'!$H:$H,'RAW_농산물_7월'!$A:$A,J$29,'RAW_농산물_7월'!$B:$B,$B32),SUMIFS('RAW_농산물_8월'!$H:$H,'RAW_농산물_8월'!$A:$A,J$29,'RAW_농산물_8월'!$B:$B,$B32),SUMIFS('RAW_농산물_9월'!$H:$H,'RAW_농산물_9월'!$A:$A,J$29,'RAW_농산물_9월'!$B:$B,$B32),SUMIFS('RAW_농산물_10월'!$H:$H,'RAW_농산물_10월'!$A:$A,J$29,'RAW_농산물_10월'!$B:$B,$B32),SUMIFS('RAW_농산물_11-12월'!$H:$H,'RAW_농산물_11-12월'!$A:$A,J$29,'RAW_농산물_11-12월'!$B:$B,$B32))) -> 2249364 | K32: =IF(COUNT(L32:M32)=0,"",SUM(L32:M32)) -> 476121 | L32: =IF('설정'!$B$4=0,"",CHOOSE('설정'!$B$4,SUMIFS('RAW_유기농_7월'!$H:$H,'RAW_유기농_7월'!$A:$A,L$29,'RAW_유기농_7월'!$B:$B,$B32),SUMIFS('RAW_유기농_8월'!$H:$H,'RAW_유기농_8월'!$A:$A,L$29,'RAW_유기농_8월'!$B:$B,$B32),SUMIFS('RAW_유기농_9월'!$H:$H,'RAW_유기농_9월'!$A:$A,L$29,'RAW_유기농_9월'!$B:$B,$B32),SUMIFS('RAW_유기농_10월'!$H:$H,'RAW_유기농_10월'!$A:$A,L$29,'RAW_유기농_10월'!$B:$B,$B32),SUMIFS('RAW_유기농_11-12월'!$H:$H,'RAW_유기농_11-12월'!$A:$A,L$29,'RAW_유기농_11-12월'!$B:$B,$B32))) -> 25800 | M32: =IF('설정'!$B$4=0,"",CHOOSE('설정'!$B$4,SUMIFS('RAW_유기농_7월'!$H:$H,'RAW_유기농_7월'!$A:$A,M$29,'RAW_유기농_7월'!$B:$B,$B32),SUMIFS('RAW_유기농_8월'!$H:$H,'RAW_유기농_8월'!$A:$A,M$29,'RAW_유기농_8월'!$B:$B,$B32),SUMIFS('RAW_유기농_9월'!$H:$H,'RAW_유기농_9월'!$A:$A,M$29,'RAW_유기농_9월'!$B:$B,$B32),SUMIFS('RAW_유기농_10월'!$H:$H,'RAW_유기농_10월'!$A:$A,M$29,'RAW_유기농_10월'!$B:$B,$B32),SUMIFS('RAW_유기농_11-12월'!$H:$H,'RAW_유기농_11-12월'!$A:$A,M$29,'RAW_유기농_11-12월'!$B:$B,$B32))) -> 450321
B33: 가공식품 | C33: =IF(COUNT(D33,K33)=0,"",SUM(D33,K33)) -> 87743906 | D33: =IF(COUNT(E33:J33)=0,"",SUM(E33:J33)) -> 75277342 | E33: =IF('설정'!$B$3=0,"",CHOOSE('설정'!$B$3,SUMIFS('RAW_농산물_7월'!$H:$H,'RAW_농산물_7월'!$A:$A,E$29,'RAW_농산물_7월'!$B:$B,$B33),SUMIFS('RAW_농산물_8월'!$H:$H,'RAW_농산물_8월'!$A:$A,E$29,'RAW_농산물_8월'!$B:$B,$B33),SUMIFS('RAW_농산물_9월'!$H:$H,'RAW_농산물_9월'!$A:$A,E$29,'RAW_농산물_9월'!$B:$B,$B33),SUMIFS('RAW_농산물_10월'!$H:$H,'RAW_농산물_10월'!$A:$A,E$29,'RAW_농산물_10월'!$B:$B,$B33),SUMIFS('RAW_농산물_11-12월'!$H:$H,'RAW_농산물_11-12월'!$A:$A,E$29,'RAW_농산물_11-12월'!$B:$B,$B33))) -> 23477050 | F33: =IF('설정'!$B$3=0,"",CHOOSE('설정'!$B$3,SUMIFS('RAW_농산물_7월'!$H:$H,'RAW_농산물_7월'!$A:$A,F$29,'RAW_농산물_7월'!$B:$B,$B33),SUMIFS('RAW_농산물_8월'!$H:$H,'RAW_농산물_8월'!$A:$A,F$29,'RAW_농산물_8월'!$B:$B,$B33),SUMIFS('RAW_농산물_9월'!$H:$H,'RAW_농산물_9월'!$A:$A,F$29,'RAW_농산물_9월'!$B:$B,$B33),SUMIFS('RAW_농산물_10월'!$H:$H,'RAW_농산물_10월'!$A:$A,F$29,'RAW_농산물_10월'!$B:$B,$B33),SUMIFS('RAW_농산물_11-12월'!$H:$H,'RAW_농산물_11-12월'!$A:$A,F$29,'RAW_농산물_11-12월'!$B:$B,$B33))) -> 21116340 | G33: =IF('설정'!$B$3=0,"",CHOOSE('설정'!$B$3,SUMIFS('RAW_농산물_7월'!$H:$H,'RAW_농산물_7월'!$A:$A,G$29,'RAW_농산물_7월'!$B:$B,$B33),SUMIFS('RAW_농산물_8월'!$H:$H,'RAW_농산물_8월'!$A:$A,G$29,'RAW_농산물_8월'!$B:$B,$B33),SUMIFS('RAW_농산물_9월'!$H:$H,'RAW_농산물_9월'!$A:$A,G$29,'RAW_농산물_9월'!$B:$B,$B33),SUMIFS('RAW_농산물_10월'!$H:$H,'RAW_농산물_10월'!$A:$A,G$29,'RAW_농산물_10월'!$B:$B,$B33),SUMIFS('RAW_농산물_11-12월'!$H:$H,'RAW_농산물_11-12월'!$A:$A,G$29,'RAW_농산물_11-12월'!$B:$B,$B33))) -> 12208220 | H33: =IF('설정'!$B$3=0,"",CHOOSE('설정'!$B$3,SUMIFS('RAW_농산물_7월'!$H:$H,'RAW_농산물_7월'!$A:$A,H$29,'RAW_농산물_7월'!$B:$B,$B33),SUMIFS('RAW_농산물_8월'!$H:$H,'RAW_농산물_8월'!$A:$A,H$29,'RAW_농산물_8월'!$B:$B,$B33),SUMIFS('RAW_농산물_9월'!$H:$H,'RAW_농산물_9월'!$A:$A,H$29,'RAW_농산물_9월'!$B:$B,$B33),SUMIFS('RAW_농산물_10월'!$H:$H,'RAW_농산물_10월'!$A:$A,H$29,'RAW_농산물_10월'!$B:$B,$B33),SUMIFS('RAW_농산물_11-12월'!$H:$H,'RAW_농산물_11-12월'!$A:$A,H$29,'RAW_농산물_11-12월'!$B:$B,$B33))) -> 1610261 | I33: =IF('설정'!$B$3=0,"",CHOOSE('설정'!$B$3,SUMIFS('RAW_농산물_7월'!$H:$H,'RAW_농산물_7월'!$A:$A,I$29,'RAW_농산물_7월'!$B:$B,$B33),SUMIFS('RAW_농산물_8월'!$H:$H,'RAW_농산물_8월'!$A:$A,I$29,'RAW_농산물_8월'!$B:$B,$B33),SUMIFS('RAW_농산물_9월'!$H:$H,'RAW_농산물_9월'!$A:$A,I$29,'RAW_농산물_9월'!$B:$B,$B33),SUMIFS('RAW_농산물_10월'!$H:$H,'RAW_농산물_10월'!$A:$A,I$29,'RAW_농산물_10월'!$B:$B,$B33),SUMIFS('RAW_농산물_11-12월'!$H:$H,'RAW_농산물_11-12월'!$A:$A,I$29,'RAW_농산물_11-12월'!$B:$B,$B33))) -> 9559420 | J33: =IF('설정'!$B$3=0,"",CHOOSE('설정'!$B$3,SUMIFS('RAW_농산물_7월'!$H:$H,'RAW_농산물_7월'!$A:$A,J$29,'RAW_농산물_7월'!$B:$B,$B33),SUMIFS('RAW_농산물_8월'!$H:$H,'RAW_농산물_8월'!$A:$A,J$29,'RAW_농산물_8월'!$B:$B,$B33),SUMIFS('RAW_농산물_9월'!$H:$H,'RAW_농산물_9월'!$A:$A,J$29,'RAW_농산물_9월'!$B:$B,$B33),SUMIFS('RAW_농산물_10월'!$H:$H,'RAW_농산물_10월'!$A:$A,J$29,'RAW_농산물_10월'!$B:$B,$B33),SUMIFS('RAW_농산물_11-12월'!$H:$H,'RAW_농산물_11-12월'!$A:$A,J$29,'RAW_농산물_11-12월'!$B:$B,$B33))) -> 7306051 | K33: =IF(COUNT(L33:M33)=0,"",SUM(L33:M33)) -> 12466564 | L33: =IF('설정'!$B$4=0,"",CHOOSE('설정'!$B$4,SUMIFS('RAW_유기농_7월'!$H:$H,'RAW_유기농_7월'!$A:$A,L$29,'RAW_유기농_7월'!$B:$B,$B33),SUMIFS('RAW_유기농_8월'!$H:$H,'RAW_유기농_8월'!$A:$A,L$29,'RAW_유기농_8월'!$B:$B,$B33),SUMIFS('RAW_유기농_9월'!$H:$H,'RAW_유기농_9월'!$A:$A,L$29,'RAW_유기농_9월'!$B:$B,$B33),SUMIFS('RAW_유기농_10월'!$H:$H,'RAW_유기농_10월'!$A:$A,L$29,'RAW_유기농_10월'!$B:$B,$B33),SUMIFS('RAW_유기농_11-12월'!$H:$H,'RAW_유기농_11-12월'!$A:$A,L$29,'RAW_유기농_11-12월'!$B:$B,$B33))) -> 3143230 | M33: =IF('설정'!$B$4=0,"",CHOOSE('설정'!$B$4,SUMIFS('RAW_유기농_7월'!$H:$H,'RAW_유기농_7월'!$A:$A,M$29,'RAW_유기농_7월'!$B:$B,$B33),SUMIFS('RAW_유기농_8월'!$H:$H,'RAW_유기농_8월'!$A:$A,M$29,'RAW_유기농_8월'!$B:$B,$B33),SUMIFS('RAW_유기농_9월'!$H:$H,'RAW_유기농_9월'!$A:$A,M$29,'RAW_유기농_9월'!$B:$B,$B33),SUMIFS('RAW_유기농_10월'!$H:$H,'RAW_유기농_10월'!$A:$A,M$29,'RAW_유기농_10월'!$B:$B,$B33),SUMIFS('RAW_유기농_11-12월'!$H:$H,'RAW_유기농_11-12월'!$A:$A,M$29,'RAW_유기농_11-12월'!$B:$B,$B33))) -> 9323334
B35: 6. 유통사별 품목별 매출 분석 (누적)
B36: 구분 | C36: 총 계 | D36: 농부가바로팜 | K36: 친환경
D37: 소 계 | E37: 네이버 | F37: 지마켓 | G37: 롯데ON | H37: 온누리마켓 | I37: 농가살리기 | J37: 오아시스 | K37: 소 계 | L37: 네이버 | M37: 오아시스
B38: 총 계 | C38: =IF(COUNT(D38,K38)=0,"",SUM(D38,K38)) -> 7680466070 | D38: =IF(COUNT(E38:J38)=0,"",SUM(E38:J38)) -> 6227333500 | E38: =IF(COUNT(E39:E41)=0,"",SUM(E39:E41)) -> 2902192570 | F38: =IF(COUNT(F39:F41)=0,"",SUM(F39:F41)) -> 1348440770 | G38: =IF(COUNT(G39:G41)=0,"",SUM(G39:G41)) -> 344053620 | H38: =IF(COUNT(H39:H41)=0,"",SUM(H39:H41)) -> 100008000 | I38: =IF(COUNT(I39:I41)=0,"",SUM(I39:I41)) -> 470341670 | J38: =IF(COUNT(J39:J41)=0,"",SUM(J39:J41)) -> 1062296870 | K38: =IF(COUNT(L38:M38)=0,"",SUM(L38:M38)) -> 1453132570 | L38: =IF(COUNT(L39:L41)=0,"",SUM(L39:L41)) -> 271526720 | M38: =IF(COUNT(M39:M41)=0,"",SUM(M39:M41)) -> 1181605850
B39: 농산물 | C39: =IF(COUNT(D39,K39)=0,"",SUM(D39,K39)) -> 4286425011 | D39: =IF(COUNT(E39:J39)=0,"",SUM(E39:J39)) -> 3090856741 | E39: =IF('설정'!$B$3=0,"",CHOOSE('설정'!$B$3,SUMIFS('RAW_농산물_7월'!$G:$G,'RAW_농산물_7월'!$A:$A,E$37,'RAW_농산물_7월'!$B:$B,$B39),SUMIFS('RAW_농산물_8월'!$G:$G,'RAW_농산물_8월'!$A:$A,E$37,'RAW_농산물_8월'!$B:$B,$B39),SUMIFS('RAW_농산물_9월'!$G:$G,'RAW_농산물_9월'!$A:$A,E$37,'RAW_농산물_9월'!$B:$B,$B39),SUMIFS('RAW_농산물_10월'!$G:$G,'RAW_농산물_10월'!$A:$A,E$37,'RAW_농산물_10월'!$B:$B,$B39),SUMIFS('RAW_농산물_11-12월'!$G:$G,'RAW_농산물_11-12월'!$A:$A,E$37,'RAW_농산물_11-12월'!$B:$B,$B39))) -> 1472512820 | F39: =IF('설정'!$B$3=0,"",CHOOSE('설정'!$B$3,SUMIFS('RAW_농산물_7월'!$G:$G,'RAW_농산물_7월'!$A:$A,F$37,'RAW_농산물_7월'!$B:$B,$B39),SUMIFS('RAW_농산물_8월'!$G:$G,'RAW_농산물_8월'!$A:$A,F$37,'RAW_농산물_8월'!$B:$B,$B39),SUMIFS('RAW_농산물_9월'!$G:$G,'RAW_농산물_9월'!$A:$A,F$37,'RAW_농산물_9월'!$B:$B,$B39),SUMIFS('RAW_농산물_10월'!$G:$G,'RAW_농산물_10월'!$A:$A,F$37,'RAW_농산물_10월'!$B:$B,$B39),SUMIFS('RAW_농산물_11-12월'!$G:$G,'RAW_농산물_11-12월'!$A:$A,F$37,'RAW_농산물_11-12월'!$B:$B,$B39))) -> 653112810 | G39: =IF('설정'!$B$3=0,"",CHOOSE('설정'!$B$3,SUMIFS('RAW_농산물_7월'!$G:$G,'RAW_농산물_7월'!$A:$A,G$37,'RAW_농산물_7월'!$B:$B,$B39),SUMIFS('RAW_농산물_8월'!$G:$G,'RAW_농산물_8월'!$A:$A,G$37,'RAW_농산물_8월'!$B:$B,$B39),SUMIFS('RAW_농산물_9월'!$G:$G,'RAW_농산물_9월'!$A:$A,G$37,'RAW_농산물_9월'!$B:$B,$B39),SUMIFS('RAW_농산물_10월'!$G:$G,'RAW_농산물_10월'!$A:$A,G$37,'RAW_농산물_10월'!$B:$B,$B39),SUMIFS('RAW_농산물_11-12월'!$G:$G,'RAW_농산물_11-12월'!$A:$A,G$37,'RAW_농산물_11-12월'!$B:$B,$B39))) -> 104177000 | H39: =IF('설정'!$B$3=0,"",CHOOSE('설정'!$B$3,SUMIFS('RAW_농산물_7월'!$G:$G,'RAW_농산물_7월'!$A:$A,H$37,'RAW_농산물_7월'!$B:$B,$B39),SUMIFS('RAW_농산물_8월'!$G:$G,'RAW_농산물_8월'!$A:$A,H$37,'RAW_농산물_8월'!$B:$B,$B39),SUMIFS('RAW_농산물_9월'!$G:$G,'RAW_농산물_9월'!$A:$A,H$37,'RAW_농산물_9월'!$B:$B,$B39),SUMIFS('RAW_농산물_10월'!$G:$G,'RAW_농산물_10월'!$A:$A,H$37,'RAW_농산물_10월'!$B:$B,$B39),SUMIFS('RAW_농산물_11-12월'!$G:$G,'RAW_농산물_11-12월'!$A:$A,H$37,'RAW_농산물_11-12월'!$B:$B,$B39))) -> 88974300 | I39: =IF('설정'!$B$3=0,"",CHOOSE('설정'!$B$3,SUMIFS('RAW_농산물_7월'!$G:$G,'RAW_농산물_7월'!$A:$A,I$37,'RAW_농산물_7월'!$B:$B,$B39),SUMIFS('RAW_농산물_8월'!$G:$G,'RAW_농산물_8월'!$A:$A,I$37,'RAW_농산물_8월'!$B:$B,$B39),SUMIFS('RAW_농산물_9월'!$G:$G,'RAW_농산물_9월'!$A:$A,I$37,'RAW_농산물_9월'!$B:$B,$B39),SUMIFS('RAW_농산물_10월'!$G:$G,'RAW_농산물_10월'!$A:$A,I$37,'RAW_농산물_10월'!$B:$B,$B39),SUMIFS('RAW_농산물_11-12월'!$G:$G,'RAW_농산물_11-12월'!$A:$A,I$37,'RAW_농산물_11-12월'!$B:$B,$B39))) -> 66872001 | J39: =IF('설정'!$B$3=0,"",CHOOSE('설정'!$B$3,SUMIFS('RAW_농산물_7월'!$G:$G,'RAW_농산물_7월'!$A:$A,J$37,'RAW_농산물_7월'!$B:$B,$B39),SUMIFS('RAW_농산물_8월'!$G:$G,'RAW_농산물_8월'!$A:$A,J$37,'RAW_농산물_8월'!$B:$B,$B39),SUMIFS('RAW_농산물_9월'!$G:$G,'RAW_농산물_9월'!$A:$A,J$37,'RAW_농산물_9월'!$B:$B,$B39),SUMIFS('RAW_농산물_10월'!$G:$G,'RAW_농산물_10월'!$A:$A,J$37,'RAW_농산물_10월'!$B:$B,$B39),SUMIFS('RAW_농산물_11-12월'!$G:$G,'RAW_농산물_11-12월'!$A:$A,J$37,'RAW_농산물_11-12월'!$B:$B,$B39))) -> 705207810 | K39: =IF(COUNT(L39:M39)=0,"",SUM(L39:M39)) -> 1195568270 | L39: =IF('설정'!$B$4=0,"",CHOOSE('설정'!$B$4,SUMIFS('RAW_유기농_7월'!$G:$G,'RAW_유기농_7월'!$A:$A,L$37,'RAW_유기농_7월'!$B:$B,$B39),SUMIFS('RAW_유기농_8월'!$G:$G,'RAW_유기농_8월'!$A:$A,L$37,'RAW_유기농_8월'!$B:$B,$B39),SUMIFS('RAW_유기농_9월'!$G:$G,'RAW_유기농_9월'!$A:$A,L$37,'RAW_유기농_9월'!$B:$B,$B39),SUMIFS('RAW_유기농_10월'!$G:$G,'RAW_유기농_10월'!$A:$A,L$37,'RAW_유기농_10월'!$B:$B,$B39),SUMIFS('RAW_유기농_11-12월'!$G:$G,'RAW_유기농_11-12월'!$A:$A,L$37,'RAW_유기농_11-12월'!$B:$B,$B39))) -> 242284460 | M39: =IF('설정'!$B$4=0,"",CHOOSE('설정'!$B$4,SUMIFS('RAW_유기농_7월'!$G:$G,'RAW_유기농_7월'!$A:$A,M$37,'RAW_유기농_7월'!$B:$B,$B39),SUMIFS('RAW_유기농_8월'!$G:$G,'RAW_유기농_8월'!$A:$A,M$37,'RAW_유기농_8월'!$B:$B,$B39),SUMIFS('RAW_유기농_9월'!$G:$G,'RAW_유기농_9월'!$A:$A,M$37,'RAW_유기농_9월'!$B:$B,$B39),SUMIFS('RAW_유기농_10월'!$G:$G,'RAW_유기농_10월'!$A:$A,M$37,'RAW_유기농_10월'!$B:$B,$B39),SUMIFS('RAW_유기농_11-12월'!$G:$G,'RAW_유기농_11-12월'!$A:$A,M$37,'RAW_유기농_11-12월'!$B:$B,$B39))) -> 953283810
B40: 축산물 | C40: =IF(COUNT(D40,K40)=0,"",SUM(D40,K40)) -> 791748100 | D40: =IF(COUNT(E40:J40)=0,"",SUM(E40:J40)) -> 783864300 | E40: =IF('설정'!$B$3=0,"",CHOOSE('설정'!$B$3,SUMIFS('RAW_농산물_7월'!$G:$G,'RAW_농산물_7월'!$A:$A,E$37,'RAW_농산물_7월'!$B:$B,$B40),SUMIFS('RAW_농산물_8월'!$G:$G,'RAW_농산물_8월'!$A:$A,E$37,'RAW_농산물_8월'!$B:$B,$B40),SUMIFS('RAW_농산물_9월'!$G:$G,'RAW_농산물_9월'!$A:$A,E$37,'RAW_농산물_9월'!$B:$B,$B40),SUMIFS('RAW_농산물_10월'!$G:$G,'RAW_농산물_10월'!$A:$A,E$37,'RAW_농산물_10월'!$B:$B,$B40),SUMIFS('RAW_농산물_11-12월'!$G:$G,'RAW_농산물_11-12월'!$A:$A,E$37,'RAW_농산물_11-12월'!$B:$B,$B40))) -> 368913310 | F40: =IF('설정'!$B$3=0,"",CHOOSE('설정'!$B$3,SUMIFS('RAW_농산물_7월'!$G:$G,'RAW_농산물_7월'!$A:$A,F$37,'RAW_농산물_7월'!$B:$B,$B40),SUMIFS('RAW_농산물_8월'!$G:$G,'RAW_농산물_8월'!$A:$A,F$37,'RAW_농산물_8월'!$B:$B,$B40),SUMIFS('RAW_농산물_9월'!$G:$G,'RAW_농산물_9월'!$A:$A,F$37,'RAW_농산물_9월'!$B:$B,$B40),SUMIFS('RAW_농산물_10월'!$G:$G,'RAW_농산물_10월'!$A:$A,F$37,'RAW_농산물_10월'!$B:$B,$B40),SUMIFS('RAW_농산물_11-12월'!$G:$G,'RAW_농산물_11-12월'!$A:$A,F$37,'RAW_농산물_11-12월'!$B:$B,$B40))) -> 129058120 | G40: =IF('설정'!$B$3=0,"",CHOOSE('설정'!$B$3,SUMIFS('RAW_농산물_7월'!$G:$G,'RAW_농산물_7월'!$A:$A,G$37,'RAW_농산물_7월'!$B:$B,$B40),SUMIFS('RAW_농산물_8월'!$G:$G,'RAW_농산물_8월'!$A:$A,G$37,'RAW_농산물_8월'!$B:$B,$B40),SUMIFS('RAW_농산물_9월'!$G:$G,'RAW_농산물_9월'!$A:$A,G$37,'RAW_농산물_9월'!$B:$B,$B40),SUMIFS('RAW_농산물_10월'!$G:$G,'RAW_농산물_10월'!$A:$A,G$37,'RAW_농산물_10월'!$B:$B,$B40),SUMIFS('RAW_농산물_11-12월'!$G:$G,'RAW_농산물_11-12월'!$A:$A,G$37,'RAW_농산물_11-12월'!$B:$B,$B40))) -> 171052770 | H40: =IF('설정'!$B$3=0,"",CHOOSE('설정'!$B$3,SUMIFS('RAW_농산물_7월'!$G:$G,'RAW_농산물_7월'!$A:$A,H$37,'RAW_농산물_7월'!$B:$B,$B40),SUMIFS('RAW_농산물_8월'!$G:$G,'RAW_농산물_8월'!$A:$A,H$37,'RAW_농산물_8월'!$B:$B,$B40),SUMIFS('RAW_농산물_9월'!$G:$G,'RAW_농산물_9월'!$A:$A,H$37,'RAW_농산물_9월'!$B:$B,$B40),SUMIFS('RAW_농산물_10월'!$G:$G,'RAW_농산물_10월'!$A:$A,H$37,'RAW_농산물_10월'!$B:$B,$B40),SUMIFS('RAW_농산물_11-12월'!$G:$G,'RAW_농산물_11-12월'!$A:$A,H$37,'RAW_농산물_11-12월'!$B:$B,$B40))) -> 0 | I40: =IF('설정'!$B$3=0,"",CHOOSE('설정'!$B$3,SUMIFS('RAW_농산물_7월'!$G:$G,'RAW_농산물_7월'!$A:$A,I$37,'RAW_농산물_7월'!$B:$B,$B40),SUMIFS('RAW_농산물_8월'!$G:$G,'RAW_농산물_8월'!$A:$A,I$37,'RAW_농산물_8월'!$B:$B,$B40),SUMIFS('RAW_농산물_9월'!$G:$G,'RAW_농산물_9월'!$A:$A,I$37,'RAW_농산물_9월'!$B:$B,$B40),SUMIFS('RAW_농산물_10월'!$G:$G,'RAW_농산물_10월'!$A:$A,I$37,'RAW_농산물_10월'!$B:$B,$B40),SUMIFS('RAW_농산물_11-12월'!$G:$G,'RAW_농산물_11-12월'!$A:$A,I$37,'RAW_농산물_11-12월'!$B:$B,$B40))) -> 0 | J40: =IF('설정'!$B$3=0,"",CHOOSE('설정'!$B$3,SUMIFS('RAW_농산물_7월'!$G:$G,'RAW_농산물_7월'!$A:$A,J$37,'RAW_농산물_7월'!$B:$B,$B40),SUMIFS('RAW_농산물_8월'!$G:$G,'RAW_농산물_8월'!$A:$A,J$37,'RAW_농산물_8월'!$B:$B,$B40),SUMIFS('RAW_농산물_9월'!$G:$G,'RAW_농산물_9월'!$A:$A,J$37,'RAW_농산물_9월'!$B:$B,$B40),SUMIFS('RAW_농산물_10월'!$G:$G,'RAW_농산물_10월'!$A:$A,J$37,'RAW_농산물_10월'!$B:$B,$B40),SUMIFS('RAW_농산물_11-12월'!$G:$G,'RAW_농산물_11-12월'!$A:$A,J$37,'RAW_농산물_11-12월'!$B:$B,$B40))) -> 114840100 | K40: =IF(COUNT(L40:M40)=0,"",SUM(L40:M40)) -> 7883800 | L40: =IF('설정'!$B$4=0,"",CHOOSE('설정'!$B$4,SUMIFS('RAW_유기농_7월'!$G:$G,'RAW_유기농_7월'!$A:$A,L$37,'RAW_유기농_7월'!$B:$B,$B40),SUMIFS('RAW_유기농_8월'!$G:$G,'RAW_유기농_8월'!$A:$A,L$37,'RAW_유기농_8월'!$B:$B,$B40),SUMIFS('RAW_유기농_9월'!$G:$G,'RAW_유기농_9월'!$A:$A,L$37,'RAW_유기농_9월'!$B:$B,$B40),SUMIFS('RAW_유기농_10월'!$G:$G,'RAW_유기농_10월'!$A:$A,L$37,'RAW_유기농_10월'!$B:$B,$B40),SUMIFS('RAW_유기농_11-12월'!$G:$G,'RAW_유기농_11-12월'!$A:$A,L$37,'RAW_유기농_11-12월'!$B:$B,$B40))) -> 247000 | M40: =IF('설정'!$B$4=0,"",CHOOSE('설정'!$B$4,SUMIFS('RAW_유기농_7월'!$G:$G,'RAW_유기농_7월'!$A:$A,M$37,'RAW_유기농_7월'!$B:$B,$B40),SUMIFS('RAW_유기농_8월'!$G:$G,'RAW_유기농_8월'!$A:$A,M$37,'RAW_유기농_8월'!$B:$B,$B40),SUMIFS('RAW_유기농_9월'!$G:$G,'RAW_유기농_9월'!$A:$A,M$37,'RAW_유기농_9월'!$B:$B,$B40),SUMIFS('RAW_유기농_10월'!$G:$G,'RAW_유기농_10월'!$A:$A,M$37,'RAW_유기농_10월'!$B:$B,$B40),SUMIFS('RAW_유기농_11-12월'!$G:$G,'RAW_유기농_11-12월'!$A:$A,M$37,'RAW_유기농_11-12월'!$B:$B,$B40))) -> 7636800
B41: 가공식품 | C41: =IF(COUNT(D41,K41)=0,"",SUM(D41,K41)) -> 2602292959 | D41: =IF(COUNT(E41:J41)=0,"",SUM(E41:J41)) -> 2352612459 | E41: =IF('설정'!$B$3=0,"",CHOOSE('설정'!$B$3,SUMIFS('RAW_농산물_7월'!$G:$G,'RAW_농산물_7월'!$A:$A,E$37,'RAW_농산물_7월'!$B:$B,$B41),SUMIFS('RAW_농산물_8월'!$G:$G,'RAW_농산물_8월'!$A:$A,E$37,'RAW_농산물_8월'!$B:$B,$B41),SUMIFS('RAW_농산물_9월'!$G:$G,'RAW_농산물_9월'!$A:$A,E$37,'RAW_농산물_9월'!$B:$B,$B41),SUMIFS('RAW_농산물_10월'!$G:$G,'RAW_농산물_10월'!$A:$A,E$37,'RAW_농산물_10월'!$B:$B,$B41),SUMIFS('RAW_농산물_11-12월'!$G:$G,'RAW_농산물_11-12월'!$A:$A,E$37,'RAW_농산물_11-12월'!$B:$B,$B41))) -> 1060766440 | F41: =IF('설정'!$B$3=0,"",CHOOSE('설정'!$B$3,SUMIFS('RAW_농산물_7월'!$G:$G,'RAW_농산물_7월'!$A:$A,F$37,'RAW_농산물_7월'!$B:$B,$B41),SUMIFS('RAW_농산물_8월'!$G:$G,'RAW_농산물_8월'!$A:$A,F$37,'RAW_농산물_8월'!$B:$B,$B41),SUMIFS('RAW_농산물_9월'!$G:$G,'RAW_농산물_9월'!$A:$A,F$37,'RAW_농산물_9월'!$B:$B,$B41),SUMIFS('RAW_농산물_10월'!$G:$G,'RAW_농산물_10월'!$A:$A,F$37,'RAW_농산물_10월'!$B:$B,$B41),SUMIFS('RAW_농산물_11-12월'!$G:$G,'RAW_농산물_11-12월'!$A:$A,F$37,'RAW_농산물_11-12월'!$B:$B,$B41))) -> 566269840 | G41: =IF('설정'!$B$3=0,"",CHOOSE('설정'!$B$3,SUMIFS('RAW_농산물_7월'!$G:$G,'RAW_농산물_7월'!$A:$A,G$37,'RAW_농산물_7월'!$B:$B,$B41),SUMIFS('RAW_농산물_8월'!$G:$G,'RAW_농산물_8월'!$A:$A,G$37,'RAW_농산물_8월'!$B:$B,$B41),SUMIFS('RAW_농산물_9월'!$G:$G,'RAW_농산물_9월'!$A:$A,G$37,'RAW_농산물_9월'!$B:$B,$B41),SUMIFS('RAW_농산물_10월'!$G:$G,'RAW_농산물_10월'!$A:$A,G$37,'RAW_농산물_10월'!$B:$B,$B41),SUMIFS('RAW_농산물_11-12월'!$G:$G,'RAW_농산물_11-12월'!$A:$A,G$37,'RAW_농산물_11-12월'!$B:$B,$B41))) -> 68823850 | H41: =IF('설정'!$B$3=0,"",CHOOSE('설정'!$B$3,SUMIFS('RAW_농산물_7월'!$G:$G,'RAW_농산물_7월'!$A:$A,H$37,'RAW_농산물_7월'!$B:$B,$B41),SUMIFS('RAW_농산물_8월'!$G:$G,'RAW_농산물_8월'!$A:$A,H$37,'RAW_농산물_8월'!$B:$B,$B41),SUMIFS('RAW_농산물_9월'!$G:$G,'RAW_농산물_9월'!$A:$A,H$37,'RAW_농산물_9월'!$B:$B,$B41),SUMIFS('RAW_농산물_10월'!$G:$G,'RAW_농산물_10월'!$A:$A,H$37,'RAW_농산물_10월'!$B:$B,$B41),SUMIFS('RAW_농산물_11-12월'!$G:$G,'RAW_농산물_11-12월'!$A:$A,H$37,'RAW_농산물_11-12월'!$B:$B,$B41))) -> 11033700 | I41: =IF('설정'!$B$3=0,"",CHOOSE('설정'!$B$3,SUMIFS('RAW_농산물_7월'!$G:$G,'RAW_농산물_7월'!$A:$A,I$37,'RAW_농산물_7월'!$B:$B,$B41),SUMIFS('RAW_농산물_8월'!$G:$G,'RAW_농산물_8월'!$A:$A,I$37,'RAW_농산물_8월'!$B:$B,$B41),SUMIFS('RAW_농산물_9월'!$G:$G,'RAW_농산물_9월'!$A:$A,I$37,'RAW_농산물_9월'!$B:$B,$B41),SUMIFS('RAW_농산물_10월'!$G:$G,'RAW_농산물_10월'!$A:$A,I$37,'RAW_농산물_10월'!$B:$B,$B41),SUMIFS('RAW_농산물_11-12월'!$G:$G,'RAW_농산물_11-12월'!$A:$A,I$37,'RAW_농산물_11-12월'!$B:$B,$B41))) -> 403469669 | J41: =IF('설정'!$B$3=0,"",CHOOSE('설정'!$B$3,SUMIFS('RAW_농산물_7월'!$G:$G,'RAW_농산물_7월'!$A:$A,J$37,'RAW_농산물_7월'!$B:$B,$B41),SUMIFS('RAW_농산물_8월'!$G:$G,'RAW_농산물_8월'!$A:$A,J$37,'RAW_농산물_8월'!$B:$B,$B41),SUMIFS('RAW_농산물_9월'!$G:$G,'RAW_농산물_9월'!$A:$A,J$37,'RAW_농산물_9월'!$B:$B,$B41),SUMIFS('RAW_농산물_10월'!$G:$G,'RAW_농산물_10월'!$A:$A,J$37,'RAW_농산물_10월'!$B:$B,$B41),SUMIFS('RAW_농산물_11-12월'!$G:$G,'RAW_농산물_11-12월'!$A:$A,J$37,'RAW_농산물_11-12월'!$B:$B,$B41))) -> 242248960 | K41: =IF(COUNT(L41:M41)=0,"",SUM(L41:M41)) -> 249680500 | L41: =IF('설정'!$B$4=0,"",CHOOSE('설정'!$B$4,SUMIFS('RAW_유기농_7월'!$G:$G,'RAW_유기농_7월'!$A:$A,L$37,'RAW_유기농_7월'!$B:$B,$B41),SUMIFS('RAW_유기농_8월'!$G:$G,'RAW_유기농_8월'!$A:$A,L$37,'RAW_유기농_8월'!$B:$B,$B41),SUMIFS('RAW_유기농_9월'!$G:$G,'RAW_유기농_9월'!$A:$A,L$37,'RAW_유기농_9월'!$B:$B,$B41),SUMIFS('RAW_유기농_10월'!$G:$G,'RAW_유기농_10월'!$A:$A,L$37,'RAW_유기농_10월'!$B:$B,$B41),SUMIFS('RAW_유기농_11-12월'!$G:$G,'RAW_유기농_11-12월'!$A:$A,L$37,'RAW_유기농_11-12월'!$B:$B,$B41))) -> 28995260 | M41: =IF('설정'!$B$4=0,"",CHOOSE('설정'!$B$4,SUMIFS('RAW_유기농_7월'!$G:$G,'RAW_유기농_7월'!$A:$A,M$37,'RAW_유기농_7월'!$B:$B,$B41),SUMIFS('RAW_유기농_8월'!$G:$G,'RAW_유기농_8월'!$A:$A,M$37,'RAW_유기농_8월'!$B:$B,$B41),SUMIFS('RAW_유기농_9월'!$G:$G,'RAW_유기농_9월'!$A:$A,M$37,'RAW_유기농_9월'!$B:$B,$B41),SUMIFS('RAW_유기농_10월'!$G:$G,'RAW_유기농_10월'!$A:$A,M$37,'RAW_유기농_10월'!$B:$B,$B41),SUMIFS('RAW_유기농_11-12월'!$G:$G,'RAW_유기농_11-12월'!$A:$A,M$37,'RAW_유기농_11-12월'!$B:$B,$B41))) -> 220685240
B43: 7. 유통사별 품목별 판매 건수 (누적)
B44: 구분 | C44: 총 계 | D44: 농부가바로팜 | K44: 친환경
D45: 소 계 | E45: 네이버 | F45: 지마켓 | G45: 롯데ON | H45: 온누리마켓 | I45: 농가살리기 | J45: 오아시스 | K45: 소 계 | L45: 네이버 | M45: 오아시스
B46: 총 계 | C46: =IF(COUNT(D46,K46)=0,"",SUM(D46,K46)) -> 756125 | D46: =IF(COUNT(E46:J46)=0,"",SUM(E46:J46)) -> 475218 | E46: =IF(COUNT(E47:E49)=0,"",SUM(E47:E49)) -> 108140 | F46: =IF(COUNT(F47:F49)=0,"",SUM(F47:F49)) -> 68093 | G46: =IF(COUNT(G47:G49)=0,"",SUM(G47:G49)) -> 13595 | H46: =IF(COUNT(H47:H49)=0,"",SUM(H47:H49)) -> 3100 | I46: =IF(COUNT(I47:I49)=0,"",SUM(I47:I49)) -> 30683 | J46: =IF(COUNT(J47:J49)=0,"",SUM(J47:J49)) -> 251607 | K46: =IF(COUNT(L46:M46)=0,"",SUM(L46:M46)) -> 280907 | L46: =IF(COUNT(L47:L49)=0,"",SUM(L47:L49)) -> 10898 | M46: =IF(COUNT(M47:M49)=0,"",SUM(M47:M49)) -> 270009
B47: 농산물 | C47: =IF(COUNT(D47,K47)=0,"",SUM(D47,K47)) -> 521013 | D47: =IF(COUNT(E47:J47)=0,"",SUM(E47:J47)) -> 290861 | E47: =IF('설정'!$B$3=0,"",CHOOSE('설정'!$B$3,SUMIFS('RAW_농산물_7월'!$F:$F,'RAW_농산물_7월'!$A:$A,E$45,'RAW_농산물_7월'!$B:$B,$B47),SUMIFS('RAW_농산물_8월'!$F:$F,'RAW_농산물_8월'!$A:$A,E$45,'RAW_농산물_8월'!$B:$B,$B47),SUMIFS('RAW_농산물_9월'!$F:$F,'RAW_농산물_9월'!$A:$A,E$45,'RAW_농산물_9월'!$B:$B,$B47),SUMIFS('RAW_농산물_10월'!$F:$F,'RAW_농산물_10월'!$A:$A,E$45,'RAW_농산물_10월'!$B:$B,$B47),SUMIFS('RAW_농산물_11-12월'!$F:$F,'RAW_농산물_11-12월'!$A:$A,E$45,'RAW_농산물_11-12월'!$B:$B,$B47))) -> 54773 | F47: =IF('설정'!$B$3=0,"",CHOOSE('설정'!$B$3,SUMIFS('RAW_농산물_7월'!$F:$F,'RAW_농산물_7월'!$A:$A,F$45,'RAW_농산물_7월'!$B:$B,$B47),SUMIFS('RAW_농산물_8월'!$F:$F,'RAW_농산물_8월'!$A:$A,F$45,'RAW_농산물_8월'!$B:$B,$B47),SUMIFS('RAW_농산물_9월'!$F:$F,'RAW_농산물_9월'!$A:$A,F$45,'RAW_농산물_9월'!$B:$B,$B47),SUMIFS('RAW_농산물_10월'!$F:$F,'RAW_농산물_10월'!$A:$A,F$45,'RAW_농산물_10월'!$B:$B,$B47),SUMIFS('RAW_농산물_11-12월'!$F:$F,'RAW_농산물_11-12월'!$A:$A,F$45,'RAW_농산물_11-12월'!$B:$B,$B47))) -> 30320 | G47: =IF('설정'!$B$3=0,"",CHOOSE('설정'!$B$3,SUMIFS('RAW_농산물_7월'!$F:$F,'RAW_농산물_7월'!$A:$A,G$45,'RAW_농산물_7월'!$B:$B,$B47),SUMIFS('RAW_농산물_8월'!$F:$F,'RAW_농산물_8월'!$A:$A,G$45,'RAW_농산물_8월'!$B:$B,$B47),SUMIFS('RAW_농산물_9월'!$F:$F,'RAW_농산물_9월'!$A:$A,G$45,'RAW_농산물_9월'!$B:$B,$B47),SUMIFS('RAW_농산물_10월'!$F:$F,'RAW_농산물_10월'!$A:$A,G$45,'RAW_농산물_10월'!$B:$B,$B47),SUMIFS('RAW_농산물_11-12월'!$F:$F,'RAW_농산물_11-12월'!$A:$A,G$45,'RAW_농산물_11-12월'!$B:$B,$B47))) -> 6030 | H47: =IF('설정'!$B$3=0,"",CHOOSE('설정'!$B$3,SUMIFS('RAW_농산물_7월'!$F:$F,'RAW_농산물_7월'!$A:$A,H$45,'RAW_농산물_7월'!$B:$B,$B47),SUMIFS('RAW_농산물_8월'!$F:$F,'RAW_농산물_8월'!$A:$A,H$45,'RAW_농산물_8월'!$B:$B,$B47),SUMIFS('RAW_농산물_9월'!$F:$F,'RAW_농산물_9월'!$A:$A,H$45,'RAW_농산물_9월'!$B:$B,$B47),SUMIFS('RAW_농산물_10월'!$F:$F,'RAW_농산물_10월'!$A:$A,H$45,'RAW_농산물_10월'!$B:$B,$B47),SUMIFS('RAW_농산물_11-12월'!$F:$F,'RAW_농산물_11-12월'!$A:$A,H$45,'RAW_농산물_11-12월'!$B:$B,$B47))) -> 2612 | I47: =IF('설정'!$B$3=0,"",CHOOSE('설정'!$B$3,SUMIFS('RAW_농산물_7월'!$F:$F,'RAW_농산물_7월'!$A:$A,I$45,'RAW_농산물_7월'!$B:$B,$B47),SUMIFS('RAW_농산물_8월'!$F:$F,'RAW_농산물_8월'!$A:$A,I$45,'RAW_농산물_8월'!$B:$B,$B47),SUMIFS('RAW_농산물_9월'!$F:$F,'RAW_농산물_9월'!$A:$A,I$45,'RAW_농산물_9월'!$B:$B,$B47),SUMIFS('RAW_농산물_10월'!$F:$F,'RAW_농산물_10월'!$A:$A,I$45,'RAW_농산물_10월'!$B:$B,$B47),SUMIFS('RAW_농산물_11-12월'!$F:$F,'RAW_농산물_11-12월'!$A:$A,I$45,'RAW_농산물_11-12월'!$B:$B,$B47))) -> 4345 | J47: =IF('설정'!$B$3=0,"",CHOOSE('설정'!$B$3,SUMIFS('RAW_농산물_7월'!$F:$F,'RAW_농산물_7월'!$A:$A,J$45,'RAW_농산물_7월'!$B:$B,$B47),SUMIFS('RAW_농산물_8월'!$F:$F,'RAW_농산물_8월'!$A:$A,J$45,'RAW_농산물_8월'!$B:$B,$B47),SUMIFS('RAW_농산물_9월'!$F:$F,'RAW_농산물_9월'!$A:$A,J$45,'RAW_농산물_9월'!$B:$B,$B47),SUMIFS('RAW_농산물_10월'!$F:$F,'RAW_농산물_10월'!$A:$A,J$45,'RAW_농산물_10월'!$B:$B,$B47),SUMIFS('RAW_농산물_11-12월'!$F:$F,'RAW_농산물_11-12월'!$A:$A,J$45,'RAW_농산물_11-12월'!$B:$B,$B47))) -> 192781 | K47: =IF(COUNT(L47:M47)=0,"",SUM(L47:M47)) -> 230152 | L47: =IF('설정'!$B$4=0,"",CHOOSE('설정'!$B$4,SUMIFS('RAW_유기농_7월'!$F:$F,'RAW_유기농_7월'!$A:$A,L$45,'RAW_유기농_7월'!$B:$B,$B47),SUMIFS('RAW_유기농_8월'!$F:$F,'RAW_유기농_8월'!$A:$A,L$45,'RAW_유기농_8월'!$B:$B,$B47),SUMIFS('RAW_유기농_9월'!$F:$F,'RAW_유기농_9월'!$A:$A,L$45,'RAW_유기농_9월'!$B:$B,$B47),SUMIFS('RAW_유기농_10월'!$F:$F,'RAW_유기농_10월'!$A:$A,L$45,'RAW_유기농_10월'!$B:$B,$B47),SUMIFS('RAW_유기농_11-12월'!$F:$F,'RAW_유기농_11-12월'!$A:$A,L$45,'RAW_유기농_11-12월'!$B:$B,$B47))) -> 9770 | M47: =IF('설정'!$B$4=0,"",CHOOSE('설정'!$B$4,SUMIFS('RAW_유기농_7월'!$F:$F,'RAW_유기농_7월'!$A:$A,M$45,'RAW_유기농_7월'!$B:$B,$B47),SUMIFS('RAW_유기농_8월'!$F:$F,'RAW_유기농_8월'!$A:$A,M$45,'RAW_유기농_8월'!$B:$B,$B47),SUMIFS('RAW_유기농_9월'!$F:$F,'RAW_유기농_9월'!$A:$A,M$45,'RAW_유기농_9월'!$B:$B,$B47),SUMIFS('RAW_유기농_10월'!$F:$F,'RAW_유기농_10월'!$A:$A,M$45,'RAW_유기농_10월'!$B:$B,$B47),SUMIFS('RAW_유기농_11-12월'!$F:$F,'RAW_유기농_11-12월'!$A:$A,M$45,'RAW_유기농_11-12월'!$B:$B,$B47))) -> 220382
B48: 축산물 | C48: =IF(COUNT(D48,K48)=0,"",SUM(D48,K48)) -> 34102 | D48: =IF(COUNT(E48:J48)=0,"",SUM(E48:J48)) -> 32787 | E48: =IF('설정'!$B$3=0,"",CHOOSE('설정'!$B$3,SUMIFS('RAW_농산물_7월'!$F:$F,'RAW_농산물_7월'!$A:$A,E$45,'RAW_농산물_7월'!$B:$B,$B48),SUMIFS('RAW_농산물_8월'!$F:$F,'RAW_농산물_8월'!$A:$A,E$45,'RAW_농산물_8월'!$B:$B,$B48),SUMIFS('RAW_농산물_9월'!$F:$F,'RAW_농산물_9월'!$A:$A,E$45,'RAW_농산물_9월'!$B:$B,$B48),SUMIFS('RAW_농산물_10월'!$F:$F,'RAW_농산물_10월'!$A:$A,E$45,'RAW_농산물_10월'!$B:$B,$B48),SUMIFS('RAW_농산물_11-12월'!$F:$F,'RAW_농산물_11-12월'!$A:$A,E$45,'RAW_농산물_11-12월'!$B:$B,$B48))) -> 12132 | F48: =IF('설정'!$B$3=0,"",CHOOSE('설정'!$B$3,SUMIFS('RAW_농산물_7월'!$F:$F,'RAW_농산물_7월'!$A:$A,F$45,'RAW_농산물_7월'!$B:$B,$B48),SUMIFS('RAW_농산물_8월'!$F:$F,'RAW_농산물_8월'!$A:$A,F$45,'RAW_농산물_8월'!$B:$B,$B48),SUMIFS('RAW_농산물_9월'!$F:$F,'RAW_농산물_9월'!$A:$A,F$45,'RAW_농산물_9월'!$B:$B,$B48),SUMIFS('RAW_농산물_10월'!$F:$F,'RAW_농산물_10월'!$A:$A,F$45,'RAW_농산물_10월'!$B:$B,$B48),SUMIFS('RAW_농산물_11-12월'!$F:$F,'RAW_농산물_11-12월'!$A:$A,F$45,'RAW_농산물_11-12월'!$B:$B,$B48))) -> 5546 | G48: =IF('설정'!$B$3=0,"",CHOOSE('설정'!$B$3,SUMIFS('RAW_농산물_7월'!$F:$F,'RAW_농산물_7월'!$A:$A,G$45,'RAW_농산물_7월'!$B:$B,$B48),SUMIFS('RAW_농산물_8월'!$F:$F,'RAW_농산물_8월'!$A:$A,G$45,'RAW_농산물_8월'!$B:$B,$B48),SUMIFS('RAW_농산물_9월'!$F:$F,'RAW_농산물_9월'!$A:$A,G$45,'RAW_농산물_9월'!$B:$B,$B48),SUMIFS('RAW_농산물_10월'!$F:$F,'RAW_농산물_10월'!$A:$A,G$45,'RAW_농산물_10월'!$B:$B,$B48),SUMIFS('RAW_농산물_11-12월'!$F:$F,'RAW_농산물_11-12월'!$A:$A,G$45,'RAW_농산물_11-12월'!$B:$B,$B48))) -> 4621 | H48: =IF('설정'!$B$3=0,"",CHOOSE('설정'!$B$3,SUMIFS('RAW_농산물_7월'!$F:$F,'RAW_농산물_7월'!$A:$A,H$45,'RAW_농산물_7월'!$B:$B,$B48),SUMIFS('RAW_농산물_8월'!$F:$F,'RAW_농산물_8월'!$A:$A,H$45,'RAW_농산물_8월'!$B:$B,$B48),SUMIFS('RAW_농산물_9월'!$F:$F,'RAW_농산물_9월'!$A:$A,H$45,'RAW_농산물_9월'!$B:$B,$B48),SUMIFS('RAW_농산물_10월'!$F:$F,'RAW_농산물_10월'!$A:$A,H$45,'RAW_농산물_10월'!$B:$B,$B48),SUMIFS('RAW_농산물_11-12월'!$F:$F,'RAW_농산물_11-12월'!$A:$A,H$45,'RAW_농산물_11-12월'!$B:$B,$B48))) -> 0 | I48: =IF('설정'!$B$3=0,"",CHOOSE('설정'!$B$3,SUMIFS('RAW_농산물_7월'!$F:$F,'RAW_농산물_7월'!$A:$A,I$45,'RAW_농산물_7월'!$B:$B,$B48),SUMIFS('RAW_농산물_8월'!$F:$F,'RAW_농산물_8월'!$A:$A,I$45,'RAW_농산물_8월'!$B:$B,$B48),SUMIFS('RAW_농산물_9월'!$F:$F,'RAW_농산물_9월'!$A:$A,I$45,'RAW_농산물_9월'!$B:$B,$B48),SUMIFS('RAW_농산물_10월'!$F:$F,'RAW_농산물_10월'!$A:$A,I$45,'RAW_농산물_10월'!$B:$B,$B48),SUMIFS('RAW_농산물_11-12월'!$F:$F,'RAW_농산물_11-12월'!$A:$A,I$45,'RAW_농산물_11-12월'!$B:$B,$B48))) -> 0 | J48: =IF('설정'!$B$3=0,"",CHOOSE('설정'!$B$3,SUMIFS('RAW_농산물_7월'!$F:$F,'RAW_농산물_7월'!$A:$A,J$45,'RAW_농산물_7월'!$B:$B,$B48),SUMIFS('RAW_농산물_8월'!$F:$F,'RAW_농산물_8월'!$A:$A,J$45,'RAW_농산물_8월'!$B:$B,$B48),SUMIFS('RAW_농산물_9월'!$F:$F,'RAW_농산물_9월'!$A:$A,J$45,'RAW_농산물_9월'!$B:$B,$B48),SUMIFS('RAW_농산물_10월'!$F:$F,'RAW_농산물_10월'!$A:$A,J$45,'RAW_농산물_10월'!$B:$B,$B48),SUMIFS('RAW_농산물_11-12월'!$F:$F,'RAW_농산물_11-12월'!$A:$A,J$45,'RAW_농산물_11-12월'!$B:$B,$B48))) -> 10488 | K48: =IF(COUNT(L48:M48)=0,"",SUM(L48:M48)) -> 1315 | L48: =IF('설정'!$B$4=0,"",CHOOSE('설정'!$B$4,SUMIFS('RAW_유기농_7월'!$F:$F,'RAW_유기농_7월'!$A:$A,L$45,'RAW_유기농_7월'!$B:$B,$B48),SUMIFS('RAW_유기농_8월'!$F:$F,'RAW_유기농_8월'!$A:$A,L$45,'RAW_유기농_8월'!$B:$B,$B48),SUMIFS('RAW_유기농_9월'!$F:$F,'RAW_유기농_9월'!$A:$A,L$45,'RAW_유기농_9월'!$B:$B,$B48),SUMIFS('RAW_유기농_10월'!$F:$F,'RAW_유기농_10월'!$A:$A,L$45,'RAW_유기농_10월'!$B:$B,$B48),SUMIFS('RAW_유기농_11-12월'!$F:$F,'RAW_유기농_11-12월'!$A:$A,L$45,'RAW_유기농_11-12월'!$B:$B,$B48))) -> 8 | M48: =IF('설정'!$B$4=0,"",CHOOSE('설정'!$B$4,SUMIFS('RAW_유기농_7월'!$F:$F,'RAW_유기농_7월'!$A:$A,M$45,'RAW_유기농_7월'!$B:$B,$B48),SUMIFS('RAW_유기농_8월'!$F:$F,'RAW_유기농_8월'!$A:$A,M$45,'RAW_유기농_8월'!$B:$B,$B48),SUMIFS('RAW_유기농_9월'!$F:$F,'RAW_유기농_9월'!$A:$A,M$45,'RAW_유기농_9월'!$B:$B,$B48),SUMIFS('RAW_유기농_10월'!$F:$F,'RAW_유기농_10월'!$A:$A,M$45,'RAW_유기농_10월'!$B:$B,$B48),SUMIFS('RAW_유기농_11-12월'!$F:$F,'RAW_유기농_11-12월'!$A:$A,M$45,'RAW_유기농_11-12월'!$B:$B,$B48))) -> 1307
B49: 가공식품 | C49: =IF(COUNT(D49,K49)=0,"",SUM(D49,K49)) -> 201010 | D49: =IF(COUNT(E49:J49)=0,"",SUM(E49:J49)) -> 151570 | E49: =IF('설정'!$B$3=0,"",CHOOSE('설정'!$B$3,SUMIFS('RAW_농산물_7월'!$F:$F,'RAW_농산물_7월'!$A:$A,E$45,'RAW_농산물_7월'!$B:$B,$B49),SUMIFS('RAW_농산물_8월'!$F:$F,'RAW_농산물_8월'!$A:$A,E$45,'RAW_농산물_8월'!$B:$B,$B49),SUMIFS('RAW_농산물_9월'!$F:$F,'RAW_농산물_9월'!$A:$A,E$45,'RAW_농산물_9월'!$B:$B,$B49),SUMIFS('RAW_농산물_10월'!$F:$F,'RAW_농산물_10월'!$A:$A,E$45,'RAW_농산물_10월'!$B:$B,$B49),SUMIFS('RAW_농산물_11-12월'!$F:$F,'RAW_농산물_11-12월'!$A:$A,E$45,'RAW_농산물_11-12월'!$B:$B,$B49))) -> 41235 | F49: =IF('설정'!$B$3=0,"",CHOOSE('설정'!$B$3,SUMIFS('RAW_농산물_7월'!$F:$F,'RAW_농산물_7월'!$A:$A,F$45,'RAW_농산물_7월'!$B:$B,$B49),SUMIFS('RAW_농산물_8월'!$F:$F,'RAW_농산물_8월'!$A:$A,F$45,'RAW_농산물_8월'!$B:$B,$B49),SUMIFS('RAW_농산물_9월'!$F:$F,'RAW_농산물_9월'!$A:$A,F$45,'RAW_농산물_9월'!$B:$B,$B49),SUMIFS('RAW_농산물_10월'!$F:$F,'RAW_농산물_10월'!$A:$A,F$45,'RAW_농산물_10월'!$B:$B,$B49),SUMIFS('RAW_농산물_11-12월'!$F:$F,'RAW_농산물_11-12월'!$A:$A,F$45,'RAW_농산물_11-12월'!$B:$B,$B49))) -> 32227 | G49: =IF('설정'!$B$3=0,"",CHOOSE('설정'!$B$3,SUMIFS('RAW_농산물_7월'!$F:$F,'RAW_농산물_7월'!$A:$A,G$45,'RAW_농산물_7월'!$B:$B,$B49),SUMIFS('RAW_농산물_8월'!$F:$F,'RAW_농산물_8월'!$A:$A,G$45,'RAW_농산물_8월'!$B:$B,$B49),SUMIFS('RAW_농산물_9월'!$F:$F,'RAW_농산물_9월'!$A:$A,G$45,'RAW_농산물_9월'!$B:$B,$B49),SUMIFS('RAW_농산물_10월'!$F:$F,'RAW_농산물_10월'!$A:$A,G$45,'RAW_농산물_10월'!$B:$B,$B49),SUMIFS('RAW_농산물_11-12월'!$F:$F,'RAW_농산물_11-12월'!$A:$A,G$45,'RAW_농산물_11-12월'!$B:$B,$B49))) -> 2944 | H49: =IF('설정'!$B$3=0,"",CHOOSE('설정'!$B$3,SUMIFS('RAW_농산물_7월'!$F:$F,'RAW_농산물_7월'!$A:$A,H$45,'RAW_농산물_7월'!$B:$B,$B49),SUMIFS('RAW_농산물_8월'!$F:$F,'RAW_농산물_8월'!$A:$A,H$45,'RAW_농산물_8월'!$B:$B,$B49),SUMIFS('RAW_농산물_9월'!$F:$F,'RAW_농산물_9월'!$A:$A,H$45,'RAW_농산물_9월'!$B:$B,$B49),SUMIFS('RAW_농산물_10월'!$F:$F,'RAW_농산물_10월'!$A:$A,H$45,'RAW_농산물_10월'!$B:$B,$B49),SUMIFS('RAW_농산물_11-12월'!$F:$F,'RAW_농산물_11-12월'!$A:$A,H$45,'RAW_농산물_11-12월'!$B:$B,$B49))) -> 488 | I49: =IF('설정'!$B$3=0,"",CHOOSE('설정'!$B$3,SUMIFS('RAW_농산물_7월'!$F:$F,'RAW_농산물_7월'!$A:$A,I$45,'RAW_농산물_7월'!$B:$B,$B49),SUMIFS('RAW_농산물_8월'!$F:$F,'RAW_농산물_8월'!$A:$A,I$45,'RAW_농산물_8월'!$B:$B,$B49),SUMIFS('RAW_농산물_9월'!$F:$F,'RAW_농산물_9월'!$A:$A,I$45,'RAW_농산물_9월'!$B:$B,$B49),SUMIFS('RAW_농산물_10월'!$F:$F,'RAW_농산물_10월'!$A:$A,I$45,'RAW_농산물_10월'!$B:$B,$B49),SUMIFS('RAW_농산물_11-12월'!$F:$F,'RAW_농산물_11-12월'!$A:$A,I$45,'RAW_농산물_11-12월'!$B:$B,$B49))) -> 26338 | J49: =IF('설정'!$B$3=0,"",CHOOSE('설정'!$B$3,SUMIFS('RAW_농산물_7월'!$F:$F,'RAW_농산물_7월'!$A:$A,J$45,'RAW_농산물_7월'!$B:$B,$B49),SUMIFS('RAW_농산물_8월'!$F:$F,'RAW_농산물_8월'!$A:$A,J$45,'RAW_농산물_8월'!$B:$B,$B49),SUMIFS('RAW_농산물_9월'!$F:$F,'RAW_농산물_9월'!$A:$A,J$45,'RAW_농산물_9월'!$B:$B,$B49),SUMIFS('RAW_농산물_10월'!$F:$F,'RAW_농산물_10월'!$A:$A,J$45,'RAW_농산물_10월'!$B:$B,$B49),SUMIFS('RAW_농산물_11-12월'!$F:$F,'RAW_농산물_11-12월'!$A:$A,J$45,'RAW_농산물_11-12월'!$B:$B,$B49))) -> 48338 | K49: =IF(COUNT(L49:M49)=0,"",SUM(L49:M49)) -> 49440 | L49: =IF('설정'!$B$4=0,"",CHOOSE('설정'!$B$4,SUMIFS('RAW_유기농_7월'!$F:$F,'RAW_유기농_7월'!$A:$A,L$45,'RAW_유기농_7월'!$B:$B,$B49),SUMIFS('RAW_유기농_8월'!$F:$F,'RAW_유기농_8월'!$A:$A,L$45,'RAW_유기농_8월'!$B:$B,$B49),SUMIFS('RAW_유기농_9월'!$F:$F,'RAW_유기농_9월'!$A:$A,L$45,'RAW_유기농_9월'!$B:$B,$B49),SUMIFS('RAW_유기농_10월'!$F:$F,'RAW_유기농_10월'!$A:$A,L$45,'RAW_유기농_10월'!$B:$B,$B49),SUMIFS('RAW_유기농_11-12월'!$F:$F,'RAW_유기농_11-12월'!$A:$A,L$45,'RAW_유기농_11-12월'!$B:$B,$B49))) -> 1120 | M49: =IF('설정'!$B$4=0,"",CHOOSE('설정'!$B$4,SUMIFS('RAW_유기농_7월'!$F:$F,'RAW_유기농_7월'!$A:$A,M$45,'RAW_유기농_7월'!$B:$B,$B49),SUMIFS('RAW_유기농_8월'!$F:$F,'RAW_유기농_8월'!$A:$A,M$45,'RAW_유기농_8월'!$B:$B,$B49),SUMIFS('RAW_유기농_9월'!$F:$F,'RAW_유기농_9월'!$A:$A,M$45,'RAW_유기농_9월'!$B:$B,$B49),SUMIFS('RAW_유기농_10월'!$F:$F,'RAW_유기농_10월'!$A:$A,M$45,'RAW_유기농_10월'!$B:$B,$B49),SUMIFS('RAW_유기농_11-12월'!$F:$F,'RAW_유기농_11-12월'!$A:$A,M$45,'RAW_유기농_11-12월'!$B:$B,$B49))) -> 48320
B53: ※ 농산물 온라인 마케터
B55: 1. 월별 참여 업체 및 상품 수
B56: 구분 | C56: 지표 | D56: 총 계 | E56: 네이버 | F56: 지마켓 | G56: 롯데ON | H56: 온누리마켓 | I56: 농가살리기 | J56: 오아시스
B57: 7월 | C57: 업체수 | D57: =IF(COUNT(E57:J57)=0,"",SUM(E57:J57)) -> 186 | E57: =IF(COUNTA('RAW_농산물_7월'!$A:$A)<=1,"",COUNTIFS('농산물업체'!$E$3:$E$702,E$56,'농산물업체'!$I$3:$I$702,"O")) -> 82 | F57: =IF(COUNTA('RAW_농산물_7월'!$A:$A)<=1,"",COUNTIFS('농산물업체'!$E$3:$E$702,F$56,'농산물업체'!$I$3:$I$702,"O")) -> 36 | G57: =IF(COUNTA('RAW_농산물_7월'!$A:$A)<=1,"",COUNTIFS('농산물업체'!$E$3:$E$702,G$56,'농산물업체'!$I$3:$I$702,"O")) -> 32 | H57: =IF(COUNTA('RAW_농산물_7월'!$A:$A)<=1,"",COUNTIFS('농산물업체'!$E$3:$E$702,H$56,'농산물업체'!$I$3:$I$702,"O")) -> 17 | I57: =IF(COUNTA('RAW_농산물_7월'!$A:$A)<=1,"",COUNTIFS('농산물업체'!$E$3:$E$702,I$56,'농산물업체'!$I$3:$I$702,"O")) -> 6 | J57: =IF(COUNTA('RAW_농산물_7월'!$A:$A)<=1,"",COUNTIFS('농산물업체'!$E$3:$E$702,J$56,'농산물업체'!$I$3:$I$702,"O")) -> 13
C58: 상품수 | D58: =IF(COUNT(E58:J58)=0,"",SUM(E58:J58)) -> 1130 | E58: =IF(COUNTA('RAW_농산물_7월'!$A:$A)<=1,"",COUNTIFS('RAW_농산물_7월'!$A:$A,E$56)) -> 388 | F58: =IF(COUNTA('RAW_농산물_7월'!$A:$A)<=1,"",COUNTIFS('RAW_농산물_7월'!$A:$A,F$56)) -> 258 | G58: =IF(COUNTA('RAW_농산물_7월'!$A:$A)<=1,"",COUNTIFS('RAW_농산물_7월'!$A:$A,G$56)) -> 313 | H58: =IF(COUNTA('RAW_농산물_7월'!$A:$A)<=1,"",COUNTIFS('RAW_농산물_7월'!$A:$A,H$56)) -> 55 | I58: =IF(COUNTA('RAW_농산물_7월'!$A:$A)<=1,"",COUNTIFS('RAW_농산물_7월'!$A:$A,I$56)) -> 29 | J58: =IF(COUNTA('RAW_농산물_7월'!$A:$A)<=1,"",COUNTIFS('RAW_농산물_7월'!$A:$A,J$56)) -> 87
B59: 8월 | C59: 업체수 | D59: =IF(COUNT(E59:J59)=0,"",SUM(E59:J59)) -> 207 | E59: =IF(COUNTA('RAW_농산물_8월'!$A:$A)<=1,"",COUNTIFS('농산물업체'!$E$3:$E$702,E$56,'농산물업체'!$J$3:$J$702,"O")) -> 93 | F59: =IF(COUNTA('RAW_농산물_8월'!$A:$A)<=1,"",COUNTIFS('농산물업체'!$E$3:$E$702,F$56,'농산물업체'!$J$3:$J$702,"O")) -> 41 | G59: =IF(COUNTA('RAW_농산물_8월'!$A:$A)<=1,"",COUNTIFS('농산물업체'!$E$3:$E$702,G$56,'농산물업체'!$J$3:$J$702,"O")) -> 34 | H59: =IF(COUNTA('RAW_농산물_8월'!$A:$A)<=1,"",COUNTIFS('농산물업체'!$E$3:$E$702,H$56,'농산물업체'!$J$3:$J$702,"O")) -> 19 | I59: =IF(COUNTA('RAW_농산물_8월'!$A:$A)<=1,"",COUNTIFS('농산물업체'!$E$3:$E$702,I$56,'농산물업체'!$J$3:$J$702,"O")) -> 7 | J59: =IF(COUNTA('RAW_농산물_8월'!$A:$A)<=1,"",COUNTIFS('농산물업체'!$E$3:$E$702,J$56,'농산물업체'!$J$3:$J$702,"O")) -> 13
C60: 상품수 | D60: =IF(COUNT(E60:J60)=0,"",SUM(E60:J60)) -> 1449 | E60: =IF(COUNTA('RAW_농산물_8월'!$A:$A)<=1,"",COUNTIFS('RAW_농산물_8월'!$A:$A,E$56)) -> 614 | F60: =IF(COUNTA('RAW_농산물_8월'!$A:$A)<=1,"",COUNTIFS('RAW_농산물_8월'!$A:$A,F$56)) -> 298 | G60: =IF(COUNTA('RAW_농산물_8월'!$A:$A)<=1,"",COUNTIFS('RAW_농산물_8월'!$A:$A,G$56)) -> 349 | H60: =IF(COUNTA('RAW_농산물_8월'!$A:$A)<=1,"",COUNTIFS('RAW_농산물_8월'!$A:$A,H$56)) -> 71 | I60: =IF(COUNTA('RAW_농산물_8월'!$A:$A)<=1,"",COUNTIFS('RAW_농산물_8월'!$A:$A,I$56)) -> 30 | J60: =IF(COUNTA('RAW_농산물_8월'!$A:$A)<=1,"",COUNTIFS('RAW_농산물_8월'!$A:$A,J$56)) -> 87
B61: 9월 | C61: 업체수 | D61: =IF(COUNT(E61:J61)=0,"",SUM(E61:J61)) | E61: =IF(COUNTA('RAW_농산물_9월'!$A:$A)<=1,"",COUNTIFS('농산물업체'!$E$3:$E$702,E$56,'농산물업체'!$K$3:$K$702,"O")) | F61: =IF(COUNTA('RAW_농산물_9월'!$A:$A)<=1,"",COUNTIFS('농산물업체'!$E$3:$E$702,F$56,'농산물업체'!$K$3:$K$702,"O")) | G61: =IF(COUNTA('RAW_농산물_9월'!$A:$A)<=1,"",COUNTIFS('농산물업체'!$E$3:$E$702,G$56,'농산물업체'!$K$3:$K$702,"O")) | H61: =IF(COUNTA('RAW_농산물_9월'!$A:$A)<=1,"",COUNTIFS('농산물업체'!$E$3:$E$702,H$56,'농산물업체'!$K$3:$K$702,"O")) | I61: =IF(COUNTA('RAW_농산물_9월'!$A:$A)<=1,"",COUNTIFS('농산물업체'!$E$3:$E$702,I$56,'농산물업체'!$K$3:$K$702,"O")) | J61: =IF(COUNTA('RAW_농산물_9월'!$A:$A)<=1,"",COUNTIFS('농산물업체'!$E$3:$E$702,J$56,'농산물업체'!$K$3:$K$702,"O"))
C62: 상품수 | D62: =IF(COUNT(E62:J62)=0,"",SUM(E62:J62)) | E62: =IF(COUNTA('RAW_농산물_9월'!$A:$A)<=1,"",COUNTIFS('RAW_농산물_9월'!$A:$A,E$56)) | F62: =IF(COUNTA('RAW_농산물_9월'!$A:$A)<=1,"",COUNTIFS('RAW_농산물_9월'!$A:$A,F$56)) | G62: =IF(COUNTA('RAW_농산물_9월'!$A:$A)<=1,"",COUNTIFS('RAW_농산물_9월'!$A:$A,G$56)) | H62: =IF(COUNTA('RAW_농산물_9월'!$A:$A)<=1,"",COUNTIFS('RAW_농산물_9월'!$A:$A,H$56)) | I62: =IF(COUNTA('RAW_농산물_9월'!$A:$A)<=1,"",COUNTIFS('RAW_농산물_9월'!$A:$A,I$56)) | J62: =IF(COUNTA('RAW_농산물_9월'!$A:$A)<=1,"",COUNTIFS('RAW_농산물_9월'!$A:$A,J$56))
B63: 10월 | C63: 업체수 | D63: =IF(COUNT(E63:J63)=0,"",SUM(E63:J63)) | E63: =IF(COUNTA('RAW_농산물_10월'!$A:$A)<=1,"",COUNTIFS('농산물업체'!$E$3:$E$702,E$56,'농산물업체'!$L$3:$L$702,"O")) | F63: =IF(COUNTA('RAW_농산물_10월'!$A:$A)<=1,"",COUNTIFS('농산물업체'!$E$3:$E$702,F$56,'농산물업체'!$L$3:$L$702,"O")) | G63: =IF(COUNTA('RAW_농산물_10월'!$A:$A)<=1,"",COUNTIFS('농산물업체'!$E$3:$E$702,G$56,'농산물업체'!$L$3:$L$702,"O")) | H63: =IF(COUNTA('RAW_농산물_10월'!$A:$A)<=1,"",COUNTIFS('농산물업체'!$E$3:$E$702,H$56,'농산물업체'!$L$3:$L$702,"O")) | I63: =IF(COUNTA('RAW_농산물_10월'!$A:$A)<=1,"",COUNTIFS('농산물업체'!$E$3:$E$702,I$56,'농산물업체'!$L$3:$L$702,"O")) | J63: =IF(COUNTA('RAW_농산물_10월'!$A:$A)<=1,"",COUNTIFS('농산물업체'!$E$3:$E$702,J$56,'농산물업체'!$L$3:$L$702,"O"))
C64: 상품수 | D64: =IF(COUNT(E64:J64)=0,"",SUM(E64:J64)) | E64: =IF(COUNTA('RAW_농산물_10월'!$A:$A)<=1,"",COUNTIFS('RAW_농산물_10월'!$A:$A,E$56)) | F64: =IF(COUNTA('RAW_농산물_10월'!$A:$A)<=1,"",COUNTIFS('RAW_농산물_10월'!$A:$A,F$56)) | G64: =IF(COUNTA('RAW_농산물_10월'!$A:$A)<=1,"",COUNTIFS('RAW_농산물_10월'!$A:$A,G$56)) | H64: =IF(COUNTA('RAW_농산물_10월'!$A:$A)<=1,"",COUNTIFS('RAW_농산물_10월'!$A:$A,H$56)) | I64: =IF(COUNTA('RAW_농산물_10월'!$A:$A)<=1,"",COUNTIFS('RAW_농산물_10월'!$A:$A,I$56)) | J64: =IF(COUNTA('RAW_농산물_10월'!$A:$A)<=1,"",COUNTIFS('RAW_농산물_10월'!$A:$A,J$56))
B65: 11~12월 | C65: 업체수 | D65: =IF(COUNT(E65:J65)=0,"",SUM(E65:J65)) | E65: =IF(COUNTA('RAW_농산물_11-12월'!$A:$A)<=1,"",COUNTIFS('농산물업체'!$E$3:$E$702,E$56,'농산물업체'!$M$3:$M$702,"O")) | F65: =IF(COUNTA('RAW_농산물_11-12월'!$A:$A)<=1,"",COUNTIFS('농산물업체'!$E$3:$E$702,F$56,'농산물업체'!$M$3:$M$702,"O")) | G65: =IF(COUNTA('RAW_농산물_11-12월'!$A:$A)<=1,"",COUNTIFS('농산물업체'!$E$3:$E$702,G$56,'농산물업체'!$M$3:$M$702,"O")) | H65: =IF(COUNTA('RAW_농산물_11-12월'!$A:$A)<=1,"",COUNTIFS('농산물업체'!$E$3:$E$702,H$56,'농산물업체'!$M$3:$M$702,"O")) | I65: =IF(COUNTA('RAW_농산물_11-12월'!$A:$A)<=1,"",COUNTIFS('농산물업체'!$E$3:$E$702,I$56,'농산물업체'!$M$3:$M$702,"O")) | J65: =IF(COUNTA('RAW_농산물_11-12월'!$A:$A)<=1,"",COUNTIFS('농산물업체'!$E$3:$E$702,J$56,'농산물업체'!$M$3:$M$702,"O"))
C66: 상품수 | D66: =IF(COUNT(E66:J66)=0,"",SUM(E66:J66)) | E66: =IF(COUNTA('RAW_농산물_11-12월'!$A:$A)<=1,"",COUNTIFS('RAW_농산물_11-12월'!$A:$A,E$56)) | F66: =IF(COUNTA('RAW_농산물_11-12월'!$A:$A)<=1,"",COUNTIFS('RAW_농산물_11-12월'!$A:$A,F$56)) | G66: =IF(COUNTA('RAW_농산물_11-12월'!$A:$A)<=1,"",COUNTIFS('RAW_농산물_11-12월'!$A:$A,G$56)) | H66: =IF(COUNTA('RAW_농산물_11-12월'!$A:$A)<=1,"",COUNTIFS('RAW_농산물_11-12월'!$A:$A,H$56)) | I66: =IF(COUNTA('RAW_농산물_11-12월'!$A:$A)<=1,"",COUNTIFS('RAW_농산물_11-12월'!$A:$A,I$56)) | J66: =IF(COUNTA('RAW_농산물_11-12월'!$A:$A)<=1,"",COUNTIFS('RAW_농산물_11-12월'!$A:$A,J$56))
B67: ※ 업체수·상품수는 해당 월까지의 누적 기준입니다 (당월 신규분 아님).
B69: 2. 유통사 별 쿠폰 사용액
B70: 구분 | D70: 총 계 | E70: 네이버 | F70: 지마켓 | G70: 롯데ON | H70: 온누리마켓 | I70: 농가살리기 | J70: 오아시스
B71: 총 계 | D71: =IF(COUNT(E71:J71)=0,"",SUM(E71:J71)) -> 266369319 | E71: =IF(COUNT(E72:E76)=0,"",SUM(E72:E76)) -> 90643090 | F71: =IF(COUNT(F72:F76)=0,"",SUM(F72:F76)) -> 76647920 | G71: =IF(COUNT(G72:G76)=0,"",SUM(G72:G76)) -> 52129220 | H71: =IF(COUNT(H72:H76)=0,"",SUM(H72:H76)) -> 15501100 | I71: =IF(COUNT(I72:I76)=0,"",SUM(I72:I76)) -> 15599960 | J71: =IF(COUNT(J72:J76)=0,"",SUM(J72:J76)) -> 15848029
B72: 7월 | D72: =IF(COUNT(E72:J72)=0,"",SUM(E72:J72)) -> 163578655 | E72: =IF(COUNTA('RAW_농산물_7월'!$A:$A)<=1,"",SUMIFS('RAW_농산물_7월'!$H:$H,'RAW_농산물_7월'!$A:$A,E$70)) -> 50215680 | F72: =IF(COUNTA('RAW_농산물_7월'!$A:$A)<=1,"",SUMIFS('RAW_농산물_7월'!$H:$H,'RAW_농산물_7월'!$A:$A,F$70)) -> 46392390 | G72: =IF(COUNTA('RAW_농산물_7월'!$A:$A)<=1,"",SUMIFS('RAW_농산물_7월'!$H:$H,'RAW_농산물_7월'!$A:$A,G$70)) -> 40018660 | H72: =IF(COUNTA('RAW_농산물_7월'!$A:$A)<=1,"",SUMIFS('RAW_농산물_7월'!$H:$H,'RAW_농산물_7월'!$A:$A,H$70)) -> 7101680 | I72: =IF(COUNTA('RAW_농산물_7월'!$A:$A)<=1,"",SUMIFS('RAW_농산물_7월'!$H:$H,'RAW_농산물_7월'!$A:$A,I$70)) -> 11487420 | J72: =IF(COUNTA('RAW_농산물_7월'!$A:$A)<=1,"",SUMIFS('RAW_농산물_7월'!$H:$H,'RAW_농산물_7월'!$A:$A,J$70)) -> 8362825
B73: 8월 | D73: =IF(COUNT(E73:J73)=0,"",SUM(E73:J73)) -> 102790664 | E73: =IF(COUNTA('RAW_농산물_8월'!$A:$A)<=1,"",SUMIFS('RAW_농산물_8월'!$H:$H,'RAW_농산물_8월'!$A:$A,E$70)-SUMIFS('RAW_농산물_7월'!$H:$H,'RAW_농산물_7월'!$A:$A,E$70)) -> 40427410 | F73: =IF(COUNTA('RAW_농산물_8월'!$A:$A)<=1,"",SUMIFS('RAW_농산물_8월'!$H:$H,'RAW_농산물_8월'!$A:$A,F$70)-SUMIFS('RAW_농산물_7월'!$H:$H,'RAW_농산물_7월'!$A:$A,F$70)) -> 30255530 | G73: =IF(COUNTA('RAW_농산물_8월'!$A:$A)<=1,"",SUMIFS('RAW_농산물_8월'!$H:$H,'RAW_농산물_8월'!$A:$A,G$70)-SUMIFS('RAW_농산물_7월'!$H:$H,'RAW_농산물_7월'!$A:$A,G$70)) -> 12110560 | H73: =IF(COUNTA('RAW_농산물_8월'!$A:$A)<=1,"",SUMIFS('RAW_농산물_8월'!$H:$H,'RAW_농산물_8월'!$A:$A,H$70)-SUMIFS('RAW_농산물_7월'!$H:$H,'RAW_농산물_7월'!$A:$A,H$70)) -> 8399420 | I73: =IF(COUNTA('RAW_농산물_8월'!$A:$A)<=1,"",SUMIFS('RAW_농산물_8월'!$H:$H,'RAW_농산물_8월'!$A:$A,I$70)-SUMIFS('RAW_농산물_7월'!$H:$H,'RAW_농산물_7월'!$A:$A,I$70)) -> 4112540 | J73: =IF(COUNTA('RAW_농산물_8월'!$A:$A)<=1,"",SUMIFS('RAW_농산물_8월'!$H:$H,'RAW_농산물_8월'!$A:$A,J$70)-SUMIFS('RAW_농산물_7월'!$H:$H,'RAW_농산물_7월'!$A:$A,J$70)) -> 7485204
B74: 9월 | D74: =IF(COUNT(E74:J74)=0,"",SUM(E74:J74)) | E74: =IF(COUNTA('RAW_농산물_9월'!$A:$A)<=1,"",SUMIFS('RAW_농산물_9월'!$H:$H,'RAW_농산물_9월'!$A:$A,E$70)-SUMIFS('RAW_농산물_8월'!$H:$H,'RAW_농산물_8월'!$A:$A,E$70)) | F74: =IF(COUNTA('RAW_농산물_9월'!$A:$A)<=1,"",SUMIFS('RAW_농산물_9월'!$H:$H,'RAW_농산물_9월'!$A:$A,F$70)-SUMIFS('RAW_농산물_8월'!$H:$H,'RAW_농산물_8월'!$A:$A,F$70)) | G74: =IF(COUNTA('RAW_농산물_9월'!$A:$A)<=1,"",SUMIFS('RAW_농산물_9월'!$H:$H,'RAW_농산물_9월'!$A:$A,G$70)-SUMIFS('RAW_농산물_8월'!$H:$H,'RAW_농산물_8월'!$A:$A,G$70)) | H74: =IF(COUNTA('RAW_농산물_9월'!$A:$A)<=1,"",SUMIFS('RAW_농산물_9월'!$H:$H,'RAW_농산물_9월'!$A:$A,H$70)-SUMIFS('RAW_농산물_8월'!$H:$H,'RAW_농산물_8월'!$A:$A,H$70)) | I74: =IF(COUNTA('RAW_농산물_9월'!$A:$A)<=1,"",SUMIFS('RAW_농산물_9월'!$H:$H,'RAW_농산물_9월'!$A:$A,I$70)-SUMIFS('RAW_농산물_8월'!$H:$H,'RAW_농산물_8월'!$A:$A,I$70)) | J74: =IF(COUNTA('RAW_농산물_9월'!$A:$A)<=1,"",SUMIFS('RAW_농산물_9월'!$H:$H,'RAW_농산물_9월'!$A:$A,J$70)-SUMIFS('RAW_농산물_8월'!$H:$H,'RAW_농산물_8월'!$A:$A,J$70))
B75: 10월 | D75: =IF(COUNT(E75:J75)=0,"",SUM(E75:J75)) | E75: =IF(COUNTA('RAW_농산물_10월'!$A:$A)<=1,"",SUMIFS('RAW_농산물_10월'!$H:$H,'RAW_농산물_10월'!$A:$A,E$70)-SUMIFS('RAW_농산물_9월'!$H:$H,'RAW_농산물_9월'!$A:$A,E$70)) | F75: =IF(COUNTA('RAW_농산물_10월'!$A:$A)<=1,"",SUMIFS('RAW_농산물_10월'!$H:$H,'RAW_농산물_10월'!$A:$A,F$70)-SUMIFS('RAW_농산물_9월'!$H:$H,'RAW_농산물_9월'!$A:$A,F$70)) | G75: =IF(COUNTA('RAW_농산물_10월'!$A:$A)<=1,"",SUMIFS('RAW_농산물_10월'!$H:$H,'RAW_농산물_10월'!$A:$A,G$70)-SUMIFS('RAW_농산물_9월'!$H:$H,'RAW_농산물_9월'!$A:$A,G$70)) | H75: =IF(COUNTA('RAW_농산물_10월'!$A:$A)<=1,"",SUMIFS('RAW_농산물_10월'!$H:$H,'RAW_농산물_10월'!$A:$A,H$70)-SUMIFS('RAW_농산물_9월'!$H:$H,'RAW_농산물_9월'!$A:$A,H$70)) | I75: =IF(COUNTA('RAW_농산물_10월'!$A:$A)<=1,"",SUMIFS('RAW_농산물_10월'!$H:$H,'RAW_농산물_10월'!$A:$A,I$70)-SUMIFS('RAW_농산물_9월'!$H:$H,'RAW_농산물_9월'!$A:$A,I$70)) | J75: =IF(COUNTA('RAW_농산물_10월'!$A:$A)<=1,"",SUMIFS('RAW_농산물_10월'!$H:$H,'RAW_농산물_10월'!$A:$A,J$70)-SUMIFS('RAW_농산물_9월'!$H:$H,'RAW_농산물_9월'!$A:$A,J$70))
B76: 11~12월 | D76: =IF(COUNT(E76:J76)=0,"",SUM(E76:J76)) | E76: =IF(COUNTA('RAW_농산물_11-12월'!$A:$A)<=1,"",SUMIFS('RAW_농산물_11-12월'!$H:$H,'RAW_농산물_11-12월'!$A:$A,E$70)-SUMIFS('RAW_농산물_10월'!$H:$H,'RAW_농산물_10월'!$A:$A,E$70)) | F76: =IF(COUNTA('RAW_농산물_11-12월'!$A:$A)<=1,"",SUMIFS('RAW_농산물_11-12월'!$H:$H,'RAW_농산물_11-12월'!$A:$A,F$70)-SUMIFS('RAW_농산물_10월'!$H:$H,'RAW_농산물_10월'!$A:$A,F$70)) | G76: =IF(COUNTA('RAW_농산물_11-12월'!$A:$A)<=1,"",SUMIFS('RAW_농산물_11-12월'!$H:$H,'RAW_농산물_11-12월'!$A:$A,G$70)-SUMIFS('RAW_농산물_10월'!$H:$H,'RAW_농산물_10월'!$A:$A,G$70)) | H76: =IF(COUNTA('RAW_농산물_11-12월'!$A:$A)<=1,"",SUMIFS('RAW_농산물_11-12월'!$H:$H,'RAW_농산물_11-12월'!$A:$A,H$70)-SUMIFS('RAW_농산물_10월'!$H:$H,'RAW_농산물_10월'!$A:$A,H$70)) | I76: =IF(COUNTA('RAW_농산물_11-12월'!$A:$A)<=1,"",SUMIFS('RAW_농산물_11-12월'!$H:$H,'RAW_농산물_11-12월'!$A:$A,I$70)-SUMIFS('RAW_농산물_10월'!$H:$H,'RAW_농산물_10월'!$A:$A,I$70)) | J76: =IF(COUNTA('RAW_농산물_11-12월'!$A:$A)<=1,"",SUMIFS('RAW_농산물_11-12월'!$H:$H,'RAW_농산물_11-12월'!$A:$A,J$70)-SUMIFS('RAW_농산물_10월'!$H:$H,'RAW_농산물_10월'!$A:$A,J$70))
B77: 쿠폰 배정액 | D77: =IF(COUNT(E77:J77)=0,"",SUM(E77:J77)) -> 700000000 | E77: 250000000 | F77: 175000000 | G77: 115000000 | H77: 60000000 | I77: 40000000 | J77: 60000000
B78: 잔여금액 | D78: =IF(COUNT(E78:J78)=0,"",SUM(E78:J78)) -> 433630681 | E78: =IF(E71="",E77,E77-E71) -> 159356910 | F78: =IF(F71="",F77,F77-F71) -> 98352080 | G78: =IF(G71="",G77,G77-G71) -> 62870780 | H78: =IF(H71="",H77,H77-H71) -> 44498900 | I78: =IF(I71="",I77,I77-I71) -> 24400040 | J78: =IF(J71="",J77,J77-J71) -> 44151971
B80: 3. 유통사 별 매출 분석
B81: 구분 | D81: 총 계 | E81: 네이버 | F81: 지마켓 | G81: 롯데ON | H81: 온누리마켓 | I81: 농가살리기 | J81: 오아시스
B82: 총 계 | D82: =IF(COUNT(E82:J82)=0,"",SUM(E82:J82)) -> 6227333500 | E82: =IF(COUNT(E83:E87)=0,"",SUM(E83:E87)) -> 2902192570 | F82: =IF(COUNT(F83:F87)=0,"",SUM(F83:F87)) -> 1348440770 | G82: =IF(COUNT(G83:G87)=0,"",SUM(G83:G87)) -> 344053620 | H82: =IF(COUNT(H83:H87)=0,"",SUM(H83:H87)) -> 100008000 | I82: =IF(COUNT(I83:I87)=0,"",SUM(I83:I87)) -> 470341670 | J82: =IF(COUNT(J83:J87)=0,"",SUM(J83:J87)) -> 1062296870
B83: 7월 | D83: =IF(COUNT(E83:J83)=0,"",SUM(E83:J83)) -> 2936214433 | E83: =IF(COUNTA('RAW_농산물_7월'!$A:$A)<=1,"",SUMIFS('RAW_농산물_7월'!$G:$G,'RAW_농산물_7월'!$A:$A,E$81)) -> 1148483700 | F83: =IF(COUNTA('RAW_농산물_7월'!$A:$A)<=1,"",SUMIFS('RAW_농산물_7월'!$G:$G,'RAW_농산물_7월'!$A:$A,F$81)) -> 770420430 | G83: =IF(COUNTA('RAW_농산물_7월'!$A:$A)<=1,"",SUMIFS('RAW_농산물_7월'!$G:$G,'RAW_농산물_7월'!$A:$A,G$81)) -> 261077210 | H83: =IF(COUNTA('RAW_농산물_7월'!$A:$A)<=1,"",SUMIFS('RAW_농산물_7월'!$G:$G,'RAW_농산물_7월'!$A:$A,H$81)) -> 46371200 | I83: =IF(COUNTA('RAW_농산물_7월'!$A:$A)<=1,"",SUMIFS('RAW_농산물_7월'!$G:$G,'RAW_농산물_7월'!$A:$A,I$81)) -> 223305203 | J83: =IF(COUNTA('RAW_농산물_7월'!$A:$A)<=1,"",SUMIFS('RAW_농산물_7월'!$G:$G,'RAW_농산물_7월'!$A:$A,J$81)) -> 486556690
B84: 8월 | D84: =IF(COUNT(E84:J84)=0,"",SUM(E84:J84)) -> 3291119067 | E84: =IF(COUNTA('RAW_농산물_8월'!$A:$A)<=1,"",SUMIFS('RAW_농산물_8월'!$G:$G,'RAW_농산물_8월'!$A:$A,E$81)-SUMIFS('RAW_농산물_7월'!$G:$G,'RAW_농산물_7월'!$A:$A,E$81)) -> 1753708870 | F84: =IF(COUNTA('RAW_농산물_8월'!$A:$A)<=1,"",SUMIFS('RAW_농산물_8월'!$G:$G,'RAW_농산물_8월'!$A:$A,F$81)-SUMIFS('RAW_농산물_7월'!$G:$G,'RAW_농산물_7월'!$A:$A,F$81)) -> 578020340 | G84: =IF(COUNTA('RAW_농산물_8월'!$A:$A)<=1,"",SUMIFS('RAW_농산물_8월'!$G:$G,'RAW_농산물_8월'!$A:$A,G$81)-SUMIFS('RAW_농산물_7월'!$G:$G,'RAW_농산물_7월'!$A:$A,G$81)) -> 82976410 | H84: =IF(COUNTA('RAW_농산물_8월'!$A:$A)<=1,"",SUMIFS('RAW_농산물_8월'!$G:$G,'RAW_농산물_8월'!$A:$A,H$81)-SUMIFS('RAW_농산물_7월'!$G:$G,'RAW_농산물_7월'!$A:$A,H$81)) -> 53636800 | I84: =IF(COUNTA('RAW_농산물_8월'!$A:$A)<=1,"",SUMIFS('RAW_농산물_8월'!$G:$G,'RAW_농산물_8월'!$A:$A,I$81)-SUMIFS('RAW_농산물_7월'!$G:$G,'RAW_농산물_7월'!$A:$A,I$81)) -> 247036467 | J84: =IF(COUNTA('RAW_농산물_8월'!$A:$A)<=1,"",SUMIFS('RAW_농산물_8월'!$G:$G,'RAW_농산물_8월'!$A:$A,J$81)-SUMIFS('RAW_농산물_7월'!$G:$G,'RAW_농산물_7월'!$A:$A,J$81)) -> 575740180
B85: 9월 | D85: =IF(COUNT(E85:J85)=0,"",SUM(E85:J85)) | E85: =IF(COUNTA('RAW_농산물_9월'!$A:$A)<=1,"",SUMIFS('RAW_농산물_9월'!$G:$G,'RAW_농산물_9월'!$A:$A,E$81)-SUMIFS('RAW_농산물_8월'!$G:$G,'RAW_농산물_8월'!$A:$A,E$81)) | F85: =IF(COUNTA('RAW_농산물_9월'!$A:$A)<=1,"",SUMIFS('RAW_농산물_9월'!$G:$G,'RAW_농산물_9월'!$A:$A,F$81)-SUMIFS('RAW_농산물_8월'!$G:$G,'RAW_농산물_8월'!$A:$A,F$81)) | G85: =IF(COUNTA('RAW_농산물_9월'!$A:$A)<=1,"",SUMIFS('RAW_농산물_9월'!$G:$G,'RAW_농산물_9월'!$A:$A,G$81)-SUMIFS('RAW_농산물_8월'!$G:$G,'RAW_농산물_8월'!$A:$A,G$81)) | H85: =IF(COUNTA('RAW_농산물_9월'!$A:$A)<=1,"",SUMIFS('RAW_농산물_9월'!$G:$G,'RAW_농산물_9월'!$A:$A,H$81)-SUMIFS('RAW_농산물_8월'!$G:$G,'RAW_농산물_8월'!$A:$A,H$81)) | I85: =IF(COUNTA('RAW_농산물_9월'!$A:$A)<=1,"",SUMIFS('RAW_농산물_9월'!$G:$G,'RAW_농산물_9월'!$A:$A,I$81)-SUMIFS('RAW_농산물_8월'!$G:$G,'RAW_농산물_8월'!$A:$A,I$81)) | J85: =IF(COUNTA('RAW_농산물_9월'!$A:$A)<=1,"",SUMIFS('RAW_농산물_9월'!$G:$G,'RAW_농산물_9월'!$A:$A,J$81)-SUMIFS('RAW_농산물_8월'!$G:$G,'RAW_농산물_8월'!$A:$A,J$81))
B86: 10월 | D86: =IF(COUNT(E86:J86)=0,"",SUM(E86:J86)) | E86: =IF(COUNTA('RAW_농산물_10월'!$A:$A)<=1,"",SUMIFS('RAW_농산물_10월'!$G:$G,'RAW_농산물_10월'!$A:$A,E$81)-SUMIFS('RAW_농산물_9월'!$G:$G,'RAW_농산물_9월'!$A:$A,E$81)) | F86: =IF(COUNTA('RAW_농산물_10월'!$A:$A)<=1,"",SUMIFS('RAW_농산물_10월'!$G:$G,'RAW_농산물_10월'!$A:$A,F$81)-SUMIFS('RAW_농산물_9월'!$G:$G,'RAW_농산물_9월'!$A:$A,F$81)) | G86: =IF(COUNTA('RAW_농산물_10월'!$A:$A)<=1,"",SUMIFS('RAW_농산물_10월'!$G:$G,'RAW_농산물_10월'!$A:$A,G$81)-SUMIFS('RAW_농산물_9월'!$G:$G,'RAW_농산물_9월'!$A:$A,G$81)) | H86: =IF(COUNTA('RAW_농산물_10월'!$A:$A)<=1,"",SUMIFS('RAW_농산물_10월'!$G:$G,'RAW_농산물_10월'!$A:$A,H$81)-SUMIFS('RAW_농산물_9월'!$G:$G,'RAW_농산물_9월'!$A:$A,H$81)) | I86: =IF(COUNTA('RAW_농산물_10월'!$A:$A)<=1,"",SUMIFS('RAW_농산물_10월'!$G:$G,'RAW_농산물_10월'!$A:$A,I$81)-SUMIFS('RAW_농산물_9월'!$G:$G,'RAW_농산물_9월'!$A:$A,I$81)) | J86: =IF(COUNTA('RAW_농산물_10월'!$A:$A)<=1,"",SUMIFS('RAW_농산물_10월'!$G:$G,'RAW_농산물_10월'!$A:$A,J$81)-SUMIFS('RAW_농산물_9월'!$G:$G,'RAW_농산물_9월'!$A:$A,J$81))
B87: 11~12월 | D87: =IF(COUNT(E87:J87)=0,"",SUM(E87:J87)) | E87: =IF(COUNTA('RAW_농산물_11-12월'!$A:$A)<=1,"",SUMIFS('RAW_농산물_11-12월'!$G:$G,'RAW_농산물_11-12월'!$A:$A,E$81)-SUMIFS('RAW_농산물_10월'!$G:$G,'RAW_농산물_10월'!$A:$A,E$81)) | F87: =IF(COUNTA('RAW_농산물_11-12월'!$A:$A)<=1,"",SUMIFS('RAW_농산물_11-12월'!$G:$G,'RAW_농산물_11-12월'!$A:$A,F$81)-SUMIFS('RAW_농산물_10월'!$G:$G,'RAW_농산물_10월'!$A:$A,F$81)) | G87: =IF(COUNTA('RAW_농산물_11-12월'!$A:$A)<=1,"",SUMIFS('RAW_농산물_11-12월'!$G:$G,'RAW_농산물_11-12월'!$A:$A,G$81)-SUMIFS('RAW_농산물_10월'!$G:$G,'RAW_농산물_10월'!$A:$A,G$81)) | H87: =IF(COUNTA('RAW_농산물_11-12월'!$A:$A)<=1,"",SUMIFS('RAW_농산물_11-12월'!$G:$G,'RAW_농산물_11-12월'!$A:$A,H$81)-SUMIFS('RAW_농산물_10월'!$G:$G,'RAW_농산물_10월'!$A:$A,H$81)) | I87: =IF(COUNTA('RAW_농산물_11-12월'!$A:$A)<=1,"",SUMIFS('RAW_농산물_11-12월'!$G:$G,'RAW_농산물_11-12월'!$A:$A,I$81)-SUMIFS('RAW_농산물_10월'!$G:$G,'RAW_농산물_10월'!$A:$A,I$81)) | J87: =IF(COUNTA('RAW_농산물_11-12월'!$A:$A)<=1,"",SUMIFS('RAW_농산물_11-12월'!$G:$G,'RAW_농산물_11-12월'!$A:$A,J$81)-SUMIFS('RAW_농산물_10월'!$G:$G,'RAW_농산물_10월'!$A:$A,J$81))
B89: 4. 유통사 별 판매 건수
B90: 구분 | D90: 총 계 | E90: 네이버 | F90: 지마켓 | G90: 롯데ON | H90: 온누리마켓 | I90: 농가살리기 | J90: 오아시스
B91: 총 계 | D91: =IF(COUNT(E91:J91)=0,"",SUM(E91:J91)) -> 475218 | E91: =IF(COUNT(E92:E96)=0,"",SUM(E92:E96)) -> 108140 | F91: =IF(COUNT(F92:F96)=0,"",SUM(F92:F96)) -> 68093 | G91: =IF(COUNT(G92:G96)=0,"",SUM(G92:G96)) -> 13595 | H91: =IF(COUNT(H92:H96)=0,"",SUM(H92:H96)) -> 3100 | I91: =IF(COUNT(I92:I96)=0,"",SUM(I92:I96)) -> 30683 | J91: =IF(COUNT(J92:J96)=0,"",SUM(J92:J96)) -> 251607
B92: 7월 | D92: =IF(COUNT(E92:J92)=0,"",SUM(E92:J92)) -> 226559 | E92: =IF(COUNTA('RAW_농산물_7월'!$A:$A)<=1,"",SUMIFS('RAW_농산물_7월'!$F:$F,'RAW_농산물_7월'!$A:$A,E$90)) -> 39593 | F92: =IF(COUNTA('RAW_농산물_7월'!$A:$A)<=1,"",SUMIFS('RAW_농산물_7월'!$F:$F,'RAW_농산물_7월'!$A:$A,F$90)) -> 38640 | G92: =IF(COUNTA('RAW_농산물_7월'!$A:$A)<=1,"",SUMIFS('RAW_농산물_7월'!$F:$F,'RAW_농산물_7월'!$A:$A,G$90)) -> 11018 | H92: =IF(COUNTA('RAW_농산물_7월'!$A:$A)<=1,"",SUMIFS('RAW_농산물_7월'!$F:$F,'RAW_농산물_7월'!$A:$A,H$90)) -> 1296 | I92: =IF(COUNTA('RAW_농산물_7월'!$A:$A)<=1,"",SUMIFS('RAW_농산물_7월'!$F:$F,'RAW_농산물_7월'!$A:$A,I$90)) -> 14679 | J92: =IF(COUNTA('RAW_농산물_7월'!$A:$A)<=1,"",SUMIFS('RAW_농산물_7월'!$F:$F,'RAW_농산물_7월'!$A:$A,J$90)) -> 121333
B93: 8월 | D93: =IF(COUNT(E93:J93)=0,"",SUM(E93:J93)) -> 248659 | E93: =IF(COUNTA('RAW_농산물_8월'!$A:$A)<=1,"",SUMIFS('RAW_농산물_8월'!$F:$F,'RAW_농산물_8월'!$A:$A,E$90)-SUMIFS('RAW_농산물_7월'!$F:$F,'RAW_농산물_7월'!$A:$A,E$90)) -> 68547 | F93: =IF(COUNTA('RAW_농산물_8월'!$A:$A)<=1,"",SUMIFS('RAW_농산물_8월'!$F:$F,'RAW_농산물_8월'!$A:$A,F$90)-SUMIFS('RAW_농산물_7월'!$F:$F,'RAW_농산물_7월'!$A:$A,F$90)) -> 29453 | G93: =IF(COUNTA('RAW_농산물_8월'!$A:$A)<=1,"",SUMIFS('RAW_농산물_8월'!$F:$F,'RAW_농산물_8월'!$A:$A,G$90)-SUMIFS('RAW_농산물_7월'!$F:$F,'RAW_농산물_7월'!$A:$A,G$90)) -> 2577 | H93: =IF(COUNTA('RAW_농산물_8월'!$A:$A)<=1,"",SUMIFS('RAW_농산물_8월'!$F:$F,'RAW_농산물_8월'!$A:$A,H$90)-SUMIFS('RAW_농산물_7월'!$F:$F,'RAW_농산물_7월'!$A:$A,H$90)) -> 1804 | I93: =IF(COUNTA('RAW_농산물_8월'!$A:$A)<=1,"",SUMIFS('RAW_농산물_8월'!$F:$F,'RAW_농산물_8월'!$A:$A,I$90)-SUMIFS('RAW_농산물_7월'!$F:$F,'RAW_농산물_7월'!$A:$A,I$90)) -> 16004 | J93: =IF(COUNTA('RAW_농산물_8월'!$A:$A)<=1,"",SUMIFS('RAW_농산물_8월'!$F:$F,'RAW_농산물_8월'!$A:$A,J$90)-SUMIFS('RAW_농산물_7월'!$F:$F,'RAW_농산물_7월'!$A:$A,J$90)) -> 130274
B94: 9월 | D94: =IF(COUNT(E94:J94)=0,"",SUM(E94:J94)) | E94: =IF(COUNTA('RAW_농산물_9월'!$A:$A)<=1,"",SUMIFS('RAW_농산물_9월'!$F:$F,'RAW_농산물_9월'!$A:$A,E$90)-SUMIFS('RAW_농산물_8월'!$F:$F,'RAW_농산물_8월'!$A:$A,E$90)) | F94: =IF(COUNTA('RAW_농산물_9월'!$A:$A)<=1,"",SUMIFS('RAW_농산물_9월'!$F:$F,'RAW_농산물_9월'!$A:$A,F$90)-SUMIFS('RAW_농산물_8월'!$F:$F,'RAW_농산물_8월'!$A:$A,F$90)) | G94: =IF(COUNTA('RAW_농산물_9월'!$A:$A)<=1,"",SUMIFS('RAW_농산물_9월'!$F:$F,'RAW_농산물_9월'!$A:$A,G$90)-SUMIFS('RAW_농산물_8월'!$F:$F,'RAW_농산물_8월'!$A:$A,G$90)) | H94: =IF(COUNTA('RAW_농산물_9월'!$A:$A)<=1,"",SUMIFS('RAW_농산물_9월'!$F:$F,'RAW_농산물_9월'!$A:$A,H$90)-SUMIFS('RAW_농산물_8월'!$F:$F,'RAW_농산물_8월'!$A:$A,H$90)) | I94: =IF(COUNTA('RAW_농산물_9월'!$A:$A)<=1,"",SUMIFS('RAW_농산물_9월'!$F:$F,'RAW_농산물_9월'!$A:$A,I$90)-SUMIFS('RAW_농산물_8월'!$F:$F,'RAW_농산물_8월'!$A:$A,I$90)) | J94: =IF(COUNTA('RAW_농산물_9월'!$A:$A)<=1,"",SUMIFS('RAW_농산물_9월'!$F:$F,'RAW_농산물_9월'!$A:$A,J$90)-SUMIFS('RAW_농산물_8월'!$F:$F,'RAW_농산물_8월'!$A:$A,J$90))
B95: 10월 | D95: =IF(COUNT(E95:J95)=0,"",SUM(E95:J95)) | E95: =IF(COUNTA('RAW_농산물_10월'!$A:$A)<=1,"",SUMIFS('RAW_농산물_10월'!$F:$F,'RAW_농산물_10월'!$A:$A,E$90)-SUMIFS('RAW_농산물_9월'!$F:$F,'RAW_농산물_9월'!$A:$A,E$90)) | F95: =IF(COUNTA('RAW_농산물_10월'!$A:$A)<=1,"",SUMIFS('RAW_농산물_10월'!$F:$F,'RAW_농산물_10월'!$A:$A,F$90)-SUMIFS('RAW_농산물_9월'!$F:$F,'RAW_농산물_9월'!$A:$A,F$90)) | G95: =IF(COUNTA('RAW_농산물_10월'!$A:$A)<=1,"",SUMIFS('RAW_농산물_10월'!$F:$F,'RAW_농산물_10월'!$A:$A,G$90)-SUMIFS('RAW_농산물_9월'!$F:$F,'RAW_농산물_9월'!$A:$A,G$90)) | H95: =IF(COUNTA('RAW_농산물_10월'!$A:$A)<=1,"",SUMIFS('RAW_농산물_10월'!$F:$F,'RAW_농산물_10월'!$A:$A,H$90)-SUMIFS('RAW_농산물_9월'!$F:$F,'RAW_농산물_9월'!$A:$A,H$90)) | I95: =IF(COUNTA('RAW_농산물_10월'!$A:$A)<=1,"",SUMIFS('RAW_농산물_10월'!$F:$F,'RAW_농산물_10월'!$A:$A,I$90)-SUMIFS('RAW_농산물_9월'!$F:$F,'RAW_농산물_9월'!$A:$A,I$90)) | J95: =IF(COUNTA('RAW_농산물_10월'!$A:$A)<=1,"",SUMIFS('RAW_농산물_10월'!$F:$F,'RAW_농산물_10월'!$A:$A,J$90)-SUMIFS('RAW_농산물_9월'!$F:$F,'RAW_농산물_9월'!$A:$A,J$90))
B96: 11~12월 | D96: =IF(COUNT(E96:J96)=0,"",SUM(E96:J96)) | E96: =IF(COUNTA('RAW_농산물_11-12월'!$A:$A)<=1,"",SUMIFS('RAW_농산물_11-12월'!$F:$F,'RAW_농산물_11-12월'!$A:$A,E$90)-SUMIFS('RAW_농산물_10월'!$F:$F,'RAW_농산물_10월'!$A:$A,E$90)) | F96: =IF(COUNTA('RAW_농산물_11-12월'!$A:$A)<=1,"",SUMIFS('RAW_농산물_11-12월'!$F:$F,'RAW_농산물_11-12월'!$A:$A,F$90)-SUMIFS('RAW_농산물_10월'!$F:$F,'RAW_농산물_10월'!$A:$A,F$90)) | G96: =IF(COUNTA('RAW_농산물_11-12월'!$A:$A)<=1,"",SUMIFS('RAW_농산물_11-12월'!$F:$F,'RAW_농산물_11-12월'!$A:$A,G$90)-SUMIFS('RAW_농산물_10월'!$F:$F,'RAW_농산물_10월'!$A:$A,G$90)) | H96: =IF(COUNTA('RAW_농산물_11-12월'!$A:$A)<=1,"",SUMIFS('RAW_농산물_11-12월'!$F:$F,'RAW_농산물_11-12월'!$A:$A,H$90)-SUMIFS('RAW_농산물_10월'!$F:$F,'RAW_농산물_10월'!$A:$A,H$90)) | I96: =IF(COUNTA('RAW_농산물_11-12월'!$A:$A)<=1,"",SUMIFS('RAW_농산물_11-12월'!$F:$F,'RAW_농산물_11-12월'!$A:$A,I$90)-SUMIFS('RAW_농산물_10월'!$F:$F,'RAW_농산물_10월'!$A:$A,I$90)) | J96: =IF(COUNTA('RAW_농산물_11-12월'!$A:$A)<=1,"",SUMIFS('RAW_농산물_11-12월'!$F:$F,'RAW_농산물_11-12월'!$A:$A,J$90)-SUMIFS('RAW_농산물_10월'!$F:$F,'RAW_농산물_10월'!$A:$A,J$90))
B98: 5. 유통사별 품목별 쿠폰 사용액
B99: 품목 | C99: 구분 | D99: 총 계 | E99: 네이버 | F99: 지마켓 | G99: 롯데ON | H99: 온누리마켓 | I99: 농가살리기 | J99: 오아시스
B100: 총 계 | D100: =IF(COUNT(E100:J100)=0,"",SUM(E100:J100)) -> 266369319 | E100: =IF(COUNT(E101,E107,E113)=0,"",SUM(E101,E107,E113)) -> 90643090 | F100: =IF(COUNT(F101,F107,F113)=0,"",SUM(F101,F107,F113)) -> 76647920 | G100: =IF(COUNT(G101,G107,G113)=0,"",SUM(G101,G107,G113)) -> 52129220 | H100: =IF(COUNT(H101,H107,H113)=0,"",SUM(H101,H107,H113)) -> 15501100 | I100: =IF(COUNT(I101,I107,I113)=0,"",SUM(I101,I107,I113)) -> 15599960 | J100: =IF(COUNT(J101,J107,J113)=0,"",SUM(J101,J107,J113)) -> 15848029
B101: 농산물 | C101: 소 계 | D101: =IF(COUNT(E101:J101)=0,"",SUM(E101:J101)) -> 138762093 | E101: =IF(COUNT(E102:E106)=0,"",SUM(E102:E106)) -> 49239490 | F101: =IF(COUNT(F102:F106)=0,"",SUM(F102:F106)) -> 44507910 | G101: =IF(COUNT(G102:G106)=0,"",SUM(G102:G106)) -> 18790700 | H101: =IF(COUNT(H102:H106)=0,"",SUM(H102:H106)) -> 13890839 | I101: =IF(COUNT(I102:I106)=0,"",SUM(I102:I106)) -> 6040540 | J101: =IF(COUNT(J102:J106)=0,"",SUM(J102:J106)) -> 6292614
C102: 7월 | D102: =IF(COUNT(E102:J102)=0,"",SUM(E102:J102)) -> 88214730 | E102: =IF(COUNTA('RAW_농산물_7월'!$A:$A)<=1,"",SUMIFS('RAW_농산물_7월'!$H:$H,'RAW_농산물_7월'!$A:$A,E$99,'RAW_농산물_7월'!$B:$B,$B101)) -> 27411390 | F102: =IF(COUNTA('RAW_농산물_7월'!$A:$A)<=1,"",SUMIFS('RAW_농산물_7월'!$H:$H,'RAW_농산물_7월'!$A:$A,F$99,'RAW_농산물_7월'!$B:$B,$B101)) -> 29588620 | G102: =IF(COUNTA('RAW_농산물_7월'!$A:$A)<=1,"",SUMIFS('RAW_농산물_7월'!$H:$H,'RAW_농산물_7월'!$A:$A,G$99,'RAW_농산물_7월'!$B:$B,$B101)) -> 16467420 | H102: =IF(COUNTA('RAW_농산물_7월'!$A:$A)<=1,"",SUMIFS('RAW_농산물_7월'!$H:$H,'RAW_농산물_7월'!$A:$A,H$99,'RAW_농산물_7월'!$B:$B,$B101)) -> 6561353 | I102: =IF(COUNTA('RAW_농산물_7월'!$A:$A)<=1,"",SUMIFS('RAW_농산물_7월'!$H:$H,'RAW_농산물_7월'!$A:$A,I$99,'RAW_농산물_7월'!$B:$B,$B101)) -> 3731960 | J102: =IF(COUNTA('RAW_농산물_7월'!$A:$A)<=1,"",SUMIFS('RAW_농산물_7월'!$H:$H,'RAW_농산물_7월'!$A:$A,J$99,'RAW_농산물_7월'!$B:$B,$B101)) -> 4453987
C103: 8월 | D103: =IF(COUNT(E103:J103)=0,"",SUM(E103:J103)) -> 50547363 | E103: =IF(COUNTA('RAW_농산물_8월'!$A:$A)<=1,"",SUMIFS('RAW_농산물_8월'!$H:$H,'RAW_농산물_8월'!$A:$A,E$99,'RAW_농산물_8월'!$B:$B,$B101)-SUMIFS('RAW_농산물_7월'!$H:$H,'RAW_농산물_7월'!$A:$A,E$99,'RAW_농산물_7월'!$B:$B,$B101)) -> 21828100 | F103: =IF(COUNTA('RAW_농산물_8월'!$A:$A)<=1,"",SUMIFS('RAW_농산물_8월'!$H:$H,'RAW_농산물_8월'!$A:$A,F$99,'RAW_농산물_8월'!$B:$B,$B101)-SUMIFS('RAW_농산물_7월'!$H:$H,'RAW_농산물_7월'!$A:$A,F$99,'RAW_농산물_7월'!$B:$B,$B101)) -> 14919290 | G103: =IF(COUNTA('RAW_농산물_8월'!$A:$A)<=1,"",SUMIFS('RAW_농산물_8월'!$H:$H,'RAW_농산물_8월'!$A:$A,G$99,'RAW_농산물_8월'!$B:$B,$B101)-SUMIFS('RAW_농산물_7월'!$H:$H,'RAW_농산물_7월'!$A:$A,G$99,'RAW_농산물_7월'!$B:$B,$B101)) -> 2323280 | H103: =IF(COUNTA('RAW_농산물_8월'!$A:$A)<=1,"",SUMIFS('RAW_농산물_8월'!$H:$H,'RAW_농산물_8월'!$A:$A,H$99,'RAW_농산물_8월'!$B:$B,$B101)-SUMIFS('RAW_농산물_7월'!$H:$H,'RAW_농산물_7월'!$A:$A,H$99,'RAW_농산물_7월'!$B:$B,$B101)) -> 7329486 | I103: =IF(COUNTA('RAW_농산물_8월'!$A:$A)<=1,"",SUMIFS('RAW_농산물_8월'!$H:$H,'RAW_농산물_8월'!$A:$A,I$99,'RAW_농산물_8월'!$B:$B,$B101)-SUMIFS('RAW_농산물_7월'!$H:$H,'RAW_농산물_7월'!$A:$A,I$99,'RAW_농산물_7월'!$B:$B,$B101)) -> 2308580 | J103: =IF(COUNTA('RAW_농산물_8월'!$A:$A)<=1,"",SUMIFS('RAW_농산물_8월'!$H:$H,'RAW_농산물_8월'!$A:$A,J$99,'RAW_농산물_8월'!$B:$B,$B101)-SUMIFS('RAW_농산물_7월'!$H:$H,'RAW_농산물_7월'!$A:$A,J$99,'RAW_농산물_7월'!$B:$B,$B101)) -> 1838627
C104: 9월 | D104: =IF(COUNT(E104:J104)=0,"",SUM(E104:J104)) | E104: =IF(COUNTA('RAW_농산물_9월'!$A:$A)<=1,"",SUMIFS('RAW_농산물_9월'!$H:$H,'RAW_농산물_9월'!$A:$A,E$99,'RAW_농산물_9월'!$B:$B,$B101)-SUMIFS('RAW_농산물_8월'!$H:$H,'RAW_농산물_8월'!$A:$A,E$99,'RAW_농산물_8월'!$B:$B,$B101)) | F104: =IF(COUNTA('RAW_농산물_9월'!$A:$A)<=1,"",SUMIFS('RAW_농산물_9월'!$H:$H,'RAW_농산물_9월'!$A:$A,F$99,'RAW_농산물_9월'!$B:$B,$B101)-SUMIFS('RAW_농산물_8월'!$H:$H,'RAW_농산물_8월'!$A:$A,F$99,'RAW_농산물_8월'!$B:$B,$B101)) | G104: =IF(COUNTA('RAW_농산물_9월'!$A:$A)<=1,"",SUMIFS('RAW_농산물_9월'!$H:$H,'RAW_농산물_9월'!$A:$A,G$99,'RAW_농산물_9월'!$B:$B,$B101)-SUMIFS('RAW_농산물_8월'!$H:$H,'RAW_농산물_8월'!$A:$A,G$99,'RAW_농산물_8월'!$B:$B,$B101)) | H104: =IF(COUNTA('RAW_농산물_9월'!$A:$A)<=1,"",SUMIFS('RAW_농산물_9월'!$H:$H,'RAW_농산물_9월'!$A:$A,H$99,'RAW_농산물_9월'!$B:$B,$B101)-SUMIFS('RAW_농산물_8월'!$H:$H,'RAW_농산물_8월'!$A:$A,H$99,'RAW_농산물_8월'!$B:$B,$B101)) | I104: =IF(COUNTA('RAW_농산물_9월'!$A:$A)<=1,"",SUMIFS('RAW_농산물_9월'!$H:$H,'RAW_농산물_9월'!$A:$A,I$99,'RAW_농산물_9월'!$B:$B,$B101)-SUMIFS('RAW_농산물_8월'!$H:$H,'RAW_농산물_8월'!$A:$A,I$99,'RAW_농산물_8월'!$B:$B,$B101)) | J104: =IF(COUNTA('RAW_농산물_9월'!$A:$A)<=1,"",SUMIFS('RAW_농산물_9월'!$H:$H,'RAW_농산물_9월'!$A:$A,J$99,'RAW_농산물_9월'!$B:$B,$B101)-SUMIFS('RAW_농산물_8월'!$H:$H,'RAW_농산물_8월'!$A:$A,J$99,'RAW_농산물_8월'!$B:$B,$B101))
C105: 10월 | D105: =IF(COUNT(E105:J105)=0,"",SUM(E105:J105)) | E105: =IF(COUNTA('RAW_농산물_10월'!$A:$A)<=1,"",SUMIFS('RAW_농산물_10월'!$H:$H,'RAW_농산물_10월'!$A:$A,E$99,'RAW_농산물_10월'!$B:$B,$B101)-SUMIFS('RAW_농산물_9월'!$H:$H,'RAW_농산물_9월'!$A:$A,E$99,'RAW_농산물_9월'!$B:$B,$B101)) | F105: =IF(COUNTA('RAW_농산물_10월'!$A:$A)<=1,"",SUMIFS('RAW_농산물_10월'!$H:$H,'RAW_농산물_10월'!$A:$A,F$99,'RAW_농산물_10월'!$B:$B,$B101)-SUMIFS('RAW_농산물_9월'!$H:$H,'RAW_농산물_9월'!$A:$A,F$99,'RAW_농산물_9월'!$B:$B,$B101)) | G105: =IF(COUNTA('RAW_농산물_10월'!$A:$A)<=1,"",SUMIFS('RAW_농산물_10월'!$H:$H,'RAW_농산물_10월'!$A:$A,G$99,'RAW_농산물_10월'!$B:$B,$B101)-SUMIFS('RAW_농산물_9월'!$H:$H,'RAW_농산물_9월'!$A:$A,G$99,'RAW_농산물_9월'!$B:$B,$B101)) | H105: =IF(COUNTA('RAW_농산물_10월'!$A:$A)<=1,"",SUMIFS('RAW_농산물_10월'!$H:$H,'RAW_농산물_10월'!$A:$A,H$99,'RAW_농산물_10월'!$B:$B,$B101)-SUMIFS('RAW_농산물_9월'!$H:$H,'RAW_농산물_9월'!$A:$A,H$99,'RAW_농산물_9월'!$B:$B,$B101)) | I105: =IF(COUNTA('RAW_농산물_10월'!$A:$A)<=1,"",SUMIFS('RAW_농산물_10월'!$H:$H,'RAW_농산물_10월'!$A:$A,I$99,'RAW_농산물_10월'!$B:$B,$B101)-SUMIFS('RAW_농산물_9월'!$H:$H,'RAW_농산물_9월'!$A:$A,I$99,'RAW_농산물_9월'!$B:$B,$B101)) | J105: =IF(COUNTA('RAW_농산물_10월'!$A:$A)<=1,"",SUMIFS('RAW_농산물_10월'!$H:$H,'RAW_농산물_10월'!$A:$A,J$99,'RAW_농산물_10월'!$B:$B,$B101)-SUMIFS('RAW_농산물_9월'!$H:$H,'RAW_농산물_9월'!$A:$A,J$99,'RAW_농산물_9월'!$B:$B,$B101))
C106: 11~12월 | D106: =IF(COUNT(E106:J106)=0,"",SUM(E106:J106)) | E106: =IF(COUNTA('RAW_농산물_11-12월'!$A:$A)<=1,"",SUMIFS('RAW_농산물_11-12월'!$H:$H,'RAW_농산물_11-12월'!$A:$A,E$99,'RAW_농산물_11-12월'!$B:$B,$B101)-SUMIFS('RAW_농산물_10월'!$H:$H,'RAW_농산물_10월'!$A:$A,E$99,'RAW_농산물_10월'!$B:$B,$B101)) | F106: =IF(COUNTA('RAW_농산물_11-12월'!$A:$A)<=1,"",SUMIFS('RAW_농산물_11-12월'!$H:$H,'RAW_농산물_11-12월'!$A:$A,F$99,'RAW_농산물_11-12월'!$B:$B,$B101)-SUMIFS('RAW_농산물_10월'!$H:$H,'RAW_농산물_10월'!$A:$A,F$99,'RAW_농산물_10월'!$B:$B,$B101)) | G106: =IF(COUNTA('RAW_농산물_11-12월'!$A:$A)<=1,"",SUMIFS('RAW_농산물_11-12월'!$H:$H,'RAW_농산물_11-12월'!$A:$A,G$99,'RAW_농산물_11-12월'!$B:$B,$B101)-SUMIFS('RAW_농산물_10월'!$H:$H,'RAW_농산물_10월'!$A:$A,G$99,'RAW_농산물_10월'!$B:$B,$B101)) | H106: =IF(COUNTA('RAW_농산물_11-12월'!$A:$A)<=1,"",SUMIFS('RAW_농산물_11-12월'!$H:$H,'RAW_농산물_11-12월'!$A:$A,H$99,'RAW_농산물_11-12월'!$B:$B,$B101)-SUMIFS('RAW_농산물_10월'!$H:$H,'RAW_농산물_10월'!$A:$A,H$99,'RAW_농산물_10월'!$B:$B,$B101)) | I106: =IF(COUNTA('RAW_농산물_11-12월'!$A:$A)<=1,"",SUMIFS('RAW_농산물_11-12월'!$H:$H,'RAW_농산물_11-12월'!$A:$A,I$99,'RAW_농산물_11-12월'!$B:$B,$B101)-SUMIFS('RAW_농산물_10월'!$H:$H,'RAW_농산물_10월'!$A:$A,I$99,'RAW_농산물_10월'!$B:$B,$B101)) | J106: =IF(COUNTA('RAW_농산물_11-12월'!$A:$A)<=1,"",SUMIFS('RAW_농산물_11-12월'!$H:$H,'RAW_농산물_11-12월'!$A:$A,J$99,'RAW_농산물_11-12월'!$B:$B,$B101)-SUMIFS('RAW_농산물_10월'!$H:$H,'RAW_농산물_10월'!$A:$A,J$99,'RAW_농산물_10월'!$B:$B,$B101))
B107: 축산물 | C107: 소 계 | D107: =IF(COUNT(E107:J107)=0,"",SUM(E107:J107)) -> 52329884 | E107: =IF(COUNT(E108:E112)=0,"",SUM(E108:E112)) -> 17926550 | F107: =IF(COUNT(F108:F112)=0,"",SUM(F108:F112)) -> 11023670 | G107: =IF(COUNT(G108:G112)=0,"",SUM(G108:G112)) -> 21130300 | H107: =IF(COUNT(H108:H112)=0,"",SUM(H108:H112)) -> 0 | I107: =IF(COUNT(I108:I112)=0,"",SUM(I108:I112)) -> 0 | J107: =IF(COUNT(J108:J112)=0,"",SUM(J108:J112)) -> 2249364
C108: 7월 | D108: =IF(COUNT(E108:J108)=0,"",SUM(E108:J108)) -> 38642350 | E108: =IF(COUNTA('RAW_농산물_7월'!$A:$A)<=1,"",SUMIFS('RAW_농산물_7월'!$H:$H,'RAW_농산물_7월'!$A:$A,E$99,'RAW_농산물_7월'!$B:$B,$B107)) -> 11905380 | F108: =IF(COUNTA('RAW_농산물_7월'!$A:$A)<=1,"",SUMIFS('RAW_농산물_7월'!$H:$H,'RAW_농산물_7월'!$A:$A,F$99,'RAW_농산물_7월'!$B:$B,$B107)) -> 7134250 | G108: =IF(COUNTA('RAW_농산물_7월'!$A:$A)<=1,"",SUMIFS('RAW_농산물_7월'!$H:$H,'RAW_농산물_7월'!$A:$A,G$99,'RAW_농산물_7월'!$B:$B,$B107)) -> 18410780 | H108: =IF(COUNTA('RAW_농산물_7월'!$A:$A)<=1,"",SUMIFS('RAW_농산물_7월'!$H:$H,'RAW_농산물_7월'!$A:$A,H$99,'RAW_농산물_7월'!$B:$B,$B107)) -> 0 | I108: =IF(COUNTA('RAW_농산물_7월'!$A:$A)<=1,"",SUMIFS('RAW_농산물_7월'!$H:$H,'RAW_농산물_7월'!$A:$A,I$99,'RAW_농산물_7월'!$B:$B,$B107)) -> 0 | J108: =IF(COUNTA('RAW_농산물_7월'!$A:$A)<=1,"",SUMIFS('RAW_농산물_7월'!$H:$H,'RAW_농산물_7월'!$A:$A,J$99,'RAW_농산물_7월'!$B:$B,$B107)) -> 1191940
C109: 8월 | D109: =IF(COUNT(E109:J109)=0,"",SUM(E109:J109)) -> 13687534 | E109: =IF(COUNTA('RAW_농산물_8월'!$A:$A)<=1,"",SUMIFS('RAW_농산물_8월'!$H:$H,'RAW_농산물_8월'!$A:$A,E$99,'RAW_농산물_8월'!$B:$B,$B107)-SUMIFS('RAW_농산물_7월'!$H:$H,'RAW_농산물_7월'!$A:$A,E$99,'RAW_농산물_7월'!$B:$B,$B107)) -> 6021170 | F109: =IF(COUNTA('RAW_농산물_8월'!$A:$A)<=1,"",SUMIFS('RAW_농산물_8월'!$H:$H,'RAW_농산물_8월'!$A:$A,F$99,'RAW_농산물_8월'!$B:$B,$B107)-SUMIFS('RAW_농산물_7월'!$H:$H,'RAW_농산물_7월'!$A:$A,F$99,'RAW_농산물_7월'!$B:$B,$B107)) -> 3889420 | G109: =IF(COUNTA('RAW_농산물_8월'!$A:$A)<=1,"",SUMIFS('RAW_농산물_8월'!$H:$H,'RAW_농산물_8월'!$A:$A,G$99,'RAW_농산물_8월'!$B:$B,$B107)-SUMIFS('RAW_농산물_7월'!$H:$H,'RAW_농산물_7월'!$A:$A,G$99,'RAW_농산물_7월'!$B:$B,$B107)) -> 2719520 | H109: =IF(COUNTA('RAW_농산물_8월'!$A:$A)<=1,"",SUMIFS('RAW_농산물_8월'!$H:$H,'RAW_농산물_8월'!$A:$A,H$99,'RAW_농산물_8월'!$B:$B,$B107)-SUMIFS('RAW_농산물_7월'!$H:$H,'RAW_농산물_7월'!$A:$A,H$99,'RAW_농산물_7월'!$B:$B,$B107)) -> 0 | I109: =IF(COUNTA('RAW_농산물_8월'!$A:$A)<=1,"",SUMIFS('RAW_농산물_8월'!$H:$H,'RAW_농산물_8월'!$A:$A,I$99,'RAW_농산물_8월'!$B:$B,$B107)-SUMIFS('RAW_농산물_7월'!$H:$H,'RAW_농산물_7월'!$A:$A,I$99,'RAW_농산물_7월'!$B:$B,$B107)) -> 0 | J109: =IF(COUNTA('RAW_농산물_8월'!$A:$A)<=1,"",SUMIFS('RAW_농산물_8월'!$H:$H,'RAW_농산물_8월'!$A:$A,J$99,'RAW_농산물_8월'!$B:$B,$B107)-SUMIFS('RAW_농산물_7월'!$H:$H,'RAW_농산물_7월'!$A:$A,J$99,'RAW_농산물_7월'!$B:$B,$B107)) -> 1057424
C110: 9월 | D110: =IF(COUNT(E110:J110)=0,"",SUM(E110:J110)) | E110: =IF(COUNTA('RAW_농산물_9월'!$A:$A)<=1,"",SUMIFS('RAW_농산물_9월'!$H:$H,'RAW_농산물_9월'!$A:$A,E$99,'RAW_농산물_9월'!$B:$B,$B107)-SUMIFS('RAW_농산물_8월'!$H:$H,'RAW_농산물_8월'!$A:$A,E$99,'RAW_농산물_8월'!$B:$B,$B107)) | F110: =IF(COUNTA('RAW_농산물_9월'!$A:$A)<=1,"",SUMIFS('RAW_농산물_9월'!$H:$H,'RAW_농산물_9월'!$A:$A,F$99,'RAW_농산물_9월'!$B:$B,$B107)-SUMIFS('RAW_농산물_8월'!$H:$H,'RAW_농산물_8월'!$A:$A,F$99,'RAW_농산물_8월'!$B:$B,$B107)) | G110: =IF(COUNTA('RAW_농산물_9월'!$A:$A)<=1,"",SUMIFS('RAW_농산물_9월'!$H:$H,'RAW_농산물_9월'!$A:$A,G$99,'RAW_농산물_9월'!$B:$B,$B107)-SUMIFS('RAW_농산물_8월'!$H:$H,'RAW_농산물_8월'!$A:$A,G$99,'RAW_농산물_8월'!$B:$B,$B107)) | H110: =IF(COUNTA('RAW_농산물_9월'!$A:$A)<=1,"",SUMIFS('RAW_농산물_9월'!$H:$H,'RAW_농산물_9월'!$A:$A,H$99,'RAW_농산물_9월'!$B:$B,$B107)-SUMIFS('RAW_농산물_8월'!$H:$H,'RAW_농산물_8월'!$A:$A,H$99,'RAW_농산물_8월'!$B:$B,$B107)) | I110: =IF(COUNTA('RAW_농산물_9월'!$A:$A)<=1,"",SUMIFS('RAW_농산물_9월'!$H:$H,'RAW_농산물_9월'!$A:$A,I$99,'RAW_농산물_9월'!$B:$B,$B107)-SUMIFS('RAW_농산물_8월'!$H:$H,'RAW_농산물_8월'!$A:$A,I$99,'RAW_농산물_8월'!$B:$B,$B107)) | J110: =IF(COUNTA('RAW_농산물_9월'!$A:$A)<=1,"",SUMIFS('RAW_농산물_9월'!$H:$H,'RAW_농산물_9월'!$A:$A,J$99,'RAW_농산물_9월'!$B:$B,$B107)-SUMIFS('RAW_농산물_8월'!$H:$H,'RAW_농산물_8월'!$A:$A,J$99,'RAW_농산물_8월'!$B:$B,$B107))
C111: 10월 | D111: =IF(COUNT(E111:J111)=0,"",SUM(E111:J111)) | E111: =IF(COUNTA('RAW_농산물_10월'!$A:$A)<=1,"",SUMIFS('RAW_농산물_10월'!$H:$H,'RAW_농산물_10월'!$A:$A,E$99,'RAW_농산물_10월'!$B:$B,$B107)-SUMIFS('RAW_농산물_9월'!$H:$H,'RAW_농산물_9월'!$A:$A,E$99,'RAW_농산물_9월'!$B:$B,$B107)) | F111: =IF(COUNTA('RAW_농산물_10월'!$A:$A)<=1,"",SUMIFS('RAW_농산물_10월'!$H:$H,'RAW_농산물_10월'!$A:$A,F$99,'RAW_농산물_10월'!$B:$B,$B107)-SUMIFS('RAW_농산물_9월'!$H:$H,'RAW_농산물_9월'!$A:$A,F$99,'RAW_농산물_9월'!$B:$B,$B107)) | G111: =IF(COUNTA('RAW_농산물_10월'!$A:$A)<=1,"",SUMIFS('RAW_농산물_10월'!$H:$H,'RAW_농산물_10월'!$A:$A,G$99,'RAW_농산물_10월'!$B:$B,$B107)-SUMIFS('RAW_농산물_9월'!$H:$H,'RAW_농산물_9월'!$A:$A,G$99,'RAW_농산물_9월'!$B:$B,$B107)) | H111: =IF(COUNTA('RAW_농산물_10월'!$A:$A)<=1,"",SUMIFS('RAW_농산물_10월'!$H:$H,'RAW_농산물_10월'!$A:$A,H$99,'RAW_농산물_10월'!$B:$B,$B107)-SUMIFS('RAW_농산물_9월'!$H:$H,'RAW_농산물_9월'!$A:$A,H$99,'RAW_농산물_9월'!$B:$B,$B107)) | I111: =IF(COUNTA('RAW_농산물_10월'!$A:$A)<=1,"",SUMIFS('RAW_농산물_10월'!$H:$H,'RAW_농산물_10월'!$A:$A,I$99,'RAW_농산물_10월'!$B:$B,$B107)-SUMIFS('RAW_농산물_9월'!$H:$H,'RAW_농산물_9월'!$A:$A,I$99,'RAW_농산물_9월'!$B:$B,$B107)) | J111: =IF(COUNTA('RAW_농산물_10월'!$A:$A)<=1,"",SUMIFS('RAW_농산물_10월'!$H:$H,'RAW_농산물_10월'!$A:$A,J$99,'RAW_농산물_10월'!$B:$B,$B107)-SUMIFS('RAW_농산물_9월'!$H:$H,'RAW_농산물_9월'!$A:$A,J$99,'RAW_농산물_9월'!$B:$B,$B107))
C112: 11~12월 | D112: =IF(COUNT(E112:J112)=0,"",SUM(E112:J112)) | E112: =IF(COUNTA('RAW_농산물_11-12월'!$A:$A)<=1,"",SUMIFS('RAW_농산물_11-12월'!$H:$H,'RAW_농산물_11-12월'!$A:$A,E$99,'RAW_농산물_11-12월'!$B:$B,$B107)-SUMIFS('RAW_농산물_10월'!$H:$H,'RAW_농산물_10월'!$A:$A,E$99,'RAW_농산물_10월'!$B:$B,$B107)) | F112: =IF(COUNTA('RAW_농산물_11-12월'!$A:$A)<=1,"",SUMIFS('RAW_농산물_11-12월'!$H:$H,'RAW_농산물_11-12월'!$A:$A,F$99,'RAW_농산물_11-12월'!$B:$B,$B107)-SUMIFS('RAW_농산물_10월'!$H:$H,'RAW_농산물_10월'!$A:$A,F$99,'RAW_농산물_10월'!$B:$B,$B107)) | G112: =IF(COUNTA('RAW_농산물_11-12월'!$A:$A)<=1,"",SUMIFS('RAW_농산물_11-12월'!$H:$H,'RAW_농산물_11-12월'!$A:$A,G$99,'RAW_농산물_11-12월'!$B:$B,$B107)-SUMIFS('RAW_농산물_10월'!$H:$H,'RAW_농산물_10월'!$A:$A,G$99,'RAW_농산물_10월'!$B:$B,$B107)) | H112: =IF(COUNTA('RAW_농산물_11-12월'!$A:$A)<=1,"",SUMIFS('RAW_농산물_11-12월'!$H:$H,'RAW_농산물_11-12월'!$A:$A,H$99,'RAW_농산물_11-12월'!$B:$B,$B107)-SUMIFS('RAW_농산물_10월'!$H:$H,'RAW_농산물_10월'!$A:$A,H$99,'RAW_농산물_10월'!$B:$B,$B107)) | I112: =IF(COUNTA('RAW_농산물_11-12월'!$A:$A)<=1,"",SUMIFS('RAW_농산물_11-12월'!$H:$H,'RAW_농산물_11-12월'!$A:$A,I$99,'RAW_농산물_11-12월'!$B:$B,$B107)-SUMIFS('RAW_농산물_10월'!$H:$H,'RAW_농산물_10월'!$A:$A,I$99,'RAW_농산물_10월'!$B:$B,$B107)) | J112: =IF(COUNTA('RAW_농산물_11-12월'!$A:$A)<=1,"",SUMIFS('RAW_농산물_11-12월'!$H:$H,'RAW_농산물_11-12월'!$A:$A,J$99,'RAW_농산물_11-12월'!$B:$B,$B107)-SUMIFS('RAW_농산물_10월'!$H:$H,'RAW_농산물_10월'!$A:$A,J$99,'RAW_농산물_10월'!$B:$B,$B107))
B113: 가공식품 | C113: 소 계 | D113: =IF(COUNT(E113:J113)=0,"",SUM(E113:J113)) -> 75277342 | E113: =IF(COUNT(E114:E118)=0,"",SUM(E114:E118)) -> 23477050 | F113: =IF(COUNT(F114:F118)=0,"",SUM(F114:F118)) -> 21116340 | G113: =IF(COUNT(G114:G118)=0,"",SUM(G114:G118)) -> 12208220 | H113: =IF(COUNT(H114:H118)=0,"",SUM(H114:H118)) -> 1610261 | I113: =IF(COUNT(I114:I118)=0,"",SUM(I114:I118)) -> 9559420 | J113: =IF(COUNT(J114:J118)=0,"",SUM(J114:J118)) -> 7306051
C114: 7월 | D114: =IF(COUNT(E114:J114)=0,"",SUM(E114:J114)) -> 36721575 | E114: =IF(COUNTA('RAW_농산물_7월'!$A:$A)<=1,"",SUMIFS('RAW_농산물_7월'!$H:$H,'RAW_농산물_7월'!$A:$A,E$99,'RAW_농산물_7월'!$B:$B,$B113)) -> 10898910 | F114: =IF(COUNTA('RAW_농산물_7월'!$A:$A)<=1,"",SUMIFS('RAW_농산물_7월'!$H:$H,'RAW_농산물_7월'!$A:$A,F$99,'RAW_농산물_7월'!$B:$B,$B113)) -> 9669520 | G114: =IF(COUNTA('RAW_농산물_7월'!$A:$A)<=1,"",SUMIFS('RAW_농산물_7월'!$H:$H,'RAW_농산물_7월'!$A:$A,G$99,'RAW_농산물_7월'!$B:$B,$B113)) -> 5140460 | H114: =IF(COUNTA('RAW_농산물_7월'!$A:$A)<=1,"",SUMIFS('RAW_농산물_7월'!$H:$H,'RAW_농산물_7월'!$A:$A,H$99,'RAW_농산물_7월'!$B:$B,$B113)) -> 540327 | I114: =IF(COUNTA('RAW_농산물_7월'!$A:$A)<=1,"",SUMIFS('RAW_농산물_7월'!$H:$H,'RAW_농산물_7월'!$A:$A,I$99,'RAW_농산물_7월'!$B:$B,$B113)) -> 7755460 | J114: =IF(COUNTA('RAW_농산물_7월'!$A:$A)<=1,"",SUMIFS('RAW_농산물_7월'!$H:$H,'RAW_농산물_7월'!$A:$A,J$99,'RAW_농산물_7월'!$B:$B,$B113)) -> 2716898
C115: 8월 | D115: =IF(COUNT(E115:J115)=0,"",SUM(E115:J115)) -> 38555767 | E115: =IF(COUNTA('RAW_농산물_8월'!$A:$A)<=1,"",SUMIFS('RAW_농산물_8월'!$H:$H,'RAW_농산물_8월'!$A:$A,E$99,'RAW_농산물_8월'!$B:$B,$B113)-SUMIFS('RAW_농산물_7월'!$H:$H,'RAW_농산물_7월'!$A:$A,E$99,'RAW_농산물_7월'!$B:$B,$B113)) -> 12578140 | F115: =IF(COUNTA('RAW_농산물_8월'!$A:$A)<=1,"",SUMIFS('RAW_농산물_8월'!$H:$H,'RAW_농산물_8월'!$A:$A,F$99,'RAW_농산물_8월'!$B:$B,$B113)-SUMIFS('RAW_농산물_7월'!$H:$H,'RAW_농산물_7월'!$A:$A,F$99,'RAW_농산물_7월'!$B:$B,$B113)) -> 11446820 | G115: =IF(COUNTA('RAW_농산물_8월'!$A:$A)<=1,"",SUMIFS('RAW_농산물_8월'!$H:$H,'RAW_농산물_8월'!$A:$A,G$99,'RAW_농산물_8월'!$B:$B,$B113)-SUMIFS('RAW_농산물_7월'!$H:$H,'RAW_농산물_7월'!$A:$A,G$99,'RAW_농산물_7월'!$B:$B,$B113)) -> 7067760 | H115: =IF(COUNTA('RAW_농산물_8월'!$A:$A)<=1,"",SUMIFS('RAW_농산물_8월'!$H:$H,'RAW_농산물_8월'!$A:$A,H$99,'RAW_농산물_8월'!$B:$B,$B113)-SUMIFS('RAW_농산물_7월'!$H:$H,'RAW_농산물_7월'!$A:$A,H$99,'RAW_농산물_7월'!$B:$B,$B113)) -> 1069934 | I115: =IF(COUNTA('RAW_농산물_8월'!$A:$A)<=1,"",SUMIFS('RAW_농산물_8월'!$H:$H,'RAW_농산물_8월'!$A:$A,I$99,'RAW_농산물_8월'!$B:$B,$B113)-SUMIFS('RAW_농산물_7월'!$H:$H,'RAW_농산물_7월'!$A:$A,I$99,'RAW_농산물_7월'!$B:$B,$B113)) -> 1803960 | J115: =IF(COUNTA('RAW_농산물_8월'!$A:$A)<=1,"",SUMIFS('RAW_농산물_8월'!$H:$H,'RAW_농산물_8월'!$A:$A,J$99,'RAW_농산물_8월'!$B:$B,$B113)-SUMIFS('RAW_농산물_7월'!$H:$H,'RAW_농산물_7월'!$A:$A,J$99,'RAW_농산물_7월'!$B:$B,$B113)) -> 4589153
...

Sheet 농산물업체
E1: 합 계 → | F1: =SUM(F3:F702) -> 475218 | G1: =SUM(G3:G702) -> 6227333500 | H1: =SUM(H3:H702) -> 266369319 | I1: =COUNTIF(I3:I702,"O") -> 186 | J1: =COUNTIF(J3:J702,"O") -> 207 | K1: =COUNTIF(K3:K702,"O") -> 0 | L1: =COUNTIF(L3:L702,"O") -> 0 | M1: =COUNTIF(M3:M702,"O") -> 0 | N1: =SUM(N3:N702) -> 163578655 | O1: =SUM(O3:O702) -> 102790664 | P1: =SUM(P3:P702) -> 0 | Q1: =SUM(Q3:Q702) -> 0 | R1: =SUM(R3:R702) -> 0 | S1: =COUNTIF(S3:S702,"O") -> 207 | T1: =COUNTA(C3:C702)&"개사" -> 285개사 | U1: =SUM(U3:U702) -> 1449
A2: NO | B2: 구분 | C2: 사업자등록번호 | D2: 업체명 | E2: 배정유통사 | F2: 판매건수 (누적) | G2: 매출액 (누적) | H2: 판촉액 (누적) | I2: 7월 인입 | J2: 8월 인입 | K2: 9월 인입 | L2: 10월 인입 | M2: 11~12월 인입 | N2: 7월 판촉액 | O2: 8월 판촉액 | P2: 9월 판촉액 | Q2: 10월 판촉액 | R2: 11~12월 판촉액 | S2: 상품제출 | T2: 소진구간 | U2: _커버줄수
A3: 1 | B3: 도약 | C3: 511-87-00286 | D3: 농업회사법인 영주마실(주) | E3: 롯데ON | F3: =IF($C3="","",IF('설정'!$B$3=0,"",CHOOSE('설정'!$B$3,SUMIFS('RAW_농산물_7월'!$F:$F,'RAW_농산물_7월'!$D:$D,$C3,'RAW_농산물_7월'!$A:$A,$E3),SUMIFS('RAW_농산물_8월'!$F:$F,'RAW_농산물_8월'!$D:$D,$C3,'RAW_농산물_8월'!$A:$A,$E3),SUMIFS('RAW_농산물_9월'!$F:$F,'RAW_농산물_9월'!$D:$D,$C3,'RAW_농산물_9월'!$A:$A,$E3),SUMIFS('RAW_농산물_10월'!$F:$F,'RAW_농산물_10월'!$D:$D,$C3,'RAW_농산물_10월'!$A:$A,$E3),SUMIFS('RAW_농산물_11-12월'!$F:$F,'RAW_농산물_11-12월'!$D:$D,$C3,'RAW_농산물_11-12월'!$A:$A,$E3)))) -> 0 | G3: =IF($C3="","",IF('설정'!$B$3=0,"",CHOOSE('설정'!$B$3,SUMIFS('RAW_농산물_7월'!$G:$G,'RAW_농산물_7월'!$D:$D,$C3,'RAW_농산물_7월'!$A:$A,$E3),SUMIFS('RAW_농산물_8월'!$G:$G,'RAW_농산물_8월'!$D:$D,$C3,'RAW_농산물_8월'!$A:$A,$E3),SUMIFS('RAW_농산물_9월'!$G:$G,'RAW_농산물_9월'!$D:$D,$C3,'RAW_농산물_9월'!$A:$A,$E3),SUMIFS('RAW_농산물_10월'!$G:$G,'RAW_농산물_10월'!$D:$D,$C3,'RAW_농산물_10월'!$A:$A,$E3),SUMIFS('RAW_농산물_11-12월'!$G:$G,'RAW_농산물_11-12월'!$D:$D,$C3,'RAW_농산물_11-12월'!$A:$A,$E3)))) -> 0 | H3: =IF($C3="","",IF('설정'!$B$3=0,"",CHOOSE('설정'!$B$3,SUMIFS('RAW_농산물_7월'!$H:$H,'RAW_농산물_7월'!$D:$D,$C3,'RAW_농산물_7월'!$A:$A,$E3),SUMIFS('RAW_농산물_8월'!$H:$H,'RAW_농산물_8월'!$D:$D,$C3,'RAW_농산물_8월'!$A:$A,$E3),SUMIFS('RAW_농산물_9월'!$H:$H,'RAW_농산물_9월'!$D:$D,$C3,'RAW_농산물_9월'!$A:$A,$E3),SUMIFS('RAW_농산물_10월'!$H:$H,'RAW_농산물_10월'!$D:$D,$C3,'RAW_농산물_10월'!$A:$A,$E3),SUMIFS('RAW_농산물_11-12월'!$H:$H,'RAW_농산물_11-12월'!$D:$D,$C3,'RAW_농산물_11-12월'!$A:$A,$E3)))) -> 0 | I3: =IF($C3="","",IF(COUNTIFS('RAW_농산물_7월'!$D:$D,$C3,'RAW_농산물_7월'!$A:$A,$E3)>0,"O","")) | J3: =IF($C3="","",IF(COUNTIFS('RAW_농산물_8월'!$D:$D,$C3,'RAW_농산물_8월'!$A:$A,$E3)>0,"O","")) | K3: =IF($C3="","",IF(COUNTIFS('RAW_농산물_9월'!$D:$D,$C3,'RAW_농산물_9월'!$A:$A,$E3)>0,"O","")) | L3: =IF($C3="","",IF(COUNTIFS('RAW_농산물_10월'!$D:$D,$C3,'RAW_농산물_10월'!$A:$A,$E3)>0,"O","")) | M3: =IF($C3="","",IF(COUNTIFS('RAW_농산물_11-12월'!$D:$D,$C3,'RAW_농산물_11-12월'!$A:$A,$E3)>0,"O","")) | N3: =IF($C3="","",IF(COUNTA('RAW_농산물_7월'!$A:$A)<=1,"",SUMIFS('RAW_농산물_7월'!$H:$H,'RAW_농산물_7월'!$D:$D,$C3,'RAW_농산물_7월'!$A:$A,$E3))) -> 0 | O3: =IF($C3="","",IF(COUNTA('RAW_농산물_8월'!$A:$A)<=1,"",SUMIFS('RAW_농산물_8월'!$H:$H,'RAW_농산물_8월'!$D:$D,$C3,'RAW_농산물_8월'!$A:$A,$E3)-SUMIFS('RAW_농산물_7월'!$H:$H,'RAW_농산물_7월'!$D:$D,$C3,'RAW_농산물_7월'!$A:$A,$E3))) -> 0 | P3: =IF($C3="","",IF(COUNTA('RAW_농산물_9월'!$A:$A)<=1,"",SUMIFS('RAW_농산물_9월'!$H:$H,'RAW_농산물_9월'!$D:$D,$C3,'RAW_농산물_9월'!$A:$A,$E3)-SUMIFS('RAW_농산물_8월'!$H:$H,'RAW_농산물_8월'!$D:$D,$C3,'RAW_농산물_8월'!$A:$A,$E3))) | Q3: =IF($C3="","",IF(COUNTA('RAW_농산물_10월'!$A:$A)<=1,"",SUMIFS('RAW_농산물_10월'!$H:$H,'RAW_농산물_10월'!$D:$D,$C3,'RAW_농산물_10월'!$A:$A,$E3)-SUMIFS('RAW_농산물_9월'!$H:$H,'RAW_농산물_9월'!$D:$D,$C3,'RAW_농산물_9월'!$A:$A,$E3))) | R3: =IF($C3="","",IF(COUNTA('RAW_농산물_11-12월'!$A:$A)<=1,"",SUMIFS('RAW_농산물_11-12월'!$H:$H,'RAW_농산물_11-12월'!$D:$D,$C3,'RAW_농산물_11-12월'!$A:$A,$E3)-SUMIFS('RAW_농산물_10월'!$H:$H,'RAW_농산물_10월'!$D:$D,$C3,'RAW_농산물_10월'!$A:$A,$E3))) | S3: =IF($C3="","",IF(COUNTIF($I3:$M3,"O")>0,"O","")) | T3: =IF($C3="","",IF($H3=0,"미사용",IF($H3<500000,"50만원 미만",IF($H3<1000000,"100만원 미만",IF($H3<2000000,"200만원 미만",IF($H3<3000000,"300만원 미만",IF($H3<4000000,"400만원 미만",IF($H3<5000000,"500만원 미만",IF($H3<6000000,"600만원 미만",IF($H3<7000000,"700만원 미만",IF($H3<8000000,"800만원 미만",IF($H3<10000000,"1000만원 미만","1000만원 이상")))))))))))) -> 미사용 | U3: =IF($C3="",0,IF('설정'!$B$3=0,0,CHOOSE('설정'!$B$3,COUNTIFS('RAW_농산물_7월'!$D:$D,$C3,'RAW_농산물_7월'!$A:$A,$E3),COUNTIFS('RAW_농산물_8월'!$D:$D,$C3,'RAW_농산물_8월'!$A:$A,$E3),COUNTIFS('RAW_농산물_9월'!$D:$D,$C3,'RAW_농산물_9월'!$A:$A,$E3),COUNTIFS('RAW_농산물_10월'!$D:$D,$C3,'RAW_농산물_10월'!$A:$A,$E3),COUNTIFS('RAW_농산물_11-12월'!$D:$D,$C3,'RAW_농산물_11-12월'!$A:$A,$E3)))) -> 0
A4: 2 | B4: 도약 | C4: 302-81-25814 | D4: 영동감협동조합 | E4: 롯데ON | F4: =IF($C4="","",IF('설정'!$B$3=0,"",CHOOSE('설정'!$B$3,SUMIFS('RAW_농산물_7월'!$F:$F,'RAW_농산물_7월'!$D:$D,$C4,'RAW_농산물_7월'!$A:$A,$E4),SUMIFS('RAW_농산물_8월'!$F:$F,'RAW_농산물_8월'!$D:$D,$C4,'RAW_농산물_8월'!$A:$A,$E4),SUMIFS('RAW_농산물_9월'!$F:$F,'RAW_농산물_9월'!$D:$D,$C4,'RAW_농산물_9월'!$A:$A,$E4),SUMIFS('RAW_농산물_10월'!$F:$F,'RAW_농산물_10월'!$D:$D,$C4,'RAW_농산물_10월'!$A:$A,$E4),SUMIFS('RAW_농산물_11-12월'!$F:$F,'RAW_농산물_11-12월'!$D:$D,$C4,'RAW_농산물_11-12월'!$A:$A,$E4)))) -> 8 | G4: =IF($C4="","",IF('설정'!$B$3=0,"",CHOOSE('설정'!$B$3,SUMIFS('RAW_농산물_7월'!$G:$G,'RAW_농산물_7월'!$D:$D,$C4,'RAW_농산물_7월'!$A:$A,$E4),SUMIFS('RAW_농산물_8월'!$G:$G,'RAW_농산물_8월'!$D:$D,$C4,'RAW_농산물_8월'!$A:$A,$E4),SUMIFS('RAW_농산물_9월'!$G:$G,'RAW_농산물_9월'!$D:$D,$C4,'RAW_농산물_9월'!$A:$A,$E4),SUMIFS('RAW_농산물_10월'!$G:$G,'RAW_농산물_10월'!$D:$D,$C4,'RAW_농산물_10월'!$A:$A,$E4),SUMIFS('RAW_농산물_11-12월'!$G:$G,'RAW_농산물_11-12월'!$D:$D,$C4,'RAW_농산물_11-12월'!$A:$A,$E4)))) -> 316300 | H4: =IF($C4="","",IF('설정'!$B$3=0,"",CHOOSE('설정'!$B$3,SUMIFS('RAW_농산물_7월'!$H:$H,'RAW_농산물_7월'!$D:$D,$C4,'RAW_농산물_7월'!$A:$A,$E4),SUMIFS('RAW_농산물_8월'!$H:$H,'RAW_농산물_8월'!$D:$D,$C4,'RAW_농산물_8월'!$A:$A,$E4),SUMIFS('RAW_농산물_9월'!$H:$H,'RAW_농산물_9월'!$D:$D,$C4,'RAW_농산물_9월'!$A:$A,$E4),SUMIFS('RAW_농산물_10월'!$H:$H,'RAW_농산물_10월'!$D:$D,$C4,'RAW_농산물_10월'!$A:$A,$E4),SUMIFS('RAW_농산물_11-12월'!$H:$H,'RAW_농산물_11-12월'!$D:$D,$C4,'RAW_농산물_11-12월'!$A:$A,$E4)))) -> 46330 | I4: =IF($C4="","",IF(COUNTIFS('RAW_농산물_7월'!$D:$D,$C4,'RAW_농산물_7월'!$A:$A,$E4)>0,"O","")) -> O | J4: =IF($C4="","",IF(COUNTIFS('RAW_농산물_8월'!$D:$D,$C4,'RAW_농산물_8월'!$A:$A,$E4)>0,"O","")) -> O | K4: =IF($C4="","",IF(COUNTIFS('RAW_농산물_9월'!$D:$D,$C4,'RAW_농산물_9월'!$A:$A,$E4)>0,"O","")) | L4: =IF($C4="","",IF(COUNTIFS('RAW_농산물_10월'!$D:$D,$C4,'RAW_농산물_10월'!$A:$A,$E4)>0,"O","")) | M4: =IF($C4="","",IF(COUNTIFS('RAW_농산물_11-12월'!$D:$D,$C4,'RAW_농산물_11-12월'!$A:$A,$E4)>0,"O","")) | N4: =IF($C4="","",IF(COUNTA('RAW_농산물_7월'!$A:$A)<=1,"",SUMIFS('RAW_농산물_7월'!$H:$H,'RAW_농산물_7월'!$D:$D,$C4,'RAW_농산물_7월'!$A:$A,$E4))) -> 0 | O4: =IF($C4="","",IF(COUNTA('RAW_농산물_8월'!$A:$A)<=1,"",SUMIFS('RAW_농산물_8월'!$H:$H,'RAW_농산물_8월'!$D:$D,$C4,'RAW_농산물_8월'!$A:$A,$E4)-SUMIFS('RAW_농산물_7월'!$H:$H,'RAW_농산물_7월'!$D:$D,$C4,'RAW_농산물_7월'!$A:$A,$E4))) -> 46330 | P4: =IF($C4="","",IF(COUNTA('RAW_농산물_9월'!$A:$A)<=1,"",SUMIFS('RAW_농산물_9월'!$H:$H,'RAW_농산물_9월'!$D:$D,$C4,'RAW_농산물_9월'!$A:$A,$E4)-SUMIFS('RAW_농산물_8월'!$H:$H,'RAW_농산물_8월'!$D:$D,$C4,'RAW_농산물_8월'!$A:$A,$E4))) | Q4: =IF($C4="","",IF(COUNTA('RAW_농산물_10월'!$A:$A)<=1,"",SUMIFS('RAW_농산물_10월'!$H:$H,'RAW_농산물_10월'!$D:$D,$C4,'RAW_농산물_10월'!$A:$A,$E4)-SUMIFS('RAW_농산물_9월'!$H:$H,'RAW_농산물_9월'!$D:$D,$C4,'RAW_농산물_9월'!$A:$A,$E4))) | R4: =IF($C4="","",IF(COUNTA('RAW_농산물_11-12월'!$A:$A)<=1,"",SUMIFS('RAW_농산물_11-12월'!$H:$H,'RAW_농산물_11-12월'!$D:$D,$C4,'RAW_농산물_11-12월'!$A:$A,$E4)-SUMIFS('RAW_농산물_10월'!$H:$H,'RAW_농산물_10월'!$D:$D,$C4,'RAW_농산물_10월'!$A:$A,$E4))) | S4: =IF($C4="","",IF(COUNTIF($I4:$M4,"O")>0,"O","")) -> O | T4: =IF($C4="","",IF($H4=0,"미사용",IF($H4<500000,"50만원 미만",IF($H4<1000000,"100만원 미만",IF($H4<2000000,"200만원 미만",IF($H4<3000000,"300만원 미만",IF($H4<4000000,"400만원 미만",IF($H4<5000000,"500만원 미만",IF($H4<6000000,"600만원 미만",IF($H4<7000000,"700만원 미만",IF($H4<8000000,"800만원 미만",IF($H4<10000000,"1000만원 미만","1000만원 이상")))))))))))) -> 50만원 미만 | U4: =IF($C4="",0,IF('설정'!$B$3=0,0,CHOOSE('설정'!$B$3,COUNTIFS('RAW_농산물_7월'!$D:$D,$C4,'RAW_농산물_7월'!$A:$A,$E4),COUNTIFS('RAW_농산물_8월'!$D:$D,$C4,'RAW_농산물_8월'!$A:$A,$E4),COUNTIFS('RAW_농산물_9월'!$D:$D,$C4,'RAW_농산물_9월'!$A:$A,$E4),COUNTIFS('RAW_농산물_10월'!$D:$D,$C4,'RAW_농산물_10월'!$A:$A,$E4),COUNTIFS('RAW_농산물_11-12월'!$D:$D,$C4,'RAW_농산물_11-12월'!$A:$A,$E4)))) -> 10
A5: 3 | B5: 도약 | C5: 449-92-01723 | D5: 채씨네표고농원 | E5: 네이버 | F5: =IF($C5="","",IF('설정'!$B$3=0,"",CHOOSE('설정'!$B$3,SUMIFS('RAW_농산물_7월'!$F:$F,'RAW_농산물_7월'!$D:$D,$C5,'RAW_농산물_7월'!$A:$A,$E5),SUMIFS('RAW_농산물_8월'!$F:$F,'RAW_농산물_8월'!$D:$D,$C5,'RAW_농산물_8월'!$A:$A,$E5),SUMIFS('RAW_농산물_9월'!$F:$F,'RAW_농산물_9월'!$D:$D,$C5,'RAW_농산물_9월'!$A:$A,$E5),SUMIFS('RAW_농산물_10월'!$F:$F,'RAW_농산물_10월'!$D:$D,$C5,'RAW_농산물_10월'!$A:$A,$E5),SUMIFS('RAW_농산물_11-12월'!$F:$F,'RAW_농산물_11-12월'!$D:$D,$C5,'RAW_농산물_11-12월'!$A:$A,$E5)))) -> 130 | G5: =IF($C5="","",IF('설정'!$B$3=0,"",CHOOSE('설정'!$B$3,SUMIFS('RAW_농산물_7월'!$G:$G,'RAW_농산물_7월'!$D:$D,$C5,'RAW_농산물_7월'!$A:$A,$E5),SUMIFS('RAW_농산물_8월'!$G:$G,'RAW_농산물_8월'!$D:$D,$C5,'RAW_농산물_8월'!$A:$A,$E5),SUMIFS('RAW_농산물_9월'!$G:$G,'RAW_농산물_9월'!$D:$D,$C5,'RAW_농산물_9월'!$A:$A,$E5),SUMIFS('RAW_농산물_10월'!$G:$G,'RAW_농산물_10월'!$D:$D,$C5,'RAW_농산물_10월'!$A:$A,$E5),SUMIFS('RAW_농산물_11-12월'!$G:$G,'RAW_농산물_11-12월'!$D:$D,$C5,'RAW_농산물_11-12월'!$A:$A,$E5)))) -> 4155000 | H5: =IF($C5="","",IF('설정'!$B$3=0,"",CHOOSE('설정'!$B$3,SUMIFS('RAW_농산물_7월'!$H:$H,'RAW_농산물_7월'!$D:$D,$C5,'RAW_농산물_7월'!$A:$A,$E5),SUMIFS('RAW_농산물_8월'!$H:$H,'RAW_농산물_8월'!$D:$D,$C5,'RAW_농산물_8월'!$A:$A,$E5),SUMIFS('RAW_농산물_9월'!$H:$H,'RAW_농산물_9월'!$D:$D,$C5,'RAW_농산물_9월'!$A:$A,$E5),SUMIFS('RAW_농산물_10월'!$H:$H,'RAW_농산물_10월'!$D:$D,$C5,'RAW_농산물_10월'!$A:$A,$E5),SUMIFS('RAW_농산물_11-12월'!$H:$H,'RAW_농산물_11-12월'!$D:$D,$C5,'RAW_농산물_11-12월'!$A:$A,$E5)))) -> 346200 | I5: =IF($C5="","",IF(COUNTIFS('RAW_농산물_7월'!$D:$D,$C5,'RAW_농산물_7월'!$A:$A,$E5)>0,"O","")) -> O | J5: =IF($C5="","",IF(COUNTIFS('RAW_농산물_8월'!$D:$D,$C5,'RAW_농산물_8월'!$A:$A,$E5)>0,"O","")) -> O | K5: =IF($C5="","",IF(COUNTIFS('RAW_농산물_9월'!$D:$D,$C5,'RAW_농산물_9월'!$A:$A,$E5)>0,"O","")) | L5: =IF($C5="","",IF(COUNTIFS('RAW_농산물_10월'!$D:$D,$C5,'RAW_농산물_10월'!$A:$A,$E5)>0,"O","")) | M5: =IF($C5="","",IF(COUNTIFS('RAW_농산물_11-12월'!$D:$D,$C5,'RAW_농산물_11-12월'!$A:$A,$E5)>0,"O","")) | N5: =IF($C5="","",IF(COUNTA('RAW_농산물_7월'!$A:$A)<=1,"",SUMIFS('RAW_농산물_7월'!$H:$H,'RAW_농산물_7월'!$D:$D,$C5,'RAW_농산물_7월'!$A:$A,$E5))) -> 43900 | O5: =IF($C5="","",IF(COUNTA('RAW_농산물_8월'!$A:$A)<=1,"",SUMIFS('RAW_농산물_8월'!$H:$H,'RAW_농산물_8월'!$D:$D,$C5,'RAW_농산물_8월'!$A:$A,$E5)-SUMIFS('RAW_농산물_7월'!$H:$H,'RAW_농산물_7월'!$D:$D,$C5,'RAW_농산물_7월'!$A:$A,$E5))) -> 302300 | P5: =IF($C5="","",IF(COUNTA('RAW_농산물_9월'!$A:$A)<=1,"",SUMIFS('RAW_농산물_9월'!$H:$H,'RAW_농산물_9월'!$D:$D,$C5,'RAW_농산물_9월'!$A:$A,$E5)-SUMIFS('RAW_농산물_8월'!$H:$H,'RAW_농산물_8월'!$D:$D,$C5,'RAW_농산물_8월'!$A:$A,$E5))) | Q5: =IF($C5="","",IF(COUNTA('RAW_농산물_10월'!$A:$A)<=1,"",SUMIFS('RAW_농산물_10월'!$H:$H,'RAW_농산물_10월'!$D:$D,$C5,'RAW_농산물_10월'!$A:$A,$E5)-SUMIFS('RAW_농산물_9월'!$H:$H,'RAW_농산물_9월'!$D:$D,$C5,'RAW_농산물_9월'!$A:$A,$E5))) | R5: =IF($C5="","",IF(COUNTA('RAW_농산물_11-12월'!$A:$A)<=1,"",SUMIFS('RAW_농산물_11-12월'!$H:$H,'RAW_농산물_11-12월'!$D:$D,$C5,'RAW_농산물_11-12월'!$A:$A,$E5)-SUMIFS('RAW_농산물_10월'!$H:$H,'RAW_농산물_10월'!$D:$D,$C5,'RAW_농산물_10월'!$A:$A,$E5))) | S5: =IF($C5="","",IF(COUNTIF($I5:$M5,"O")>0,"O","")) -> O | T5: =IF($C5="","",IF($H5=0,"미사용",IF($H5<500000,"50만원 미만",IF($H5<1000000,"100만원 미만",IF($H5<2000000,"200만원 미만",IF($H5<3000000,"300만원 미만",IF($H5<4000000,"400만원 미만",IF($H5<5000000,"500만원 미만",IF($H5<6000000,"600만원 미만",IF($H5<7000000,"700만원 미만",IF($H5<8000000,"800만원 미만",IF($H5<10000000,"1000만원 미만","1000만원 이상")))))))))))) -> 50만원 미만 | U5: =IF($C5="",0,IF('설정'!$B$3=0,0,CHOOSE('설정'!$B$3,COUNTIFS('RAW_농산물_7월'!$D:$D,$C5,'RAW_농산물_7월'!$A:$A,$E5),COUNTIFS('RAW_농산물_8월'!$D:$D,$C5,'RAW_농산물_8월'!$A:$A,$E5),COUNTIFS('RAW_농산물_9월'!$D:$D,$C5,'RAW_농산물_9월'!$A:$A,$E5),COUNTIFS('RAW_농산물_10월'!$D:$D,$C5,'RAW_농산물_10월'!$A:$A,$E5),COUNTIFS('RAW_농산물_11-12월'!$D:$D,$C5,'RAW_농산물_11-12월'!$A:$A,$E5)))) -> 5
A6: 4 | B6: 시작 | C6: 406-82-02051 | D6: 구천동농업협동조합 | E6: 네이버 | F6: =IF($C6="","",IF('설정'!$B$3=0,"",CHOOSE('설정'!$B$3,SUMIFS('RAW_농산물_7월'!$F:$F,'RAW_농산물_7월'!$D:$D,$C6,'RAW_농산물_7월'!$A:$A,$E6),SUMIFS('RAW_농산물_8월'!$F:$F,'RAW_농산물_8월'!$D:$D,$C6,'RAW_농산물_8월'!$A:$A,$E6),SUMIFS('RAW_농산물_9월'!$F:$F,'RAW_농산물_9월'!$D:$D,$C6,'RAW_농산물_9월'!$A:$A,$E6),SUMIFS('RAW_농산물_10월'!$F:$F,'RAW_농산물_10월'!$D:$D,$C6,'RAW_농산물_10월'!$A:$A,$E6),SUMIFS('RAW_농산물_11-12월'!$F:$F,'RAW_농산물_11-12월'!$D:$D,$C6,'RAW_농산물_11-12월'!$A:$A,$E6)))) -> 0 | G6: =IF($C6="","",IF('설정'!$B$3=0,"",CHOOSE('설정'!$B$3,SUMIFS('RAW_농산물_7월'!$G:$G,'RAW_농산물_7월'!$D:$D,$C6,'RAW_농산물_7월'!$A:$A,$E6),SUMIFS('RAW_농산물_8월'!$G:$G,'RAW_농산물_8월'!$D:$D,$C6,'RAW_농산물_8월'!$A:$A,$E6),SUMIFS('RAW_농산물_9월'!$G:$G,'RAW_농산물_9월'!$D:$D,$C6,'RAW_농산물_9월'!$A:$A,$E6),SUMIFS('RAW_농산물_10월'!$G:$G,'RAW_농산물_10월'!$D:$D,$C6,'RAW_농산물_10월'!$A:$A,$E6),SUMIFS('RAW_농산물_11-12월'!$G:$G,'RAW_농산물_11-12월'!$D:$D,$C6,'RAW_농산물_11-12월'!$A:$A,$E6)))) -> 0 | H6: =IF($C6="","",IF('설정'!$B$3=0,"",CHOOSE('설정'!$B$3,SUMIFS('RAW_농산물_7월'!$H:$H,'RAW_농산물_7월'!$D:$D,$C6,'RAW_농산물_7월'!$A:$A,$E6),SUMIFS('RAW_농산물_8월'!$H:$H,'RAW_농산물_8월'!$D:$D,$C6,'RAW_농산물_8월'!$A:$A,$E6),SUMIFS('RAW_농산물_9월'!$H:$H,'RAW_농산물_9월'!$D:$D,$C6,'RAW_농산물_9월'!$A:$A,$E6),SUMIFS('RAW_농산물_10월'!$H:$H,'RAW_농산물_10월'!$D:$D,$C6,'RAW_농산물_10월'!$A:$A,$E6),SUMIFS('RAW_농산물_11-12월'!$H:$H,'RAW_농산물_11-12월'!$D:$D,$C6,'RAW_농산물_11-12월'!$A:$A,$E6)))) -> 0 | I6: =IF($C6="","",IF(COUNTIFS('RAW_농산물_7월'!$D:$D,$C6,'RAW_농산물_7월'!$A:$A,$E6)>0,"O","")) | J6: =IF($C6="","",IF(COUNTIFS('RAW_농산물_8월'!$D:$D,$C6,'RAW_농산물_8월'!$A:$A,$E6)>0,"O","")) -> O | K6: =IF($C6="","",IF(COUNTIFS('RAW_농산물_9월'!$D:$D,$C6,'RAW_농산물_9월'!$A:$A,$E6)>0,"O","")) | L6: =IF($C6="","",IF(COUNTIFS('RAW_농산물_10월'!$D:$D,$C6,'RAW_농산물_10월'!$A:$A,$E6)>0,"O","")) | M6: =IF($C6="","",IF(COUNTIFS('RAW_농산물_11-12월'!$D:$D,$C6,'RAW_농산물_11-12월'!$A:$A,$E6)>0,"O","")) | N6: =IF($C6="","",IF(COUNTA('RAW_농산물_7월'!$A:$A)<=1,"",SUMIFS('RAW_농산물_7월'!$H:$H,'RAW_농산물_7월'!$D:$D,$C6,'RAW_농산물_7월'!$A:$A,$E6))) -> 0 | O6: =IF($C6="","",IF(COUNTA('RAW_농산물_8월'!$A:$A)<=1,"",SUMIFS('RAW_농산물_8월'!$H:$H,'RAW_농산물_8월'!$D:$D,$C6,'RAW_농산물_8월'!$A:$A,$E6)-SUMIFS('RAW_농산물_7월'!$H:$H,'RAW_농산물_7월'!$D:$D,$C6,'RAW_농산물_7월'!$A:$A,$E6))) -> 0 | P6: =IF($C6="","",IF(COUNTA('RAW_농산물_9월'!$A:$A)<=1,"",SUMIFS('RAW_농산물_9월'!$H:$H,'RAW_농산물_9월'!$D:$D,$C6,'RAW_농산물_9월'!$A:$A,$E6)-SUMIFS('RAW_농산물_8월'!$H:$H,'RAW_농산물_8월'!$D:$D,$C6,'RAW_농산물_8월'!$A:$A,$E6))) | Q6: =IF($C6="","",IF(COUNTA('RAW_농산물_10월'!$A:$A)<=1,"",SUMIFS('RAW_농산물_10월'!$H:$H,'RAW_농산물_10월'!$D:$D,$C6,'RAW_농산물_10월'!$A:$A,$E6)-SUMIFS('RAW_농산물_9월'!$H:$H,'RAW_농산물_9월'!$D:$D,$C6,'RAW_농산물_9월'!$A:$A,$E6))) | R6: =IF($C6="","",IF(COUNTA('RAW_농산물_11-12월'!$A:$A)<=1,"",SUMIFS('RAW_농산물_11-12월'!$H:$H,'RAW_농산물_11-12월'!$D:$D,$C6,'RAW_농산물_11-12월'!$A:$A,$E6)-SUMIFS('RAW_농산물_10월'!$H:$H,'RAW_농산물_10월'!$D:$D,$C6,'RAW_농산물_10월'!$A:$A,$E6))) | S6: =IF($C6="","",IF(COUNTIF($I6:$M6,"O")>0,"O","")) -> O | T6: =IF($C6="","",IF($H6=0,"미사용",IF($H6<500000,"50만원 미만",IF($H6<1000000,"100만원 미만",IF($H6<2000000,"200만원 미만",IF($H6<3000000,"300만원 미만",IF($H6<4000000,"400만원 미만",IF($H6<5000000,"500만원 미만",IF($H6<6000000,"600만원 미만",IF($H6<7000000,"700만원 미만",IF($H6<8000000,"800만원 미만",IF($H6<10000000,"1000만원 미만","1000만원 이상")))))))))))) -> 미사용 | U6: =IF($C6="",0,IF('설정'!$B$3=0,0,CHOOSE('설정'!$B$3,COUNTIFS('RAW_농산물_7월'!$D:$D,$C6,'RAW_농산물_7월'!$A:$A,$E6),COUNTIFS('RAW_농산물_8월'!$D:$D,$C6,'RAW_농산물_8월'!$A:$A,$E6),COUNTIFS('RAW_농산물_9월'!$D:$D,$C6,'RAW_농산물_9월'!$A:$A,$E6),COUNTIFS('RAW_농산물_10월'!$D:$D,$C6,'RAW_농산물_10월'!$A:$A,$E6),COUNTIFS('RAW_농산물_11-12월'!$D:$D,$C6,'RAW_농산물_11-12월'!$A:$A,$E6)))) -> 1
A7: 5 | B7: 성장 | C7: 529-44-01222 | D7: 나뚜라리농원 | E7: 네이버 | F7: =IF($C7="","",IF('설정'!$B$3=0,"",CHOOSE('설정'!$B$3,SUMIFS('RAW_농산물_7월'!$F:$F,'RAW_농산물_7월'!$D:$D,$C7,'RAW_농산물_7월'!$A:$A,$E7),SUMIFS('RAW_농산물_8월'!$F:$F,'RAW_농산물_8월'!$D:$D,$C7,'RAW_농산물_8월'!$A:$A,$E7),SUMIFS('RAW_농산물_9월'!$F:$F,'RAW_농산물_9월'!$D:$D,$C7,'RAW_농산물_9월'!$A:$A,$E7),SUMIFS('RAW_농산물_10월'!$F:$F,'RAW_농산물_10월'!$D:$D,$C7,'RAW_농산물_10월'!$A:$A,$E7),SUMIFS('RAW_농산물_11-12월'!$F:$F,'RAW_농산물_11-12월'!$D:$D,$C7,'RAW_농산물_11-12월'!$A:$A,$E7)))) -> 124 | G7: =IF($C7="","",IF('설정'!$B$3=0,"",CHOOSE('설정'!$B$3,SUMIFS('RAW_농산물_7월'!$G:$G,'RAW_농산물_7월'!$D:$D,$C7,'RAW_농산물_7월'!$A:$A,$E7),SUMIFS('RAW_농산물_8월'!$G:$G,'RAW_농산물_8월'!$D:$D,$C7,'RAW_농산물_8월'!$A:$A,$E7),SUMIFS('RAW_농산물_9월'!$G:$G,'RAW_농산물_9월'!$D:$D,$C7,'RAW_농산물_9월'!$A:$A,$E7),SUMIFS('RAW_농산물_10월'!$G:$G,'RAW_농산물_10월'!$D:$D,$C7,'RAW_농산물_10월'!$A:$A,$E7),SUMIFS('RAW_농산물_11-12월'!$G:$G,'RAW_농산물_11-12월'!$D:$D,$C7,'RAW_농산물_11-12월'!$A:$A,$E7)))) -> 5319400 | H7: =IF($C7="","",IF('설정'!$B$3=0,"",CHOOSE('설정'!$B$3,SUMIFS('RAW_농산물_7월'!$H:$H,'RAW_농산물_7월'!$D:$D,$C7,'RAW_농산물_7월'!$A:$A,$E7),SUMIFS('RAW_농산물_8월'!$H:$H,'RAW_농산물_8월'!$D:$D,$C7,'RAW_농산물_8월'!$A:$A,$E7),SUMIFS('RAW_농산물_9월'!$H:$H,'RAW_농산물_9월'!$D:$D,$C7,'RAW_농산물_9월'!$A:$A,$E7),SUMIFS('RAW_농산물_10월'!$H:$H,'RAW_농산물_10월'!$D:$D,$C7,'RAW_농산물_10월'!$A:$A,$E7),SUMIFS('RAW_농산물_11-12월'!$H:$H,'RAW_농산물_11-12월'!$D:$D,$C7,'RAW_농산물_11-12월'!$A:$A,$E7)))) -> 477360 | I7: =IF($C7="","",IF(COUNTIFS('RAW_농산물_7월'!$D:$D,$C7,'RAW_농산물_7월'!$A:$A,$E7)>0,"O","")) -> O | J7: =IF($C7="","",IF(COUNTIFS('RAW_농산물_8월'!$D:$D,$C7,'RAW_농산물_8월'!$A:$A,$E7)>0,"O","")) -> O | K7: =IF($C7="","",IF(COUNTIFS('RAW_농산물_9월'!$D:$D,$C7,'RAW_농산물_9월'!$A:$A,$E7)>0,"O","")) | L7: =IF($C7="","",IF(COUNTIFS('RAW_농산물_10월'!$D:$D,$C7,'RAW_농산물_10월'!$A:$A,$E7)>0,"O","")) | M7: =IF($C7="","",IF(COUNTIFS('RAW_농산물_11-12월'!$D:$D,$C7,'RAW_농산물_11-12월'!$A:$A,$E7)>0,"O","")) | N7: =IF($C7="","",IF(COUNTA('RAW_농산물_7월'!$A:$A)<=1,"",SUMIFS('RAW_농산물_7월'!$H:$H,'RAW_농산물_7월'!$D:$D,$C7,'RAW_농산물_7월'!$A:$A,$E7))) -> 206920 | O7: =IF($C7="","",IF(COUNTA('RAW_농산물_8월'!$A:$A)<=1,"",SUMIFS('RAW_농산물_8월'!$H:$H,'RAW_농산물_8월'!$D:$D,$C7,'RAW_농산물_8월'!$A:$A,$E7)-SUMIFS('RAW_농산물_7월'!$H:$H,'RAW_농산물_7월'!$D:$D,$C7,'RAW_농산물_7월'!$A:$A,$E7))) -> 270440 | P7: =IF($C7="","",IF(COUNTA('RAW_농산물_9월'!$A:$A)<=1,"",SUMIFS('RAW_농산물_9월'!$H:$H,'RAW_농산물_9월'!$D:$D,$C7,'RAW_농산물_9월'!$A:$A,$E7)-SUMIFS('RAW_농산물_8월'!$H:$H,'RAW_농산물_8월'!$D:$D,$C7,'RAW_농산물_8월'!$A:$A,$E7))) | Q7: =IF($C7="","",IF(COUNTA('RAW_농산물_10월'!$A:$A)<=1,"",SUMIFS('RAW_농산물_10월'!$H:$H,'RAW_농산물_10월'!$D:$D,$C7,'RAW_농산물_10월'!$A:$A,$E7)-SUMIFS('RAW_농산물_9월'!$H:$H,'RAW_농산물_9월'!$D:$D,$C7,'RAW_농산물_9월'!$A:$A,$E7))) | R7: =IF($C7="","",IF(COUNTA('RAW_농산물_11-12월'!$A:$A)<=1,"",SUMIFS('RAW_농산물_11-12월'!$H:$H,'RAW_농산물_11-12월'!$D:$D,$C7,'RAW_농산물_11-12월'!$A:$A,$E7)-SUMIFS('RAW_농산물_10월'!$H:$H,'RAW_농산물_10월'!$D:$D,$C7,'RAW_농산물_10월'!$A:$A,$E7))) | S7: =IF($C7="","",IF(COUNTIF($I7:$M7,"O")>0,"O","")) -> O | T7: =IF($C7="","",IF($H7=0,"미사용",IF($H7<500000,"50만원 미만",IF($H7<1000000,"100만원 미만",IF($H7<2000000,"200만원 미만",IF($H7<3000000,"300만원 미만",IF($H7<4000000,"400만원 미만",IF($H7<5000000,"500만원 미만",IF($H7<6000000,"600만원 미만",IF($H7<7000000,"700만원 미만",IF($H7<8000000,"800만원 미만",IF($H7<10000000,"1000만원 미만","1000만원 이상")))))))))))) -> 50만원 미만 | U7: =IF($C7="",0,IF('설정'!$B$3=0,0,CHOOSE('설정'!$B$3,COUNTIFS('RAW_농산물_7월'!$D:$D,$C7,'RAW_농산물_7월'!$A:$A,$E7),COUNTIFS('RAW_농산물_8월'!$D:$D,$C7,'RAW_농산물_8월'!$A:$A,$E7),COUNTIFS('RAW_농산물_9월'!$D:$D,$C7,'RAW_농산물_9월'!$A:$A,$E7),COUNTIFS('RAW_농산물_10월'!$D:$D,$C7,'RAW_농산물_10월'!$A:$A,$E7),COUNTIFS('RAW_농산물_11-12월'!$D:$D,$C7,'RAW_농산물_11-12월'!$A:$A,$E7)))) -> 1
A8: 6 | B8: 도약 | C8: 416-81-92591 | D8: 좋은세상협동조합 | E8: 롯데ON | F8: =IF($C8="","",IF('설정'!$B$3=0,"",CHOOSE('설정'!$B$3,SUMIFS('RAW_농산물_7월'!$F:$F,'RAW_농산물_7월'!$D:$D,$C8,'RAW_농산물_7월'!$A:$A,$E8),SUMIFS('RAW_농산물_8월'!$F:$F,'RAW_농산물_8월'!$D:$D,$C8,'RAW_농산물_8월'!$A:$A,$E8),SUMIFS('RAW_농산물_9월'!$F:$F,'RAW_농산물_9월'!$D:$D,$C8,'RAW_농산물_9월'!$A:$A,$E8),SUMIFS('RAW_농산물_10월'!$F:$F,'RAW_농산물_10월'!$D:$D,$C8,'RAW_농산물_10월'!$A:$A,$E8),SUMIFS('RAW_농산물_11-12월'!$F:$F,'RAW_농산물_11-12월'!$D:$D,$C8,'RAW_농산물_11-12월'!$A:$A,$E8)))) -> 0 | G8: =IF($C8="","",IF('설정'!$B$3=0,"",CHOOSE('설정'!$B$3,SUMIFS('RAW_농산물_7월'!$G:$G,'RAW_농산물_7월'!$D:$D,$C8,'RAW_농산물_7월'!$A:$A,$E8),SUMIFS('RAW_농산물_8월'!$G:$G,'RAW_농산물_8월'!$D:$D,$C8,'RAW_농산물_8월'!$A:$A,$E8),SUMIFS('RAW_농산물_9월'!$G:$G,'RAW_농산물_9월'!$D:$D,$C8,'RAW_농산물_9월'!$A:$A,$E8),SUMIFS('RAW_농산물_10월'!$G:$G,'RAW_농산물_10월'!$D:$D,$C8,'RAW_농산물_10월'!$A:$A,$E8),SUMIFS('RAW_농산물_11-12월'!$G:$G,'RAW_농산물_11-12월'!$D:$D,$C8,'RAW_농산물_11-12월'!$A:$A,$E8)))) -> 0 | H8: =IF($C8="","",IF('설정'!$B$3=0,"",CHOOSE('설정'!$B$3,SUMIFS('RAW_농산물_7월'!$H:$H,'RAW_농산물_7월'!$D:$D,$C8,'RAW_농산물_7월'!$A:$A,$E8),SUMIFS('RAW_농산물_8월'!$H:$H,'RAW_농산물_8월'!$D:$D,$C8,'RAW_농산물_8월'!$A:$A,$E8),SUMIFS('RAW_농산물_9월'!$H:$H,'RAW_농산물_9월'!$D:$D,$C8,'RAW_농산물_9월'!$A:$A,$E8),SUMIFS('RAW_농산물_10월'!$H:$H,'RAW_농산물_10월'!$D:$D,$C8,'RAW_농산물_10월'!$A:$A,$E8),SUMIFS('RAW_농산물_11-12월'!$H:$H,'RAW_농산물_11-12월'!$D:$D,$C8,'RAW_농산물_11-12월'!$A:$A,$E8)))) -> 0 | I8: =IF($C8="","",IF(COUNTIFS('RAW_농산물_7월'!$D:$D,$C8,'RAW_농산물_7월'!$A:$A,$E8)>0,"O","")) | J8: =IF($C8="","",IF(COUNTIFS('RAW_농산물_8월'!$D:$D,$C8,'RAW_농산물_8월'!$A:$A,$E8)>0,"O","")) -> O | K8: =IF($C8="","",IF(COUNTIFS('RAW_농산물_9월'!$D:$D,$C8,'RAW_농산물_9월'!$A:$A,$E8)>0,"O","")) | L8: =IF($C8="","",IF(COUNTIFS('RAW_농산물_10월'!$D:$D,$C8,'RAW_농산물_10월'!$A:$A,$E8)>0,"O","")) | M8: =IF($C8="","",IF(COUNTIFS('RAW_농산물_11-12월'!$D:$D,$C8,'RAW_농산물_11-12월'!$A:$A,$E8)>0,"O","")) | N8: =IF($C8="","",IF(COUNTA('RAW_농산물_7월'!$A:$A)<=1,"",SUMIFS('RAW_농산물_7월'!$H:$H,'RAW_농산물_7월'!$D:$D,$C8,'RAW_농산물_7월'!$A:$A,$E8))) -> 0 | O8: =IF($C8="","",IF(COUNTA('RAW_농산물_8월'!$A:$A)<=1,"",SUMIFS('RAW_농산물_8월'!$H:$H,'RAW_농산물_8월'!$D:$D,$C8,'RAW_농산물_8월'!$A:$A,$E8)-SUMIFS('RAW_농산물_7월'!$H:$H,'RAW_농산물_7월'!$D:$D,$C8,'RAW_농산물_7월'!$A:$A,$E8))) -> 0 | P8: =IF($C8="","",IF(COUNTA('RAW_농산물_9월'!$A:$A)<=1,"",SUMIFS('RAW_농산물_9월'!$H:$H,'RAW_농산물_9월'!$D:$D,$C8,'RAW_농산물_9월'!$A:$A,$E8)-SUMIFS('RAW_농산물_8월'!$H:$H,'RAW_농산물_8월'!$D:$D,$C8,'RAW_농산물_8월'!$A:$A,$E8))) | Q8: =IF($C8="","",IF(COUNTA('RAW_농산물_10월'!$A:$A)<=1,"",SUMIFS('RAW_농산물_10월'!$H:$H,'RAW_농산물_10월'!$D:$D,$C8,'RAW_농산물_10월'!$A:$A,$E8)-SUMIFS('RAW_농산물_9월'!$H:$H,'RAW_농산물_9월'!$D:$D,$C8,'RAW_농산물_9월'!$A:$A,$E8))) | R8: =IF($C8="","",IF(COUNTA('RAW_농산물_11-12월'!$A:$A)<=1,"",SUMIFS('RAW_농산물_11-12월'!$H:$H,'RAW_농산물_11-12월'!$D:$D,$C8,'RAW_농산물_11-12월'!$A:$A,$E8)-SUMIFS('RAW_농산물_10월'!$H:$H,'RAW_농산물_10월'!$D:$D,$C8,'RAW_농산물_10월'!$A:$A,$E8))) | S8: =IF($C8="","",IF(COUNTIF($I8:$M8,"O")>0,"O","")) -> O | T8: =IF($C8="","",IF($H8=0,"미사용",IF($H8<500000,"50만원 미만",IF($H8<1000000,"100만원 미만",IF($H8<2000000,"200만원 미만",IF($H8<3000000,"300만원 미만",IF($H8<4000000,"400만원 미만",IF($H8<5000000,"500만원 미만",IF($H8<6000000,"600만원 미만",IF($H8<7000000,"700만원 미만",IF($H8<8000000,"800만원 미만",IF($H8<10000000,"1000만원 미만","1000만원 이상")))))))))))) -> 미사용 | U8: =IF($C8="",0,IF('설정'!$B$3=0,0,CHOOSE('설정'!$B$3,COUNTIFS('RAW_농산물_7월'!$D:$D,$C8,'RAW_농산물_7월'!$A:$A,$E8),COUNTIFS('RAW_농산물_8월'!$D:$D,$C8,'RAW_농산물_8월'!$A:$A,$E8),COUNTIFS('RAW_농산물_9월'!$D:$D,$C8,'RAW_농산물_9월'!$A:$A,$E8),COUNTIFS('RAW_농산물_10월'!$D:$D,$C8,'RAW_농산물_10월'!$A:$A,$E8),COUNTIFS('RAW_농산물_11-12월'!$D:$D,$C8,'RAW_농산물_11-12월'!$A:$A,$E8)))) -> 2
A9: 7 | B9: 도약 | C9: 516-88-01860 | D9: 주식회사 농업회사법인 에상스팜 | E9: 롯데ON | F9: =IF($C9="","",IF('설정'!$B$3=0,"",CHOOSE('설정'!$B$3,SUMIFS('RAW_농산물_7월'!$F:$F,'RAW_농산물_7월'!$D:$D,$C9,'RAW_농산물_7월'!$A:$A,$E9),SUMIFS('RAW_농산물_8월'!$F:$F,'RAW_농산물_8월'!$D:$D,$C9,'RAW_농산물_8월'!$A:$A,$E9),SUMIFS('RAW_농산물_9월'!$F:$F,'RAW_농산물_9월'!$D:$D,$C9,'RAW_농산물_9월'!$A:$A,$E9),SUMIFS('RAW_농산물_10월'!$F:$F,'RAW_농산물_10월'!$D:$D,$C9,'RAW_농산물_10월'!$A:$A,$E9),SUMIFS('RAW_농산물_11-12월'!$F:$F,'RAW_농산물_11-12월'!$D:$D,$C9,'RAW_농산물_11-12월'!$A:$A,$E9)))) -> 1999 | G9: =IF($C9="","",IF('설정'!$B$3=0,"",CHOOSE('설정'!$B$3,SUMIFS('RAW_농산물_7월'!$G:$G,'RAW_농산물_7월'!$D:$D,$C9,'RAW_농산물_7월'!$A:$A,$E9),SUMIFS('RAW_농산물_8월'!$G:$G,'RAW_농산물_8월'!$D:$D,$C9,'RAW_농산물_8월'!$A:$A,$E9),SUMIFS('RAW_농산물_9월'!$G:$G,'RAW_농산물_9월'!$D:$D,$C9,'RAW_농산물_9월'!$A:$A,$E9),SUMIFS('RAW_농산물_10월'!$G:$G,'RAW_농산물_10월'!$D:$D,$C9,'RAW_농산물_10월'!$A:$A,$E9),SUMIFS('RAW_농산물_11-12월'!$G:$G,'RAW_농산물_11-12월'!$D:$D,$C9,'RAW_농산물_11-12월'!$A:$A,$E9)))) -> 23281100 | H9: =IF($C9="","",IF('설정'!$B$3=0,"",CHOOSE('설정'!$B$3,SUMIFS('RAW_농산물_7월'!$H:$H,'RAW_농산물_7월'!$D:$D,$C9,'RAW_농산물_7월'!$A:$A,$E9),SUMIFS('RAW_농산물_8월'!$H:$H,'RAW_농산물_8월'!$D:$D,$C9,'RAW_농산물_8월'!$A:$A,$E9),SUMIFS('RAW_농산물_9월'!$H:$H,'RAW_농산물_9월'!$D:$D,$C9,'RAW_농산물_9월'!$A:$A,$E9),SUMIFS('RAW_농산물_10월'!$H:$H,'RAW_농산물_10월'!$D:$D,$C9,'RAW_농산물_10월'!$A:$A,$E9),SUMIFS('RAW_농산물_11-12월'!$H:$H,'RAW_농산물_11-12월'!$D:$D,$C9,'RAW_농산물_11-12월'!$A:$A,$E9)))) -> 4157060 | I9: =IF($C9="","",IF(COUNTIFS('RAW_농산물_7월'!$D:$D,$C9,'RAW_농산물_7월'!$A:$A,$E9)>0,"O","")) -> O | J9: =IF($C9="","",IF(COUNTIFS('RAW_농산물_8월'!$D:$D,$C9,'RAW_농산물_8월'!$A:$A,$E9)>0,"O","")) -> O | K9: =IF($C9="","",IF(COUNTIFS('RAW_농산물_9월'!$D:$D,$C9,'RAW_농산물_9월'!$A:$A,$E9)>0,"O","")) | L9: =IF($C9="","",IF(COUNTIFS('RAW_농산물_10월'!$D:$D,$C9,'RAW_농산물_10월'!$A:$A,$E9)>0,"O","")) | M9: =IF($C9="","",IF(COUNTIFS('RAW_농산물_11-12월'!$D:$D,$C9,'RAW_농산물_11-12월'!$A:$A,$E9)>0,"O","")) | N9: =IF($C9="","",IF(COUNTA('RAW_농산물_7월'!$A:$A)<=1,"",SUMIFS('RAW_농산물_7월'!$H:$H,'RAW_농산물_7월'!$D:$D,$C9,'RAW_농산물_7월'!$A:$A,$E9))) -> 3349800 | O9: =IF($C9="","",IF(COUNTA('RAW_농산물_8월'!$A:$A)<=1,"",SUMIFS('RAW_농산물_8월'!$H:$H,'RAW_농산물_8월'!$D:$D,$C9,'RAW_농산물_8월'!$A:$A,$E9)-SUMIFS('RAW_농산물_7월'!$H:$H,'RAW_농산물_7월'!$D:$D,$C9,'RAW_농산물_7월'!$A:$A,$E9))) -> 807260 | P9: =IF($C9="","",IF(COUNTA('RAW_농산물_9월'!$A:$A)<=1,"",SUMIFS('RAW_농산물_9월'!$H:$H,'RAW_농산물_9월'!$D:$D,$C9,'RAW_농산물_9월'!$A:$A,$E9)-SUMIFS('RAW_농산물_8월'!$H:$H,'RAW_농산물_8월'!$D:$D,$C9,'RAW_농산물_8월'!$A:$A,$E9))) | Q9: =IF($C9="","",IF(COUNTA('RAW_농산물_10월'!$A:$A)<=1,"",SUMIFS('RAW_농산물_10월'!$H:$H,'RAW_농산물_10월'!$D:$D,$C9,'RAW_농산물_10월'!$A:$A,$E9)-SUMIFS('RAW_농산물_9월'!$H:$H,'RAW_농산물_9월'!$D:$D,$C9,'RAW_농산물_9월'!$A:$A,$E9))) | R9: =IF($C9="","",IF(COUNTA('RAW_농산물_11-12월'!$A:$A)<=1,"",SUMIFS('RAW_농산물_11-12월'!$H:$H,'RAW_농산물_11-12월'!$D:$D,$C9,'RAW_농산물_11-12월'!$A:$A,$E9)-SUMIFS('RAW_농산물_10월'!$H:$H,'RAW_농산물_10월'!$D:$D,$C9,'RAW_농산물_10월'!$A:$A,$E9))) | S9: =IF($C9="","",IF(COUNTIF($I9:$M9,"O")>0,"O","")) -> O | T9: =IF($C9="","",IF($H9=0,"미사용",IF($H9<500000,"50만원 미만",IF($H9<1000000,"100만원 미만",IF($H9<2000000,"200만원 미만",IF($H9<3000000,"300만원 미만",IF($H9<4000000,"400만원 미만",IF($H9<5000000,"500만원 미만",IF($H9<6000000,"600만원 미만",IF($H9<7000000,"700만원 미만",IF($H9<8000000,"800만원 미만",IF($H9<10000000,"1000만원 미만","1000만원 이상")))))))))))) -> 500만원 미만 | U9: =IF($C9="",0,IF('설정'!$B$3=0,0,CHOOSE('설정'!$B$3,COUNTIFS('RAW_농산물_7월'!$D:$D,$C9,'RAW_농산물_7월'!$A:$A,$E9),COUNTIFS('RAW_농산물_8월'!$D:$D,$C9,'RAW_농산물_8월'!$A:$A,$E9),COUNTIFS('RAW_농산물_9월'!$D:$D,$C9,'RAW_농산물_9월'!$A:$A,$E9),COUNTIFS('RAW_농산물_10월'!$D:$D,$C9,'RAW_농산물_10월'!$A:$A,$E9),COUNTIFS('RAW_농산물_11-12월'!$D:$D,$C9,'RAW_농산물_11-12월'!$A:$A,$E9)))) -> 2
A10: 8 | B10: 시작 | C10: 709-22-01767 | D10: 푸드상상 | E10: 롯데ON | F10: =IF($C10="","",IF('설정'!$B$3=0,"",CHOOSE('설정'!$B$3,SUMIFS('RAW_농산물_7월'!$F:$F,'RAW_농산물_7월'!$D:$D,$C10,'RAW_농산물_7월'!$A:$A,$E10),SUMIFS('RAW_농산물_8월'!$F:$F,'RAW_농산물_8월'!$D:$D,$C10,'RAW_농산물_8월'!$A:$A,$E10),SUMIFS('RAW_농산물_9월'!$F:$F,'RAW_농산물_9월'!$D:$D,$C10,'RAW_농산물_9월'!$A:$A,$E10),SUMIFS('RAW_농산물_10월'!$F:$F,'RAW_농산물_10월'!$D:$D,$C10,'RAW_농산물_10월'!$A:$A,$E10),SUMIFS('RAW_농산물_11-12월'!$F:$F,'RAW_농산물_11-12월'!$D:$D,$C10,'RAW_농산물_11-12월'!$A:$A,$E10)))) -> 0 | G10: =IF($C10="","",IF('설정'!$B$3=0,"",CHOOSE('설정'!$B$3,SUMIFS('RAW_농산물_7월'!$G:$G,'RAW_농산물_7월'!$D:$D,$C10,'RAW_농산물_7월'!$A:$A,$E10),SUMIFS('RAW_농산물_8월'!$G:$G,'RAW_농산물_8월'!$D:$D,$C10,'RAW_농산물_8월'!$A:$A,$E10),SUMIFS('RAW_농산물_9월'!$G:$G,'RAW_농산물_9월'!$D:$D,$C10,'RAW_농산물_9월'!$A:$A,$E10),SUMIFS('RAW_농산물_10월'!$G:$G,'RAW_농산물_10월'!$D:$D,$C10,'RAW_농산물_10월'!$A:$A,$E10),SUMIFS('RAW_농산물_11-12월'!$G:$G,'RAW_농산물_11-12월'!$D:$D,$C10,'RAW_농산물_11-12월'!$A:$A,$E10)))) -> 0 | H10: =IF($C10="","",IF('설정'!$B$3=0,"",CHOOSE('설정'!$B$3,SUMIFS('RAW_농산물_7월'!$H:$H,'RAW_농산물_7월'!$D:$D,$C10,'RAW_농산물_7월'!$A:$A,$E10),SUMIFS('RAW_농산물_8월'!$H:$H,'RAW_농산물_8월'!$D:$D,$C10,'RAW_농산물_8월'!$A:$A,$E10),SUMIFS('RAW_농산물_9월'!$H:$H,'RAW_농산물_9월'!$D:$D,$C10,'RAW_농산물_9월'!$A:$A,$E10),SUMIFS('RAW_농산물_10월'!$H:$H,'RAW_농산물_10월'!$D:$D,$C10,'RAW_농산물_10월'!$A:$A,$E10),SUMIFS('RAW_농산물_11-12월'!$H:$H,'RAW_농산물_11-12월'!$D:$D,$C10,'RAW_농산물_11-12월'!$A:$A,$E10)))) -> 0 | I10: =IF($C10="","",IF(COUNTIFS('RAW_농산물_7월'!$D:$D,$C10,'RAW_농산물_7월'!$A:$A,$E10)>0,"O","")) | J10: =IF($C10="","",IF(COUNTIFS('RAW_농산물_8월'!$D:$D,$C10,'RAW_농산물_8월'!$A:$A,$E10)>0,"O","")) | K10: =IF($C10="","",IF(COUNTIFS('RAW_농산물_9월'!$D:$D,$C10,'RAW_농산물_9월'!$A:$A,$E10)>0,"O","")) | L10: =IF($C10="","",IF(COUNTIFS('RAW_농산물_10월'!$D:$D,$C10,'RAW_농산물_10월'!$A:$A,$E10)>0,"O","")) | M10: =IF($C10="","",IF(COUNTIFS('RAW_농산물_11-12월'!$D:$D,$C10,'RAW_농산물_11-12월'!$A:$A,$E10)>0,"O","")) | N10: =IF($C10="","",IF(COUNTA('RAW_농산물_7월'!$A:$A)<=1,"",SUMIFS('RAW_농산물_7월'!$H:$H,'RAW_농산물_7월'!$D:$D,$C10,'RAW_농산물_7월'!$A:$A,$E10))) -> 0 | O10: =IF($C10="","",IF(COUNTA('RAW_농산물_8월'!$A:$A)<=1,"",SUMIFS('RAW_농산물_8월'!$H:$H,'RAW_농산물_8월'!$D:$D,$C10,'RAW_농산물_8월'!$A:$A,$E10)-SUMIFS('RAW_농산물_7월'!$H:$H,'RAW_농산물_7월'!$D:$D,$C10,'RAW_농산물_7월'!$A:$A,$E10))) -> 0 | P10: =IF($C10="","",IF(COUNTA('RAW_농산물_9월'!$A:$A)<=1,"",SUMIFS('RAW_농산물_9월'!$H:$H,'RAW_농산물_9월'!$D:$D,$C10,'RAW_농산물_9월'!$A:$A,$E10)-SUMIFS('RAW_농산물_8월'!$H:$H,'RAW_농산물_8월'!$D:$D,$C10,'RAW_농산물_8월'!$A:$A,$E10))) | Q10: =IF($C10="","",IF(COUNTA('RAW_농산물_10월'!$A:$A)<=1,"",SUMIFS('RAW_농산물_10월'!$H:$H,'RAW_농산물_10월'!$D:$D,$C10,'RAW_농산물_10월'!$A:$A,$E10)-SUMIFS('RAW_농산물_9월'!$H:$H,'RAW_농산물_9월'!$D:$D,$C10,'RAW_농산물_9월'!$A:$A,$E10))) | R10: =IF($C10="","",IF(COUNTA('RAW_농산물_11-12월'!$A:$A)<=1,"",SUMIFS('RAW_농산물_11-12월'!$H:$H,'RAW_농산물_11-12월'!$D:$D,$C10,'RAW_농산물_11-12월'!$A:$A,$E10)-SUMIFS('RAW_농산물_10월'!$H:$H,'RAW_농산물_10월'!$D:$D,$C10,'RAW_농산물_10월'!$A:$A,$E10))) | S10: =IF($C10="","",IF(COUNTIF($I10:$M10,"O")>0,"O","")) | T10: =IF($C10="","",IF($H10=0,"미사용",IF($H10<500000,"50만원 미만",IF($H10<1000000,"100만원 미만",IF($H10<2000000,"200만원 미만",IF($H10<3000000,"300만원 미만",IF($H10<4000000,"400만원 미만",IF($H10<5000000,"500만원 미만",IF($H10<6000000,"600만원 미만",IF($H10<7000000,"700만원 미만",IF($H10<8000000,"800만원 미만",IF($H10<10000000,"1000만원 미만","1000만원 이상")))))))))))) -> 미사용 | U10: =IF($C10="",0,IF('설정'!$B$3=0,0,CHOOSE('설정'!$B$3,COUNTIFS('RAW_농산물_7월'!$D:$D,$C10,'RAW_농산물_7월'!$A:$A,$E10),COUNTIFS('RAW_농산물_8월'!$D:$D,$C10,'RAW_농산물_8월'!$A:$A,$E10),COUNTIFS('RAW_농산물_9월'!$D:$D,$C10,'RAW_농산물_9월'!$A:$A,$E10),COUNTIFS('RAW_농산물_10월'!$D:$D,$C10,'RAW_농산물_10월'!$A:$A,$E10),COUNTIFS('RAW_농산물_11-12월'!$D:$D,$C10,'RAW_농산물_11-12월'!$A:$A,$E10)))) -> 0
A11: 9 | B11: 시작 | C11: 104-12-14323 | D11: 교동앵무새힐링농장 | E11: 네이버 | F11: =IF($C11="","",IF('설정'!$B$3=0,"",CHOOSE('설정'!$B$3,SUMIFS('RAW_농산물_7월'!$F:$F,'RAW_농산물_7월'!$D:$D,$C11,'RAW_농산물_7월'!$A:$A,$E11),SUMIFS('RAW_농산물_8월'!$F:$F,'RAW_농산물_8월'!$D:$D,$C11,'RAW_농산물_8월'!$A:$A,$E11),SUMIFS('RAW_농산물_9월'!$F:$F,'RAW_농산물_9월'!$D:$D,$C11,'RAW_농산물_9월'!$A:$A,$E11),SUMIFS('RAW_농산물_10월'!$F:$F,'RAW_농산물_10월'!$D:$D,$C11,'RAW_농산물_10월'!$A:$A,$E11),SUMIFS('RAW_농산물_11-12월'!$F:$F,'RAW_농산물_11-12월'!$D:$D,$C11,'RAW_농산물_11-12월'!$A:$A,$E11)))) -> 0 | G11: =IF($C11="","",IF('설정'!$B$3=0,"",CHOOSE('설정'!$B$3,SUMIFS('RAW_농산물_7월'!$G:$G,'RAW_농산물_7월'!$D:$D,$C11,'RAW_농산물_7월'!$A:$A,$E11),SUMIFS('RAW_농산물_8월'!$G:$G,'RAW_농산물_8월'!$D:$D,$C11,'RAW_농산물_8월'!$A:$A,$E11),SUMIFS('RAW_농산물_9월'!$G:$G,'RAW_농산물_9월'!$D:$D,$C11,'RAW_농산물_9월'!$A:$A,$E11),SUMIFS('RAW_농산물_10월'!$G:$G,'RAW_농산물_10월'!$D:$D,$C11,'RAW_농산물_10월'!$A:$A,$E11),SUMIFS('RAW_농산물_11-12월'!$G:$G,'RAW_농산물_11-12월'!$D:$D,$C11,'RAW_농산물_11-12월'!$A:$A,$E11)))) -> 0 | H11: =IF($C11="","",IF('설정'!$B$3=0,"",CHOOSE('설정'!$B$3,SUMIFS('RAW_농산물_7월'!$H:$H,'RAW_농산물_7월'!$D:$D,$C11,'RAW_농산물_7월'!$A:$A,$E11),SUMIFS('RAW_농산물_8월'!$H:$H,'RAW_농산물_8월'!$D:$D,$C11,'RAW_농산물_8월'!$A:$A,$E11),SUMIFS('RAW_농산물_9월'!$H:$H,'RAW_농산물_9월'!$D:$D,$C11,'RAW_농산물_9월'!$A:$A,$E11),SUMIFS('RAW_농산물_10월'!$H:$H,'RAW_농산물_10월'!$D:$D,$C11,'RAW_농산물_10월'!$A:$A,$E11),SUMIFS('RAW_농산물_11-12월'!$H:$H,'RAW_농산물_11-12월'!$D:$D,$C11,'RAW_농산물_11-12월'!$A:$A,$E11)))) -> 0 | I11: =IF($C11="","",IF(COUNTIFS('RAW_농산물_7월'!$D:$D,$C11,'RAW_농산물_7월'!$A:$A,$E11)>0,"O","")) | J11: =IF($C11="","",IF(COUNTIFS('RAW_농산물_8월'!$D:$D,$C11,'RAW_농산물_8월'!$A:$A,$E11)>0,"O","")) | K11: =IF($C11="","",IF(COUNTIFS('RAW_농산물_9월'!$D:$D,$C11,'RAW_농산물_9월'!$A:$A,$E11)>0,"O","")) | L11: =IF($C11="","",IF(COUNTIFS('RAW_농산물_10월'!$D:$D,$C11,'RAW_농산물_10월'!$A:$A,$E11)>0,"O","")) | M11: =IF($C11="","",IF(COUNTIFS('RAW_농산물_11-12월'!$D:$D,$C11,'RAW_농산물_11-12월'!$A:$A,$E11)>0,"O","")) | N11: =IF($C11="","",IF(COUNTA('RAW_농산물_7월'!$A:$A)<=1,"",SUMIFS('RAW_농산물_7월'!$H:$H,'RAW_농산물_7월'!$D:$D,$C11,'RAW_농산물_7월'!$A:$A,$E11))) -> 0 | O11: =IF($C11="","",IF(COUNTA('RAW_농산물_8월'!$A:$A)<=1,"",SUMIFS('RAW_농산물_8월'!$H:$H,'RAW_농산물_8월'!$D:$D,$C11,'RAW_농산물_8월'!$A:$A,$E11)-SUMIFS('RAW_농산물_7월'!$H:$H,'RAW_농산물_7월'!$D:$D,$C11,'RAW_농산물_7월'!$A:$A,$E11))) -> 0 | P11: =IF($C11="","",IF(COUNTA('RAW_농산물_9월'!$A:$A)<=1,"",SUMIFS('RAW_농산물_9월'!$H:$H,'RAW_농산물_9월'!$D:$D,$C11,'RAW_농산물_9월'!$A:$A,$E11)-SUMIFS('RAW_농산물_8월'!$H:$H,'RAW_농산물_8월'!$D:$D,$C11,'RAW_농산물_8월'!$A:$A,$E11))) | Q11: =IF($C11="","",IF(COUNTA('RAW_농산물_10월'!$A:$A)<=1,"",SUMIFS('RAW_농산물_10월'!$H:$H,'RAW_농산물_10월'!$D:$D,$C11,'RAW_농산물_10월'!$A:$A,$E11)-SUMIFS('RAW_농산물_9월'!$H:$H,'RAW_농산물_9월'!$D:$D,$C11,'RAW_농산물_9월'!$A:$A,$E11))) | R11: =IF($C11="","",IF(COUNTA('RAW_농산물_11-12월'!$A:$A)<=1,"",SUMIFS('RAW_농산물_11-12월'!$H:$H,'RAW_농산물_11-12월'!$D:$D,$C11,'RAW_농산물_11-12월'!$A:$A,$E11)-SUMIFS('RAW_농산물_10월'!$H:$H,'RAW_농산물_10월'!$D:$D,$C11,'RAW_농산물_10월'!$A:$A,$E11))) | S11: =IF($C11="","",IF(COUNTIF($I11:$M11,"O")>0,"O","")) | T11: =IF($C11="","",IF($H11=0,"미사용",IF($H11<500000,"50만원 미만",IF($H11<1000000,"100만원 미만",IF($H11<2000000,"200만원 미만",IF($H11<3000000,"300만원 미만",IF($H11<4000000,"400만원 미만",IF($H11<5000000,"500만원 미만",IF($H11<6000000,"600만원 미만",IF($H11<7000000,"700만원 미만",IF($H11<8000000,"800만원 미만",IF($H11<10000000,"1000만원 미만","1000만원 이상")))))))))))) -> 미사용 | U11: =IF($C11="",0,IF('설정'!$B$3=0,0,CHOOSE('설정'!$B$3,COUNTIFS('RAW_농산물_7월'!$D:$D,$C11,'RAW_농산물_7월'!$A:$A,$E11),COUNTIFS('RAW_농산물_8월'!$D:$D,$C11,'RAW_농산물_8월'!$A:$A,$E11),COUNTIFS('RAW_농산물_9월'!$D:$D,$C11,'RAW_농산물_9월'!$A:$A,$E11),COUNTIFS('RAW_농산물_10월'!$D:$D,$C11,'RAW_농산물_10월'!$A:$A,$E11),COUNTIFS('RAW_농산물_11-12월'!$D:$D,$C11,'RAW_농산물_11-12월'!$A:$A,$E11)))) -> 0
A12: 10 | B12: 도약 | C12: 514-03-53195 | D12: 삼진식품 | E12: 롯데ON | F12: =IF($C12="","",IF('설정'!$B$3=0,"",CHOOSE('설정'!$B$3,SUMIFS('RAW_농산물_7월'!$F:$F,'RAW_농산물_7월'!$D:$D,$C12,'RAW_농산물_7월'!$A:$A,$E12),SUMIFS('RAW_농산물_8월'!$F:$F,'RAW_농산물_8월'!$D:$D,$C12,'RAW_농산물_8월'!$A:$A,$E12),SUMIFS('RAW_농산물_9월'!$F:$F,'RAW_농산물_9월'!$D:$D,$C12,'RAW_농산물_9월'!$A:$A,$E12),SUMIFS('RAW_농산물_10월'!$F:$F,'RAW_농산물_10월'!$D:$D,$C12,'RAW_농산물_10월'!$A:$A,$E12),SUMIFS('RAW_농산물_11-12월'!$F:$F,'RAW_농산물_11-12월'!$D:$D,$C12,'RAW_농산물_11-12월'!$A:$A,$E12)))) -> 0 | G12: =IF($C12="","",IF('설정'!$B$3=0,"",CHOOSE('설정'!$B$3,SUMIFS('RAW_농산물_7월'!$G:$G,'RAW_농산물_7월'!$D:$D,$C12,'RAW_농산물_7월'!$A:$A,$E12),SUMIFS('RAW_농산물_8월'!$G:$G,'RAW_농산물_8월'!$D:$D,$C12,'RAW_농산물_8월'!$A:$A,$E12),SUMIFS('RAW_농산물_9월'!$G:$G,'RAW_농산물_9월'!$D:$D,$C12,'RAW_농산물_9월'!$A:$A,$E12),SUMIFS('RAW_농산물_10월'!$G:$G,'RAW_농산물_10월'!$D:$D,$C12,'RAW_농산물_10월'!$A:$A,$E12),SUMIFS('RAW_농산물_11-12월'!$G:$G,'RAW_농산물_11-12월'!$D:$D,$C12,'RAW_농산물_11-12월'!$A:$A,$E12)))) -> 0 | H12: =IF($C12="","",IF('설정'!$B$3=0,"",CHOOSE('설정'!$B$3,SUMIFS('RAW_농산물_7월'!$H:$H,'RAW_농산물_7월'!$D:$D,$C12,'RAW_농산물_7월'!$A:$A,$E12),SUMIFS('RAW_농산물_8월'!$H:$H,'RAW_농산물_8월'!$D:$D,$C12,'RAW_농산물_8월'!$A:$A,$E12),SUMIFS('RAW_농산물_9월'!$H:$H,'RAW_농산물_9월'!$D:$D,$C12,'RAW_농산물_9월'!$A:$A,$E12),SUMIFS('RAW_농산물_10월'!$H:$H,'RAW_농산물_10월'!$D:$D,$C12,'RAW_농산물_10월'!$A:$A,$E12),SUMIFS('RAW_농산물_11-12월'!$H:$H,'RAW_농산물_11-12월'!$D:$D,$C12,'RAW_농산물_11-12월'!$A:$A,$E12)))) -> 0 | I12: =IF($C12="","",IF(COUNTIFS('RAW_농산물_7월'!$D:$D,$C12,'RAW_농산물_7월'!$A:$A,$E12)>0,"O","")) | J12: =IF($C12="","",IF(COUNTIFS('RAW_농산물_8월'!$D:$D,$C12,'RAW_농산물_8월'!$A:$A,$E12)>0,"O","")) | K12: =IF($C12="","",IF(COUNTIFS('RAW_농산물_9월'!$D:$D,$C12,'RAW_농산물_9월'!$A:$A,$E12)>0,"O","")) | L12: =IF($C12="","",IF(COUNTIFS('RAW_농산물_10월'!$D:$D,$C12,'RAW_농산물_10월'!$A:$A,$E12)>0,"O","")) | M12: =IF($C12="","",IF(COUNTIFS('RAW_농산물_11-12월'!$D:$D,$C12,'RAW_농산물_11-12월'!$A:$A,$E12)>0,"O","")) | N12: =IF($C12="","",IF(COUNTA('RAW_농산물_7월'!$A:$A)<=1,"",SUMIFS('RAW_농산물_7월'!$H:$H,'RAW_농산물_7월'!$D:$D,$C12,'RAW_농산물_7월'!$A:$A,$E12))) -> 0 | O12: =IF($C12="","",IF(COUNTA('RAW_농산물_8월'!$A:$A)<=1,"",SUMIFS('RAW_농산물_8월'!$H:$H,'RAW_농산물_8월'!$D:$D,$C12,'RAW_농산물_8월'!$A:$A,$E12)-SUMIFS('RAW_농산물_7월'!$H:$H,'RAW_농산물_7월'!$D:$D,$C12,'RAW_농산물_7월'!$A:$A,$E12))) -> 0 | P12: =IF($C12="","",IF(COUNTA('RAW_농산물_9월'!$A:$A)<=1,"",SUMIFS('RAW_농산물_9월'!$H:$H,'RAW_농산물_9월'!$D:$D,$C12,'RAW_농산물_9월'!$A:$A,$E12)-SUMIFS('RAW_농산물_8월'!$H:$H,'RAW_농산물_8월'!$D:$D,$C12,'RAW_농산물_8월'!$A:$A,$E12))) | Q12: =IF($C12="","",IF(COUNTA('RAW_농산물_10월'!$A:$A)<=1,"",SUMIFS('RAW_농산물_10월'!$H:$H,'RAW_농산물_10월'!$D:$D,$C12,'RAW_농산물_10월'!$A:$A,$E12)-SUMIFS('RAW_농산물_9월'!$H:$H,'RAW_농산물_9월'!$D:$D,$C12,'RAW_농산물_9월'!$A:$A,$E12))) | R12: =IF($C12="","",IF(COUNTA('RAW_농산물_11-12월'!$A:$A)<=1,"",SUMIFS('RAW_농산물_11-12월'!$H:$H,'RAW_농산물_11-12월'!$D:$D,$C12,'RAW_농산물_11-12월'!$A:$A,$E12)-SUMIFS('RAW_농산물_10월'!$H:$H,'RAW_농산물_10월'!$D:$D,$C12,'RAW_농산물_10월'!$A:$A,$E12))) | S12: =IF($C12="","",IF(COUNTIF($I12:$M12,"O")>0,"O","")) | T12: =IF($C12="","",IF($H12=0,"미사용",IF($H12<500000,"50만원 미만",IF($H12<1000000,"100만원 미만",IF($H12<2000000,"200만원 미만",IF($H12<3000000,"300만원 미만",IF($H12<4000000,"400만원 미만",IF($H12<5000000,"500만원 미만",IF($H12<6000000,"600만원 미만",IF($H12<7000000,"700만원 미만",IF($H12<8000000,"800만원 미만",IF($H12<10000000,"1000만원 미만","1000만원 이상")))))))))))) -> 미사용 | U12: =IF($C12="",0,IF('설정'!$B$3=0,0,CHOOSE('설정'!$B$3,COUNTIFS('RAW_농산물_7월'!$D:$D,$C12,'RAW_농산물_7월'!$A:$A,$E12),COUNTIFS('RAW_농산물_8월'!$D:$D,$C12,'RAW_농산물_8월'!$A:$A,$E12),COUNTIFS('RAW_농산물_9월'!$D:$D,$C12,'RAW_농산물_9월'!$A:$A,$E12),COUNTIFS('RAW_농산물_10월'!$D:$D,$C12,'RAW_농산물_10월'!$A:$A,$E12),COUNTIFS('RAW_농산물_11-12월'!$D:$D,$C12,'RAW_농산물_11-12월'!$A:$A,$E12)))) -> 0
A13: 11 | B13: 도약 | C13: 892-87-01864 | D13: 주식회사 마들 | E13: 지마켓 | F13: =IF($C13="","",IF('설정'!$B$3=0,"",CHOOSE('설정'!$B$3,SUMIFS('RAW_농산물_7월'!$F:$F,'RAW_농산물_7월'!$D:$D,$C13,'RAW_농산물_7월'!$A:$A,$E13),SUMIFS('RAW_농산물_8월'!$F:$F,'RAW_농산물_8월'!$D:$D,$C13,'RAW_농산물_8월'!$A:$A,$E13),SUMIFS('RAW_농산물_9월'!$F:$F,'RAW_농산물_9월'!$D:$D,$C13,'RAW_농산물_9월'!$A:$A,$E13),SUMIFS('RAW_농산물_10월'!$F:$F,'RAW_농산물_10월'!$D:$D,$C13,'RAW_농산물_10월'!$A:$A,$E13),SUMIFS('RAW_농산물_11-12월'!$F:$F,'RAW_농산물_11-12월'!$D:$D,$C13,'RAW_농산물_11-12월'!$A:$A,$E13)))) -> 253 | G13: =IF($C13="","",IF('설정'!$B$3=0,"",CHOOSE('설정'!$B$3,SUMIFS('RAW_농산물_7월'!$G:$G,'RAW_농산물_7월'!$D:$D,$C13,'RAW_농산물_7월'!$A:$A,$E13),SUMIFS('RAW_농산물_8월'!$G:$G,'RAW_농산물_8월'!$D:$D,$C13,'RAW_농산물_8월'!$A:$A,$E13),SUMIFS('RAW_농산물_9월'!$G:$G,'RAW_농산물_9월'!$D:$D,$C13,'RAW_농산물_9월'!$A:$A,$E13),SUMIFS('RAW_농산물_10월'!$G:$G,'RAW_농산물_10월'!$D:$D,$C13,'RAW_농산물_10월'!$A:$A,$E13),SUMIFS('RAW_농산물_11-12월'!$G:$G,'RAW_농산물_11-12월'!$D:$D,$C13,'RAW_농산물_11-12월'!$A:$A,$E13)))) -> 5220720 | H13: =IF($C13="","",IF('설정'!$B$3=0,"",CHOOSE('설정'!$B$3,SUMIFS('RAW_농산물_7월'!$H:$H,'RAW_농산물_7월'!$D:$D,$C13,'RAW_농산물_7월'!$A:$A,$E13),SUMIFS('RAW_농산물_8월'!$H:$H,'RAW_농산물_8월'!$D:$D,$C13,'RAW_농산물_8월'!$A:$A,$E13),SUMIFS('RAW_농산물_9월'!$H:$H,'RAW_농산물_9월'!$D:$D,$C13,'RAW_농산물_9월'!$A:$A,$E13),SUMIFS('RAW_농산물_10월'!$H:$H,'RAW_농산물_10월'!$D:$D,$C13,'RAW_농산물_10월'!$A:$A,$E13),SUMIFS('RAW_농산물_11-12월'!$H:$H,'RAW_농산물_11-12월'!$D:$D,$C13,'RAW_농산물_11-12월'!$A:$A,$E13)))) -> 278100 | I13: =IF($C13="","",IF(COUNTIFS('RAW_농산물_7월'!$D:$D,$C13,'RAW_농산물_7월'!$A:$A,$E13)>0,"O","")) -> O | J13: =IF($C13="","",IF(COUNTIFS('RAW_농산물_8월'!$D:$D,$C13,'RAW_농산물_8월'!$A:$A,$E13)>0,"O","")) -> O | K13: =IF($C13="","",IF(COUNTIFS('RAW_농산물_9월'!$D:$D,$C13,'RAW_농산물_9월'!$A:$A,$E13)>0,"O","")) | L13: =IF($C13="","",IF(COUNTIFS('RAW_농산물_10월'!$D:$D,$C13,'RAW_농산물_10월'!$A:$A,$E13)>0,"O","")) | M13: =IF($C13="","",IF(COUNTIFS('RAW_농산물_11-12월'!$D:$D,$C13,'RAW_농산물_11-12월'!$A:$A,$E13)>0,"O","")) | N13: =IF($C13="","",IF(COUNTA('RAW_농산물_7월'!$A:$A)<=1,"",SUMIFS('RAW_농산물_7월'!$H:$H,'RAW_농산물_7월'!$D:$D,$C13,'RAW_농산물_7월'!$A:$A,$E13))) -> 58200 | O13: =IF($C13="","",IF(COUNTA('RAW_농산물_8월'!$A:$A)<=1,"",SUMIFS('RAW_농산물_8월'!$H:$H,'RAW_농산물_8월'!$D:$D,$C13,'RAW_농산물_8월'!$A:$A,$E13)-SUMIFS('RAW_농산물_7월'!$H:$H,'RAW_농산물_7월'!$D:$D,$C13,'RAW_농산물_7월'!$A:$A,$E13))) -> 219900 | P13: =IF($C13="","",IF(COUNTA('RAW_농산물_9월'!$A:$A)<=1,"",SUMIFS('RAW_농산물_9월'!$H:$H,'RAW_농산물_9월'!$D:$D,$C13,'RAW_농산물_9월'!$A:$A,$E13)-SUMIFS('RAW_농산물_8월'!$H:$H,'RAW_농산물_8월'!$D:$D,$C13,'RAW_농산물_8월'!$A:$A,$E13))) | Q13: =IF($C13="","",IF(COUNTA('RAW_농산물_10월'!$A:$A)<=1,"",SUMIFS('RAW_농산물_10월'!$H:$H,'RAW_농산물_10월'!$D:$D,$C13,'RAW_농산물_10월'!$A:$A,$E13)-SUMIFS('RAW_농산물_9월'!$H:$H,'RAW_농산물_9월'!$D:$D,$C13,'RAW_농산물_9월'!$A:$A,$E13))) | R13: =IF($C13="","",IF(COUNTA('RAW_농산물_11-12월'!$A:$A)<=1,"",SUMIFS('RAW_농산물_11-12월'!$H:$H,'RAW_농산물_11-12월'!$D:$D,$C13,'RAW_농산물_11-12월'!$A:$A,$E13)-SUMIFS('RAW_농산물_10월'!$H:$H,'RAW_농산물_10월'!$D:$D,$C13,'RAW_농산물_10월'!$A:$A,$E13))) | S13: =IF($C13="","",IF(COUNTIF($I13:$M13,"O")>0,"O","")) -> O | T13: =IF($C13="","",IF($H13=0,"미사용",IF($H13<500000,"50만원 미만",IF($H13<1000000,"100만원 미만",IF($H13<2000000,"200만원 미만",IF($H13<3000000,"300만원 미만",IF($H13<4000000,"400만원 미만",IF($H13<5000000,"500만원 미만",IF($H13<6000000,"600만원 미만",IF($H13<7000000,"700만원 미만",IF($H13<8000000,"800만원 미만",IF($H13<10000000,"1000만원 미만","1000만원 이상")))))))))))) -> 50만원 미만 | U13: =IF($C13="",0,IF('설정'!$B$3=0,0,CHOOSE('설정'!$B$3,COUNTIFS('RAW_농산물_7월'!$D:$D,$C13,'RAW_농산물_7월'!$A:$A,$E13),COUNTIFS('RAW_농산물_8월'!$D:$D,$C13,'RAW_농산물_8월'!$A:$A,$E13),COUNTIFS('RAW_농산물_9월'!$D:$D,$C13,'RAW_농산물_9월'!$A:$A,$E13),COUNTIFS('RAW_농산물_10월'!$D:$D,$C13,'RAW_농산물_10월'!$A:$A,$E13),COUNTIFS('RAW_농산물_11-12월'!$D:$D,$C13,'RAW_농산물_11-12월'!$A:$A,$E13)))) -> 1
A14: 12 | B14: 도약 | C14: 803-88-01105 | D14: 오고농원(주) | E14: 네이버 | F14: =IF($C14="","",IF('설정'!$B$3=0,"",CHOOSE('설정'!$B$3,SUMIFS('RAW_농산물_7월'!$F:$F,'RAW_농산물_7월'!$D:$D,$C14,'RAW_농산물_7월'!$A:$A,$E14),SUMIFS('RAW_농산물_8월'!$F:$F,'RAW_농산물_8월'!$D:$D,$C14,'RAW_농산물_8월'!$A:$A,$E14),SUMIFS('RAW_농산물_9월'!$F:$F,'RAW_농산물_9월'!$D:$D,$C14,'RAW_농산물_9월'!$A:$A,$E14),SUMIFS('RAW_농산물_10월'!$F:$F,'RAW_농산물_10월'!$D:$D,$C14,'RAW_농산물_10월'!$A:$A,$E14),SUMIFS('RAW_농산물_11-12월'!$F:$F,'RAW_농산물_11-12월'!$D:$D,$C14,'RAW_농산물_11-12월'!$A:$A,$E14)))) -> 702 | G14: =IF($C14="","",IF('설정'!$B$3=0,"",CHOOSE('설정'!$B$3,SUMIFS('RAW_농산물_7월'!$G:$G,'RAW_농산물_7월'!$D:$D,$C14,'RAW_농산물_7월'!$A:$A,$E14),SUMIFS('RAW_농산물_8월'!$G:$G,'RAW_농산물_8월'!$D:$D,$C14,'RAW_농산물_8월'!$A:$A,$E14),SUMIFS('RAW_농산물_9월'!$G:$G,'RAW_농산물_9월'!$D:$D,$C14,'RAW_농산물_9월'!$A:$A,$E14),SUMIFS('RAW_농산물_10월'!$G:$G,'RAW_농산물_10월'!$D:$D,$C14,'RAW_농산물_10월'!$A:$A,$E14),SUMIFS('RAW_농산물_11-12월'!$G:$G,'RAW_농산물_11-12월'!$D:$D,$C14,'RAW_농산물_11-12월'!$A:$A,$E14)))) -> 31950500 | H14: =IF($C14="","",IF('설정'!$B$3=0,"",CHOOSE('설정'!$B$3,SUMIFS('RAW_농산물_7월'!$H:$H,'RAW_농산물_7월'!$D:$D,$C14,'RAW_농산물_7월'!$A:$A,$E14),SUMIFS('RAW_농산물_8월'!$H:$H,'RAW_농산물_8월'!$D:$D,$C14,'RAW_농산물_8월'!$A:$A,$E14),SUMIFS('RAW_농산물_9월'!$H:$H,'RAW_농산물_9월'!$D:$D,$C14,'RAW_농산물_9월'!$A:$A,$E14),SUMIFS('RAW_농산물_10월'!$H:$H,'RAW_농산물_10월'!$D:$D,$C14,'RAW_농산물_10월'!$A:$A,$E14),SUMIFS('RAW_농산물_11-12월'!$H:$H,'RAW_농산물_11-12월'!$D:$D,$C14,'RAW_농산물_11-12월'!$A:$A,$E14)))) -> 2604620 | I14: =IF($C14="","",IF(COUNTIFS('RAW_농산물_7월'!$D:$D,$C14,'RAW_농산물_7월'!$A:$A,$E14)>0,"O","")) -> O | J14: =IF($C14="","",IF(COUNTIFS('RAW_농산물_8월'!$D:$D,$C14,'RAW_농산물_8월'!$A:$A,$E14)>0,"O","")) -> O | K14: =IF($C14="","",IF(COUNTIFS('RAW_농산물_9월'!$D:$D,$C14,'RAW_농산물_9월'!$A:$A,$E14)>0,"O","")) | L14: =IF($C14="","",IF(COUNTIFS('RAW_농산물_10월'!$D:$D,$C14,'RAW_농산물_10월'!$A:$A,$E14)>0,"O","")) | M14: =IF($C14="","",IF(COUNTIFS('RAW_농산물_11-12월'!$D:$D,$C14,'RAW_농산물_11-12월'!$A:$A,$E14)>0,"O","")) | N14: =IF($C14="","",IF(COUNTA('RAW_농산물_7월'!$A:$A)<=1,"",SUMIFS('RAW_농산물_7월'!$H:$H,'RAW_농산물_7월'!$D:$D,$C14,'RAW_농산물_7월'!$A:$A,$E14))) -> 1074020 | O14: =IF($C14="","",IF(COUNTA('RAW_농산물_8월'!$A:$A)<=1,"",SUMIFS('RAW_농산물_8월'!$H:$H,'RAW_농산물_8월'!$D:$D,$C14,'RAW_농산물_8월'!$A:$A,$E14)-SUMIFS('RAW_농산물_7월'!$H:$H,'RAW_농산물_7월'!$D:$D,$C14,'RAW_농산물_7월'!$A:$A,$E14))) -> 1530600 | P14: =IF($C14="","",IF(COUNTA('RAW_농산물_9월'!$A:$A)<=1,"",SUMIFS('RAW_농산물_9월'!$H:$H,'RAW_농산물_9월'!$D:$D,$C14,'RAW_농산물_9월'!$A:$A,$E14)-SUMIFS('RAW_농산물_8월'!$H:$H,'RAW_농산물_8월'!$D:$D,$C14,'RAW_농산물_8월'!$A:$A,$E14))) | Q14: =IF($C14="","",IF(COUNTA('RAW_농산물_10월'!$A:$A)<=1,"",SUMIFS('RAW_농산물_10월'!$H:$H,'RAW_농산물_10월'!$D:$D,$C14,'RAW_농산물_10월'!$A:$A,$E14)-SUMIFS('RAW_농산물_9월'!$H:$H,'RAW_농산물_9월'!$D:$D,$C14,'RAW_농산물_9월'!$A:$A,$E14))) | R14: =IF($C14="","",IF(COUNTA('RAW_농산물_11-12월'!$A:$A)<=1,"",SUMIFS('RAW_농산물_11-12월'!$H:$H,'RAW_농산물_11-12월'!$D:$D,$C14,'RAW_농산물_11-12월'!$A:$A,$E14)-SUMIFS('RAW_농산물_10월'!$H:$H,'RAW_농산물_10월'!$D:$D,$C14,'RAW_농산물_10월'!$A:$A,$E14))) | S14: =IF($C14="","",IF(COUNTIF($I14:$M14,"O")>0,"O","")) -> O | T14: =IF($C14="","",IF($H14=0,"미사용",IF($H14<500000,"50만원 미만",IF($H14<1000000,"100만원 미만",IF($H14<2000000,"200만원 미만",IF($H14<3000000,"300만원 미만",IF($H14<4000000,"400만원 미만",IF($H14<5000000,"500만원 미만",IF($H14<6000000,"600만원 미만",IF($H14<7000000,"700만원 미만",IF($H14<8000000,"800만원 미만",IF($H14<10000000,"1000만원 미만","1000만원 이상")))))))))))) -> 300만원 미만 | U14: =IF($C14="",0,IF('설정'!$B$3=0,0,CHOOSE('설정'!$B$3,COUNTIFS('RAW_농산물_7월'!$D:$D,$C14,'RAW_농산물_7월'!$A:$A,$E14),COUNTIFS('RAW_농산물_8월'!$D:$D,$C14,'RAW_농산물_8월'!$A:$A,$E14),COUNTIFS('RAW_농산물_9월'!$D:$D,$C14,'RAW_농산물_9월'!$A:$A,$E14),COUNTIFS('RAW_농산물_10월'!$D:$D,$C14,'RAW_농산물_10월'!$A:$A,$E14),COUNTIFS('RAW_농산물_11-12월'!$D:$D,$C14,'RAW_농산물_11-12월'!$A:$A,$E14)))) -> 6
... A287: 285 | B287: 시작 | C287: 210-97-02245 | D287: 참외쀼 | E287: 네이버 | F287: =IF($C287="","",IF('설정'!$B$3=0,"",CHOOSE('설정'!$B$3,SUMIFS('RAW_농산물_7월'!$F:$F,'RAW_농산물_7월'!$D:$D,$C287,'RAW_농산물_7월'!$A:$A,$E287),SUMIFS('RAW_농산물_8월'!$F:$F,'RAW_농산물_8월'!$D:$D,$C287,'RAW_농산물_8월'!$A:$A,$E287),SUMIFS('RAW_농산물_9월'!$F:$F,'RAW_농산물_9월'!$D:$D,$C287,'RAW_농산물_9월'!$A:$A,$E287),SUMIFS('RAW_농산물_10월'!$F:$F,'RAW_농산물_10월'!$D:$D,$C287,'RAW_농산물_10월'!$A:$A,$E287),SUMIFS('RAW_농산물_11-12월'!$F:$F,'RAW_농산물_11-12월'!$D:$D,$C287,'RAW_농산물_11-12월'!$A:$A,$E287)))) -> 2 | G287: =IF($C287="","",IF('설정'!$B$3=0,"",CHOOSE('설정'!$B$3,SUMIFS('RAW_농산물_7월'!$G:$G,'RAW_농산물_7월'!$D:$D,$C287,'RAW_농산물_7월'!$A:$A,$E287),SUMIFS('RAW_농산물_8월'!$G:$G,'RAW_농산물_8월'!$D:$D,$C287,'RAW_농산물_8월'!$A:$A,$E287),SUMIFS('RAW_농산물_9월'!$G:$G,'RAW_농산물_9월'!$D:$D,$C287,'RAW_농산물_9월'!$A:$A,$E287),SUMIFS('RAW_농산물_10월'!$G:$G,'RAW_농산물_10월'!$D:$D,$C287,'RAW_농산물_10월'!$A:$A,$E287),SUMIFS('RAW_농산물_11-12월'!$G:$G,'RAW_농산물_11-12월'!$D:$D,$C287,'RAW_농산물_11-12월'!$A:$A,$E287)))) -> 61900 | H287: =IF($C287="","",IF('설정'!$B$3=0,"",CHOOSE('설정'!$B$3,SUMIFS('RAW_농산물_7월'!$H:$H,'RAW_농산물_7월'!$D:$D,$C287,'RAW_농산물_7월'!$A:$A,$E287),SUMIFS('RAW_농산물_8월'!$H:$H,'RAW_농산물_8월'!$D:$D,$C287,'RAW_농산물_8월'!$A:$A,$E287),SUMIFS('RAW_농산물_9월'!$H:$H,'RAW_농산물_9월'!$D:$D,$C287,'RAW_농산물_9월'!$A:$A,$E287),SUMIFS('RAW_농산물_10월'!$H:$H,'RAW_농산물_10월'!$D:$D,$C287,'RAW_농산물_10월'!$A:$A,$E287),SUMIFS('RAW_농산물_11-12월'!$H:$H,'RAW_농산물_11-12월'!$D:$D,$C287,'RAW_농산물_11-12월'!$A:$A,$E287)))) -> 5380 | I287: =IF($C287="","",IF(COUNTIFS('RAW_농산물_7월'!$D:$D,$C287,'RAW_농산물_7월'!$A:$A,$E287)>0,"O","")) -> O | J287: =IF($C287="","",IF(COUNTIFS('RAW_농산물_8월'!$D:$D,$C287,'RAW_농산물_8월'!$A:$A,$E287)>0,"O","")) -> O | K287: =IF($C287="","",IF(COUNTIFS('RAW_농산물_9월'!$D:$D,$C287,'RAW_농산물_9월'!$A:$A,$E287)>0,"O","")) | L287: =IF($C287="","",IF(COUNTIFS('RAW_농산물_10월'!$D:$D,$C287,'RAW_농산물_10월'!$A:$A,$E287)>0,"O","")) | M287: =IF($C287="","",IF(COUNTIFS('RAW_농산물_11-12월'!$D:$D,$C287,'RAW_농산물_11-12월'!$A:$A,$E287)>0,"O","")) | N287: =IF($C287="","",IF(COUNTA('RAW_농산물_7월'!$A:$A)<=1,"",SUMIFS('RAW_농산물_7월'!$H:$H,'RAW_농산물_7월'!$D:$D,$C287,'RAW_농산물_7월'!$A:$A,$E287))) -> 5380 | O287: =IF($C287="","",IF(COUNTA('RAW_농산물_8월'!$A:$A)<=1,"",SUMIFS('RAW_농산물_8월'!$H:$H,'RAW_농산물_8월'!$D:$D,$C287,'RAW_농산물_8월'!$A:$A,$E287)-SUMIFS('RAW_농산물_7월'!$H:$H,'RAW_농산물_7월'!$D:$D,$C287,'RAW_농산물_7월'!$A:$A,$E287))) -> 0 | P287: =IF($C287="","",IF(COUNTA('RAW_농산물_9월'!$A:$A)<=1,"",SUMIFS('RAW_농산물_9월'!$H:$H,'RAW_농산물_9월'!$D:$D,$C287,'RAW_농산물_9월'!$A:$A,$E287)-SUMIFS('RAW_농산물_8월'!$H:$H,'RAW_농산물_8월'!$D:$D,$C287,'RAW_농산물_8월'!$A:$A,$E287))) | Q287: =IF($C287="","",IF(COUNTA('RAW_농산물_10월'!$A:$A)<=1,"",SUMIFS('RAW_농산물_10월'!$H:$H,'RAW_농산물_10월'!$D:$D,$C287,'RAW_농산물_10월'!$A:$A,$E287)-SUMIFS('RAW_농산물_9월'!$H:$H,'RAW_농산물_9월'!$D:$D,$C287,'RAW_농산물_9월'!$A:$A,$E287))) | R287: =IF($C287="","",IF(COUNTA('RAW_농산물_11-12월'!$A:$A)<=1,"",SUMIFS('RAW_농산물_11-12월'!$H:$H,'RAW_농산물_11-12월'!$D:$D,$C287,'RAW_농산물_11-12월'!$A:$A,$E287)-SUMIFS('RAW_농산물_10월'!$H:$H,'RAW_농산물_10월'!$D:$D,$C287,'RAW_농산물_10월'!$A:$A,$E287))) | S287: =IF($C287="","",IF(COUNTIF($I287:$M287,"O")>0,"O","")) -> O | T287: =IF($C287="","",IF($H287=0,"미사용",IF($H287<500000,"50만원 미만",IF($H287<1000000,"100만원 미만",IF($H287<2000000,"200만원 미만",IF($H287<3000000,"300만원 미만",IF($H287<4000000,"400만원 미만",IF($H287<5000000,"500만원 미만",IF($H287<6000000,"600만원 미만",IF($H287<7000000,"700만원 미만",IF($H287<8000000,"800만원 미만",IF($H287<10000000,"1000만원 미만","1000만원 이상")))))))))))) -> 50만원 미만 | U287: =IF($C287="",0,IF('설정'!$B$3=0,0,CHOOSE('설정'!$B$3,COUNTIFS('RAW_농산물_7월'!$D:$D,$C287,'RAW_농산물_7월'!$A:$A,$E287),COUNTIFS('RAW_농산물_8월'!$D:$D,$C287,'RAW_농산물_8월'!$A:$A,$E287),COUNTIFS('RAW_농산물_9월'!$D:$D,$C287,'RAW_농산물_9월'!$A:$A,$E287),COUNTIFS('RAW_농산물_10월'!$D:$D,$C287,'RAW_농산물_10월'!$A:$A,$E287),COUNTIFS('RAW_농산물_11-12월'!$D:$D,$C287,'RAW_농산물_11-12월'!$A:$A,$E287)))) -> 2
F288: =IF($C288="","",IF('설정'!$B$3=0,"",CHOOSE('설정'!$B$3,SUMIFS('RAW_농산물_7월'!$F:$F,'RAW_농산물_7월'!$D:$D,$C288,'RAW_농산물_7월'!$A:$A,$E288),SUMIFS('RAW_농산물_8월'!$F:$F,'RAW_농산물_8월'!$D:$D,$C288,'RAW_농산물_8월'!$A:$A,$E288),SUMIFS('RAW_농산물_9월'!$F:$F,'RAW_농산물_9월'!$D:$D,$C288,'RAW_농산물_9월'!$A:$A,$E288),SUMIFS('RAW_농산물_10월'!$F:$F,'RAW_농산물_10월'!$D:$D,$C288,'RAW_농산물_10월'!$A:$A,$E288),SUMIFS('RAW_농산물_11-12월'!$F:$F,'RAW_농산물_11-12월'!$D:$D,$C288,'RAW_농산물_11-12월'!$A:$A,$E288)))) | G288: =IF($C288="","",IF('설정'!$B$3=0,"",CHOOSE('설정'!$B$3,SUMIFS('RAW_농산물_7월'!$G:$G,'RAW_농산물_7월'!$D:$D,$C288,'RAW_농산물_7월'!$A:$A,$E288),SUMIFS('RAW_농산물_8월'!$G:$G,'RAW_농산물_8월'!$D:$D,$C288,'RAW_농산물_8월'!$A:$A,$E288),SUMIFS('RAW_농산물_9월'!$G:$G,'RAW_농산물_9월'!$D:$D,$C288,'RAW_농산물_9월'!$A:$A,$E288),SUMIFS('RAW_농산물_10월'!$G:$G,'RAW_농산물_10월'!$D:$D,$C288,'RAW_농산물_10월'!$A:$A,$E288),SUMIFS('RAW_농산물_11-12월'!$G:$G,'RAW_농산물_11-12월'!$D:$D,$C288,'RAW_농산물_11-12월'!$A:$A,$E288)))) | H288: =IF($C288="","",IF('설정'!$B$3=0,"",CHOOSE('설정'!$B$3,SUMIFS('RAW_농산물_7월'!$H:$H,'RAW_농산물_7월'!$D:$D,$C288,'RAW_농산물_7월'!$A:$A,$E288),SUMIFS('RAW_농산물_8월'!$H:$H,'RAW_농산물_8월'!$D:$D,$C288,'RAW_농산물_8월'!$A:$A,$E288),SUMIFS('RAW_농산물_9월'!$H:$H,'RAW_농산물_9월'!$D:$D,$C288,'RAW_농산물_9월'!$A:$A,$E288),SUMIFS('RAW_농산물_10월'!$H:$H,'RAW_농산물_10월'!$D:$D,$C288,'RAW_농산물_10월'!$A:$A,$E288),SUMIFS('RAW_농산물_11-12월'!$H:$H,'RAW_농산물_11-12월'!$D:$D,$C288,'RAW_농산물_11-12월'!$A:$A,$E288)))) | I288: =IF($C288="","",IF(COUNTIFS('RAW_농산물_7월'!$D:$D,$C288,'RAW_농산물_7월'!$A:$A,$E288)>0,"O","")) | J288: =IF($C288="","",IF(COUNTIFS('RAW_농산물_8월'!$D:$D,$C288,'RAW_농산물_8월'!$A:$A,$E288)>0,"O","")) | K288: =IF($C288="","",IF(COUNTIFS('RAW_농산물_9월'!$D:$D,$C288,'RAW_농산물_9월'!$A:$A,$E288)>0,"O","")) | L288: =IF($C288="","",IF(COUNTIFS('RAW_농산물_10월'!$D:$D,$C288,'RAW_농산물_10월'!$A:$A,$E288)>0,"O","")) | M288: =IF($C288="","",IF(COUNTIFS('RAW_농산물_11-12월'!$D:$D,$C288,'RAW_농산물_11-12월'!$A:$A,$E288)>0,"O","")) | N288: =IF($C288="","",IF(COUNTA('RAW_농산물_7월'!$A:$A)<=1,"",SUMIFS('RAW_농산물_7월'!$H:$H,'RAW_농산물_7월'!$D:$D,$C288,'RAW_농산물_7월'!$A:$A,$E288))) | O288: =IF($C288="","",IF(COUNTA('RAW_농산물_8월'!$A:$A)<=1,"",SUMIFS('RAW_농산물_8월'!$H:$H,'RAW_농산물_8월'!$D:$D,$C288,'RAW_농산물_8월'!$A:$A,$E288)-SUMIFS('RAW_농산물_7월'!$H:$H,'RAW_농산물_7월'!$D:$D,$C288,'RAW_농산물_7월'!$A:$A,$E288))) | P288: =IF($C288="","",IF(COUNTA('RAW_농산물_9월'!$A:$A)<=1,"",SUMIFS('RAW_농산물_9월'!$H:$H,'RAW_농산물_9월'!$D:$D,$C288,'RAW_농산물_9월'!$A:$A,$E288)-SUMIFS('RAW_농산물_8월'!$H:$H,'RAW_농산물_8월'!$D:$D,$C288,'RAW_농산물_8월'!$A:$A,$E288))) | Q288: =IF($C288="","",IF(COUNTA('RAW_농산물_10월'!$A:$A)<=1,"",SUMIFS('RAW_농산물_10월'!$H:$H,'RAW_농산물_10월'!$D:$D,$C288,'RAW_농산물_10월'!$A:$A,$E288)-SUMIFS('RAW_농산물_9월'!$H:$H,'RAW_농산물_9월'!$D:$D,$C288,'RAW_농산물_9월'!$A:$A,$E288))) | R288: =IF($C288="","",IF(COUNTA('RAW_농산물_11-12월'!$A:$A)<=1,"",SUMIFS('RAW_농산물_11-12월'!$H:$H,'RAW_농산물_11-12월'!$D:$D,$C288,'RAW_농산물_11-12월'!$A:$A,$E288)-SUMIFS('RAW_농산물_10월'!$H:$H,'RAW_농산물_10월'!$D:$D,$C288,'RAW_농산물_10월'!$A:$A,$E288))) | S288: =IF($C288="","",IF(COUNTIF($I288:$M288,"O")>0,"O","")) | T288: =IF($C288="","",IF($H288=0,"미사용",IF($H288<500000,"50만원 미만",IF($H288<1000000,"100만원 미만",IF($H288<2000000,"200만원 미만",IF($H288<3000000,"300만원 미만",IF($H288<4000000,"400만원 미만",IF($H288<5000000,"500만원 미만",IF($H288<6000000,"600만원 미만",IF($H288<7000000,"700만원 미만",IF($H288<8000000,"800만원 미만",IF($H288<10000000,"1000만원 미만","1000만원 이상")))))))))))) | U288: =IF($C288="",0,IF('설정'!$B$3=0,0,CHOOSE('설정'!$B$3,COUNTIFS('RAW_농산물_7월'!$D:$D,$C288,'RAW_농산물_7월'!$A:$A,$E288),COUNTIFS('RAW_농산물_8월'!$D:$D,$C288,'RAW_농산물_8월'!$A:$A,$E288),COUNTIFS('RAW_농산물_9월'!$D:$D,$C288,'RAW_농산물_9월'!$A:$A,$E288),COUNTIFS('RAW_농산물_10월'!$D:$D,$C288,'RAW_농산물_10월'!$A:$A,$E288),COUNTIFS('RAW_농산물_11-12월'!$D:$D,$C288,'RAW_농산물_11-12월'!$A:$A,$E288)))) -> 0
F289: =IF($C289="","",IF('설정'!$B$3=0,"",CHOOSE('설정'!$B$3,SUMIFS('RAW_농산물_7월'!$F:$F,'RAW_농산물_7월'!$D:$D,$C289,'RAW_농산물_7월'!$A:$A,$E289),SUMIFS('RAW_농산물_8월'!$F:$F,'RAW_농산물_8월'!$D:$D,$C289,'RAW_농산물_8월'!$A:$A,$E289),SUMIFS('RAW_농산물_9월'!$F:$F,'RAW_농산물_9월'!$D:$D,$C289,'RAW_농산물_9월'!$A:$A,$E289),SUMIFS('RAW_농산물_10월'!$F:$F,'RAW_농산물_10월'!$D:$D,$C289,'RAW_농산물_10월'!$A:$A,$E289),SUMIFS('RAW_농산물_11-12월'!$F:$F,'RAW_농산물_11-12월'!$D:$D,$C289,'RAW_농산물_11-12월'!$A:$A,$E289)))) | G289: =IF($C289="","",IF('설정'!$B$3=0,"",CHOOSE('설정'!$B$3,SUMIFS('RAW_농산물_7월'!$G:$G,'RAW_농산물_7월'!$D:$D,$C289,'RAW_농산물_7월'!$A:$A,$E289),SUMIFS('RAW_농산물_8월'!$G:$G,'RAW_농산물_8월'!$D:$D,$C289,'RAW_농산물_8월'!$A:$A,$E289),SUMIFS('RAW_농산물_9월'!$G:$G,'RAW_농산물_9월'!$D:$D,$C289,'RAW_농산물_9월'!$A:$A,$E289),SUMIFS('RAW_농산물_10월'!$G:$G,'RAW_농산물_10월'!$D:$D,$C289,'RAW_농산물_10월'!$A:$A,$E289),SUMIFS('RAW_농산물_11-12월'!$G:$G,'RAW_농산물_11-12월'!$D:$D,$C289,'RAW_농산물_11-12월'!$A:$A,$E289)))) | H289: =IF($C289="","",IF('설정'!$B$3=0,"",CHOOSE('설정'!$B$3,SUMIFS('RAW_농산물_7월'!$H:$H,'RAW_농산물_7월'!$D:$D,$C289,'RAW_농산물_7월'!$A:$A,$E289),SUMIFS('RAW_농산물_8월'!$H:$H,'RAW_농산물_8월'!$D:$D,$C289,'RAW_농산물_8월'!$A:$A,$E289),SUMIFS('RAW_농산물_9월'!$H:$H,'RAW_농산물_9월'!$D:$D,$C289,'RAW_농산물_9월'!$A:$A,$E289),SUMIFS('RAW_농산물_10월'!$H:$H,'RAW_농산물_10월'!$D:$D,$C289,'RAW_농산물_10월'!$A:$A,$E289),SUMIFS('RAW_농산물_11-12월'!$H:$H,'RAW_농산물_11-12월'!$D:$D,$C289,'RAW_농산물_11-12월'!$A:$A,$E289)))) | I289: =IF($C289="","",IF(COUNTIFS('RAW_농산물_7월'!$D:$D,$C289,'RAW_농산물_7월'!$A:$A,$E289)>0,"O","")) | J289: =IF($C289="","",IF(COUNTIFS('RAW_농산물_8월'!$D:$D,$C289,'RAW_농산물_8월'!$A:$A,$E289)>0,"O","")) | K289: =IF($C289="","",IF(COUNTIFS('RAW_농산물_9월'!$D:$D,$C289,'RAW_농산물_9월'!$A:$A,$E289)>0,"O","")) | L289: =IF($C289="","",IF(COUNTIFS('RAW_농산물_10월'!$D:$D,$C289,'RAW_농산물_10월'!$A:$A,$E289)>0,"O","")) | M289: =IF($C289="","",IF(COUNTIFS('RAW_농산물_11-12월'!$D:$D,$C289,'RAW_농산물_11-12월'!$A:$A,$E289)>0,"O","")) | N289: =IF($C289="","",IF(COUNTA('RAW_농산물_7월'!$A:$A)<=1,"",SUMIFS('RAW_농산물_7월'!$H:$H,'RAW_농산물_7월'!$D:$D,$C289,'RAW_농산물_7월'!$A:$A,$E289))) | O289: =IF($C289="","",IF(COUNTA('RAW_농산물_8월'!$A:$A)<=1,"",SUMIFS('RAW_농산물_8월'!$H:$H,'RAW_농산물_8월'!$D:$D,$C289,'RAW_농산물_8월'!$A:$A,$E289)-SUMIFS('RAW_농산물_7월'!$H:$H,'RAW_농산물_7월'!$D:$D,$C289,'RAW_농산물_7월'!$A:$A,$E289))) | P289: =IF($C289="","",IF(COUNTA('RAW_농산물_9월'!$A:$A)<=1,"",SUMIFS('RAW_농산물_9월'!$H:$H,'RAW_농산물_9월'!$D:$D,$C289,'RAW_농산물_9월'!$A:$A,$E289)-SUMIFS('RAW_농산물_8월'!$H:$H,'RAW_농산물_8월'!$D:$D,$C289,'RAW_농산물_8월'!$A:$A,$E289))) | Q289: =IF($C289="","",IF(COUNTA('RAW_농산물_10월'!$A:$A)<=1,"",SUMIFS('RAW_농산물_10월'!$H:$H,'RAW_농산물_10월'!$D:$D,$C289,'RAW_농산물_10월'!$A:$A,$E289)-SUMIFS('RAW_농산물_9월'!$H:$H,'RAW_농산물_9월'!$D:$D,$C289,'RAW_농산물_9월'!$A:$A,$E289))) | R289: =IF($C289="","",IF(COUNTA('RAW_농산물_11-12월'!$A:$A)<=1,"",SUMIFS('RAW_농산물_11-12월'!$H:$H,'RAW_농산물_11-12월'!$D:$D,$C289,'RAW_농산물_11-12월'!$A:$A,$E289)-SUMIFS('RAW_농산물_10월'!$H:$H,'RAW_농산물_10월'!$D:$D,$C289,'RAW_농산물_10월'!$A:$A,$E289))) | S289: =IF($C289="","",IF(COUNTIF($I289:$M289,"O")>0,"O","")) | T289: =IF($C289="","",IF($H289=0,"미사용",IF($H289<500000,"50만원 미만",IF($H289<1000000,"100만원 미만",IF($H289<2000000,"200만원 미만",IF($H289<3000000,"300만원 미만",IF($H289<4000000,"400만원 미만",IF($H289<5000000,"500만원 미만",IF($H289<6000000,"600만원 미만",IF($H289<7000000,"700만원 미만",IF($H289<8000000,"800만원 미만",IF($H289<10000000,"1000만원 미만","1000만원 이상")))))))))))) | U289: =IF($C289="",0,IF('설정'!$B$3=0,0,CHOOSE('설정'!$B$3,COUNTIFS('RAW_농산물_7월'!$D:$D,$C289,'RAW_농산물_7월'!$A:$A,$E289),COUNTIFS('RAW_농산물_8월'!$D:$D,$C289,'RAW_농산물_8월'!$A:$A,$E289),COUNTIFS('RAW_농산물_9월'!$D:$D,$C289,'RAW_농산물_9월'!$A:$A,$E289),COUNTIFS('RAW_농산물_10월'!$D:$D,$C289,'RAW_농산물_10월'!$A:$A,$E289),COUNTIFS('RAW_농산물_11-12월'!$D:$D,$C289,'RAW_농산물_11-12월'!$A:$A,$E289)))) -> 0
F290: =IF($C290="","",IF('설정'!$B$3=0,"",CHOOSE('설정'!$B$3,SUMIFS('RAW_농산물_7월'!$F:$F,'RAW_농산물_7월'!$D:$D,$C290,'RAW_농산물_7월'!$A:$A,$E290),SUMIFS('RAW_농산물_8월'!$F:$F,'RAW_농산물_8월'!$D:$D,$C290,'RAW_농산물_8월'!$A:$A,$E290),SUMIFS('RAW_농산물_9월'!$F:$F,'RAW_농산물_9월'!$D:$D,$C290,'RAW_농산물_9월'!$A:$A,$E290),SUMIFS('RAW_농산물_10월'!$F:$F,'RAW_농산물_10월'!$D:$D,$C290,'RAW_농산물_10월'!$A:$A,$E290),SUMIFS('RAW_농산물_11-12월'!$F:$F,'RAW_농산물_11-12월'!$D:$D,$C290,'RAW_농산물_11-12월'!$A:$A,$E290)))) | G290: =IF($C290="","",IF('설정'!$B$3=0,"",CHOOSE('설정'!$B$3,SUMIFS('RAW_농산물_7월'!$G:$G,'RAW_농산물_7월'!$D:$D,$C290,'RAW_농산물_7월'!$A:$A,$E290),SUMIFS('RAW_농산물_8월'!$G:$G,'RAW_농산물_8월'!$D:$D,$C290,'RAW_농산물_8월'!$A:$A,$E290),SUMIFS('RAW_농산물_9월'!$G:$G,'RAW_농산물_9월'!$D:$D,$C290,'RAW_농산물_9월'!$A:$A,$E290),SUMIFS('RAW_농산물_10월'!$G:$G,'RAW_농산물_10월'!$D:$D,$C290,'RAW_농산물_10월'!$A:$A,$E290),SUMIFS('RAW_농산물_11-12월'!$G:$G,'RAW_농산물_11-12월'!$D:$D,$C290,'RAW_농산물_11-12월'!$A:$A,$E290)))) | H290: =IF($C290="","",IF('설정'!$B$3=0,"",CHOOSE('설정'!$B$3,SUMIFS('RAW_농산물_7월'!$H:$H,'RAW_농산물_7월'!$D:$D,$C290,'RAW_농산물_7월'!$A:$A,$E290),SUMIFS('RAW_농산물_8월'!$H:$H,'RAW_농산물_8월'!$D:$D,$C290,'RAW_농산물_8월'!$A:$A,$E290),SUMIFS('RAW_농산물_9월'!$H:$H,'RAW_농산물_9월'!$D:$D,$C290,'RAW_농산물_9월'!$A:$A,$E290),SUMIFS('RAW_농산물_10월'!$H:$H,'RAW_농산물_10월'!$D:$D,$C290,'RAW_농산물_10월'!$A:$A,$E290),SUMIFS('RAW_농산물_11-12월'!$H:$H,'RAW_농산물_11-12월'!$D:$D,$C290,'RAW_농산물_11-12월'!$A:$A,$E290)))) | I290: =IF($C290="","",IF(COUNTIFS('RAW_농산물_7월'!$D:$D,$C290,'RAW_농산물_7월'!$A:$A,$E290)>0,"O","")) | J290: =IF($C290="","",IF(COUNTIFS('RAW_농산물_8월'!$D:$D,$C290,'RAW_농산물_8월'!$A:$A,$E290)>0,"O","")) | K290: =IF($C290="","",IF(COUNTIFS('RAW_농산물_9월'!$D:$D,$C290,'RAW_농산물_9월'!$A:$A,$E290)>0,"O","")) | L290: =IF($C290="","",IF(COUNTIFS('RAW_농산물_10월'!$D:$D,$C290,'RAW_농산물_10월'!$A:$A,$E290)>0,"O","")) | M290: =IF($C290="","",IF(COUNTIFS('RAW_농산물_11-12월'!$D:$D,$C290,'RAW_농산물_11-12월'!$A:$A,$E290)>0,"O","")) | N290: =IF($C290="","",IF(COUNTA('RAW_농산물_7월'!$A:$A)<=1,"",SUMIFS('RAW_농산물_7월'!$H:$H,'RAW_농산물_7월'!$D:$D,$C290,'RAW_농산물_7월'!$A:$A,$E290))) | O290: =IF($C290="","",IF(COUNTA('RAW_농산물_8월'!$A:$A)<=1,"",SUMIFS('RAW_농산물_8월'!$H:$H,'RAW_농산물_8월'!$D:$D,$C290,'RAW_농산물_8월'!$A:$A,$E290)-SUMIFS('RAW_농산물_7월'!$H:$H,'RAW_농산물_7월'!$D:$D,$C290,'RAW_농산물_7월'!$A:$A,$E290))) | P290: =IF($C290="","",IF(COUNTA('RAW_농산물_9월'!$A:$A)<=1,"",SUMIFS('RAW_농산물_9월'!$H:$H,'RAW_농산물_9월'!$D:$D,$C290,'RAW_농산물_9월'!$A:$A,$E290)-SUMIFS('RAW_농산물_8월'!$H:$H,'RAW_농산물_8월'!$D:$D,$C290,'RAW_농산물_8월'!$A:$A,$E290))) | Q290: =IF($C290="","",IF(COUNTA('RAW_농산물_10월'!$A:$A)<=1,"",SUMIFS('RAW_농산물_10월'!$H:$H,'RAW_농산물_10월'!$D:$D,$C290,'RAW_농산물_10월'!$A:$A,$E290)-SUMIFS('RAW_농산물_9월'!$H:$H,'RAW_농산물_9월'!$D:$D,$C290,'RAW_농산물_9월'!$A:$A,$E290))) | R290: =IF($C290="","",IF(COUNTA('RAW_농산물_11-12월'!$A:$A)<=1,"",SUMIFS('RAW_농산물_11-12월'!$H:$H,'RAW_농산물_11-12월'!$D:$D,$C290,'RAW_농산물_11-12월'!$A:$A,$E290)-SUMIFS('RAW_농산물_10월'!$H:$H,'RAW_농산물_10월'!$D:$D,$C290,'RAW_농산물_10월'!$A:$A,$E290))) | S290: =IF($C290="","",IF(COUNTIF($I290:$M290,"O")>0,"O","")) | T290: =IF($C290="","",IF($H290=0,"미사용",IF($H290<500000,"50만원 미만",IF($H290<1000000,"100만원 미만",IF($H290<2000000,"200만원 미만",IF($H290<3000000,"300만원 미만",IF($H290<4000000,"400만원 미만",IF($H290<5000000,"500만원 미만",IF($H290<6000000,"600만원 미만",IF($H290<7000000,"700만원 미만",IF($H290<8000000,"800만원 미만",IF($H290<10000000,"1000만원 미만","1000만원 이상")))))))))))) | U290: =IF($C290="",0,IF('설정'!$B$3=0,0,CHOOSE('설정'!$B$3,COUNTIFS('RAW_농산물_7월'!$D:$D,$C290,'RAW_농산물_7월'!$A:$A,$E290),COUNTIFS('RAW_농산물_8월'!$D:$D,$C290,'RAW_농산물_8월'!$A:$A,$E290),COUNTIFS('RAW_농산물_9월'!$D:$D,$C290,'RAW_농산물_9월'!$A:$A,$E290),COUNTIFS('RAW_농산물_10월'!$D:$D,$C290,'RAW_농산물_10월'!$A:$A,$E290),COUNTIFS('RAW_농산물_11-12월'!$D:$D,$C290,'RAW_농산물_11-12월'!$A:$A,$E290)))) -> 0
F291: =IF($C291="","",IF('설정'!$B$3=0,"",CHOOSE('설정'!$B$3,SUMIFS('RAW_농산물_7월'!$F:$F,'RAW_농산물_7월'!$D:$D,$C291,'RAW_농산물_7월'!$A:$A,$E291),SUMIFS('RAW_농산물_8월'!$F:$F,'RAW_농산물_8월'!$D:$D,$C291,'RAW_농산물_8월'!$A:$A,$E291),SUMIFS('RAW_농산물_9월'!$F:$F,'RAW_농산물_9월'!$D:$D,$C291,'RAW_농산물_9월'!$A:$A,$E291),SUMIFS('RAW_농산물_10월'!$F:$F,'RAW_농산물_10월'!$D:$D,$C291,'RAW_농산물_10월'!$A:$A,$E291),SUMIFS('RAW_농산물_11-12월'!$F:$F,'RAW_농산물_11-12월'!$D:$D,$C291,'RAW_농산물_11-12월'!$A:$A,$E291)))) | G291: =IF($C291="","",IF('설정'!$B$3=0,"",CHOOSE('설정'!$B$3,SUMIFS('RAW_농산물_7월'!$G:$G,'RAW_농산물_7월'!$D:$D,$C291,'RAW_농산물_7월'!$A:$A,$E291),SUMIFS('RAW_농산물_8월'!$G:$G,'RAW_농산물_8월'!$D:$D,$C291,'RAW_농산물_8월'!$A:$A,$E291),SUMIFS('RAW_농산물_9월'!$G:$G,'RAW_농산물_9월'!$D:$D,$C291,'RAW_농산물_9월'!$A:$A,$E291),SUMIFS('RAW_농산물_10월'!$G:$G,'RAW_농산물_10월'!$D:$D,$C291,'RAW_농산물_10월'!$A:$A,$E291),SUMIFS('RAW_농산물_11-12월'!$G:$G,'RAW_농산물_11-12월'!$D:$D,$C291,'RAW_농산물_11-12월'!$A:$A,$E291)))) | H291: =IF($C291="","",IF('설정'!$B$3=0,"",CHOOSE('설정'!$B$3,SUMIFS('RAW_농산물_7월'!$H:$H,'RAW_농산물_7월'!$D:$D,$C291,'RAW_농산물_7월'!$A:$A,$E291),SUMIFS('RAW_농산물_8월'!$H:$H,'RAW_농산물_8월'!$D:$D,$C291,'RAW_농산물_8월'!$A:$A,$E291),SUMIFS('RAW_농산물_9월'!$H:$H,'RAW_농산물_9월'!$D:$D,$C291,'RAW_농산물_9월'!$A:$A,$E291),SUMIFS('RAW_농산물_10월'!$H:$H,'RAW_농산물_10월'!$D:$D,$C291,'RAW_농산물_10월'!$A:$A,$E291),SUMIFS('RAW_농산물_11-12월'!$H:$H,'RAW_농산물_11-12월'!$D:$D,$C291,'RAW_농산물_11-12월'!$A:$A,$E291)))) | I291: =IF($C291="","",IF(COUNTIFS('RAW_농산물_7월'!$D:$D,$C291,'RAW_농산물_7월'!$A:$A,$E291)>0,"O","")) | J291: =IF($C291="","",IF(COUNTIFS('RAW_농산물_8월'!$D:$D,$C291,'RAW_농산물_8월'!$A:$A,$E291)>0,"O","")) | K291: =IF($C291="","",IF(COUNTIFS('RAW_농산물_9월'!$D:$D,$C291,'RAW_농산물_9월'!$A:$A,$E291)>0,"O","")) | L291: =IF($C291="","",IF(COUNTIFS('RAW_농산물_10월'!$D:$D,$C291,'RAW_농산물_10월'!$A:$A,$E291)>0,"O","")) | M291: =IF($C291="","",IF(COUNTIFS('RAW_농산물_11-12월'!$D:$D,$C291,'RAW_농산물_11-12월'!$A:$A,$E291)>0,"O","")) | N291: =IF($C291="","",IF(COUNTA('RAW_농산물_7월'!$A:$A)<=1,"",SUMIFS('RAW_농산물_7월'!$H:$H,'RAW_농산물_7월'!$D:$D,$C291,'RAW_농산물_7월'!$A:$A,$E291))) | O291: =IF($C291="","",IF(COUNTA('RAW_농산물_8월'!$A:$A)<=1,"",SUMIFS('RAW_농산물_8월'!$H:$H,'RAW_농산물_8월'!$D:$D,$C291,'RAW_농산물_8월'!$A:$A,$E291)-SUMIFS('RAW_농산물_7월'!$H:$H,'RAW_농산물_7월'!$D:$D,$C291,'RAW_농산물_7월'!$A:$A,$E291))) | P291: =IF($C291="","",IF(COUNTA('RAW_농산물_9월'!$A:$A)<=1,"",SUMIFS('RAW_농산물_9월'!$H:$H,'RAW_농산물_9월'!$D:$D,$C291,'RAW_농산물_9월'!$A:$A,$E291)-SUMIFS('RAW_농산물_8월'!$H:$H,'RAW_농산물_8월'!$D:$D,$C291,'RAW_농산물_8월'!$A:$A,$E291))) | Q291: =IF($C291="","",IF(COUNTA('RAW_농산물_10월'!$A:$A)<=1,"",SUMIFS('RAW_농산물_10월'!$H:$H,'RAW_농산물_10월'!$D:$D,$C291,'RAW_농산물_10월'!$A:$A,$E291)-SUMIFS('RAW_농산물_9월'!$H:$H,'RAW_농산물_9월'!$D:$D,$C291,'RAW_농산물_9월'!$A:$A,$E291))) | R291: =IF($C291="","",IF(COUNTA('RAW_농산물_11-12월'!$A:$A)<=1,"",SUMIFS('RAW_농산물_11-12월'!$H:$H,'RAW_농산물_11-12월'!$D:$D,$C291,'RAW_농산물_11-12월'!$A:$A,$E291)-SUMIFS('RAW_농산물_10월'!$H:$H,'RAW_농산물_10월'!$D:$D,$C291,'RAW_농산물_10월'!$A:$A,$E291))) | S291: =IF($C291="","",IF(COUNTIF($I291:$M291,"O")>0,"O","")) | T291: =IF($C291="","",IF($H291=0,"미사용",IF($H291<500000,"50만원 미만",IF($H291<1000000,"100만원 미만",IF($H291<2000000,"200만원 미만",IF($H291<3000000,"300만원 미만",IF($H291<4000000,"400만원 미만",IF($H291<5000000,"500만원 미만",IF($H291<6000000,"600만원 미만",IF($H291<7000000,"700만원 미만",IF($H291<8000000,"800만원 미만",IF($H291<10000000,"1000만원 미만","1000만원 이상")))))))))))) | U291: =IF($C291="",0,IF('설정'!$B$3=0,0,CHOOSE('설정'!$B$3,COUNTIFS('RAW_농산물_7월'!$D:$D,$C291,'RAW_농산물_7월'!$A:$A,$E291),COUNTIFS('RAW_농산물_8월'!$D:$D,$C291,'RAW_농산물_8월'!$A:$A,$E291),COUNTIFS('RAW_농산물_9월'!$D:$D,$C291,'RAW_농산물_9월'!$A:$A,$E291),COUNTIFS('RAW_농산물_10월'!$D:$D,$C291,'RAW_농산물_10월'!$A:$A,$E291),COUNTIFS('RAW_농산물_11-12월'!$D:$D,$C291,'RAW_농산물_11-12월'!$A:$A,$E291)))) -> 0
F292: =IF($C292="","",IF('설정'!$B$3=0,"",CHOOSE('설정'!$B$3,SUMIFS('RAW_농산물_7월'!$F:$F,'RAW_농산물_7월'!$D:$D,$C292,'RAW_농산물_7월'!$A:$A,$E292),SUMIFS('RAW_농산물_8월'!$F:$F,'RAW_농산물_8월'!$D:$D,$C292,'RAW_농산물_8월'!$A:$A,$E292),SUMIFS('RAW_농산물_9월'!$F:$F,'RAW_농산물_9월'!$D:$D,$C292,'RAW_농산물_9월'!$A:$A,$E292),SUMIFS('RAW_농산물_10월'!$F:$F,'RAW_농산물_10월'!$D:$D,$C292,'RAW_농산물_10월'!$A:$A,$E292),SUMIFS('RAW_농산물_11-12월'!$F:$F,'RAW_농산물_11-12월'!$D:$D,$C292,'RAW_농산물_11-12월'!$A:$A,$E292)))) | G292: =IF($C292="","",IF('설정'!$B$3=0,"",CHOOSE('설정'!$B$3,SUMIFS('RAW_농산물_7월'!$G:$G,'RAW_농산물_7월'!$D:$D,$C292,'RAW_농산물_7월'!$A:$A,$E292),SUMIFS('RAW_농산물_8월'!$G:$G,'RAW_농산물_8월'!$D:$D,$C292,'RAW_농산물_8월'!$A:$A,$E292),SUMIFS('RAW_농산물_9월'!$G:$G,'RAW_농산물_9월'!$D:$D,$C292,'RAW_농산물_9월'!$A:$A,$E292),SUMIFS('RAW_농산물_10월'!$G:$G,'RAW_농산물_10월'!$D:$D,$C292,'RAW_농산물_10월'!$A:$A,$E292),SUMIFS('RAW_농산물_11-12월'!$G:$G,'RAW_농산물_11-12월'!$D:$D,$C292,'RAW_농산물_11-12월'!$A:$A,$E292)))) | H292: =IF($C292="","",IF('설정'!$B$3=0,"",CHOOSE('설정'!$B$3,SUMIFS('RAW_농산물_7월'!$H:$H,'RAW_농산물_7월'!$D:$D,$C292,'RAW_농산물_7월'!$A:$A,$E292),SUMIFS('RAW_농산물_8월'!$H:$H,'RAW_농산물_8월'!$D:$D,$C292,'RAW_농산물_8월'!$A:$A,$E292),SUMIFS('RAW_농산물_9월'!$H:$H,'RAW_농산물_9월'!$D:$D,$C292,'RAW_농산물_9월'!$A:$A,$E292),SUMIFS('RAW_농산물_10월'!$H:$H,'RAW_농산물_10월'!$D:$D,$C292,'RAW_농산물_10월'!$A:$A,$E292),SUMIFS('RAW_농산물_11-12월'!$H:$H,'RAW_농산물_11-12월'!$D:$D,$C292,'RAW_농산물_11-12월'!$A:$A,$E292)))) | I292: =IF($C292="","",IF(COUNTIFS('RAW_농산물_7월'!$D:$D,$C292,'RAW_농산물_7월'!$A:$A,$E292)>0,"O","")) | J292: =IF($C292="","",IF(COUNTIFS('RAW_농산물_8월'!$D:$D,$C292,'RAW_농산물_8월'!$A:$A,$E292)>0,"O","")) | K292: =IF($C292="","",IF(COUNTIFS('RAW_농산물_9월'!$D:$D,$C292,'RAW_농산물_9월'!$A:$A,$E292)>0,"O","")) | L292: =IF($C292="","",IF(COUNTIFS('RAW_농산물_10월'!$D:$D,$C292,'RAW_농산물_10월'!$A:$A,$E292)>0,"O","")) | M292: =IF($C292="","",IF(COUNTIFS('RAW_농산물_11-12월'!$D:$D,$C292,'RAW_농산물_11-12월'!$A:$A,$E292)>0,"O","")) | N292: =IF($C292="","",IF(COUNTA('RAW_농산물_7월'!$A:$A)<=1,"",SUMIFS('RAW_농산물_7월'!$H:$H,'RAW_농산물_7월'!$D:$D,$C292,'RAW_농산물_7월'!$A:$A,$E292))) | O292: =IF($C292="","",IF(COUNTA('RAW_농산물_8월'!$A:$A)<=1,"",SUMIFS('RAW_농산물_8월'!$H:$H,'RAW_농산물_8월'!$D:$D,$C292,'RAW_농산물_8월'!$A:$A,$E292)-SUMIFS('RAW_농산물_7월'!$H:$H,'RAW_농산물_7월'!$D:$D,$C292,'RAW_농산물_7월'!$A:$A,$E292))) | P292: =IF($C292="","",IF(COUNTA('RAW_농산물_9월'!$A:$A)<=1,"",SUMIFS('RAW_농산물_9월'!$H:$H,'RAW_농산물_9월'!$D:$D,$C292,'RAW_농산물_9월'!$A:$A,$E292)-SUMIFS('RAW_농산물_8월'!$H:$H,'RAW_농산물_8월'!$D:$D,$C292,'RAW_농산물_8월'!$A:$A,$E292))) | Q292: =IF($C292="","",IF(COUNTA('RAW_농산물_10월'!$A:$A)<=1,"",SUMIFS('RAW_농산물_10월'!$H:$H,'RAW_농산물_10월'!$D:$D,$C292,'RAW_농산물_10월'!$A:$A,$E292)-SUMIFS('RAW_농산물_9월'!$H:$H,'RAW_농산물_9월'!$D:$D,$C292,'RAW_농산물_9월'!$A:$A,$E292))) | R292: =IF($C292="","",IF(COUNTA('RAW_농산물_11-12월'!$A:$A)<=1,"",SUMIFS('RAW_농산물_11-12월'!$H:$H,'RAW_농산물_11-12월'!$D:$D,$C292,'RAW_농산물_11-12월'!$A:$A,$E292)-SUMIFS('RAW_농산물_10월'!$H:$H,'RAW_농산물_10월'!$D:$D,$C292,'RAW_농산물_10월'!$A:$A,$E292))) | S292: =IF($C292="","",IF(COUNTIF($I292:$M292,"O")>0,"O","")) | T292: =IF($C292="","",IF($H292=0,"미사용",IF($H292<500000,"50만원 미만",IF($H292<1000000,"100만원 미만",IF($H292<2000000,"200만원 미만",IF($H292<3000000,"300만원 미만",IF($H292<4000000,"400만원 미만",IF($H292<5000000,"500만원 미만",IF($H292<6000000,"600만원 미만",IF($H292<7000000,"700만원 미만",IF($H292<8000000,"800만원 미만",IF($H292<10000000,"1000만원 미만","1000만원 이상")))))))))))) | U292: =IF($C292="",0,IF('설정'!$B$3=0,0,CHOOSE('설정'!$B$3,COUNTIFS('RAW_농산물_7월'!$D:$D,$C292,'RAW_농산물_7월'!$A:$A,$E292),COUNTIFS('RAW_농산물_8월'!$D:$D,$C292,'RAW_농산물_8월'!$A:$A,$E292),COUNTIFS('RAW_농산물_9월'!$D:$D,$C292,'RAW_농산물_9월'!$A:$A,$E292),COUNTIFS('RAW_농산물_10월'!$D:$D,$C292,'RAW_농산물_10월'!$A:$A,$E292),COUNTIFS('RAW_농산물_11-12월'!$D:$D,$C292,'RAW_농산물_11-12월'!$A:$A,$E292)))) -> 0
F293: =IF($C293="","",IF('설정'!$B$3=0,"",CHOOSE('설정'!$B$3,SUMIFS('RAW_농산물_7월'!$F:$F,'RAW_농산물_7월'!$D:$D,$C293,'RAW_농산물_7월'!$A:$A,$E293),SUMIFS('RAW_농산물_8월'!$F:$F,'RAW_농산물_8월'!$D:$D,$C293,'RAW_농산물_8월'!$A:$A,$E293),SUMIFS('RAW_농산물_9월'!$F:$F,'RAW_농산물_9월'!$D:$D,$C293,'RAW_농산물_9월'!$A:$A,$E293),SUMIFS('RAW_농산물_10월'!$F:$F,'RAW_농산물_10월'!$D:$D,$C293,'RAW_농산물_10월'!$A:$A,$E293),SUMIFS('RAW_농산물_11-12월'!$F:$F,'RAW_농산물_11-12월'!$D:$D,$C293,'RAW_농산물_11-12월'!$A:$A,$E293)))) | G293: =IF($C293="","",IF('설정'!$B$3=0,"",CHOOSE('설정'!$B$3,SUMIFS('RAW_농산물_7월'!$G:$G,'RAW_농산물_7월'!$D:$D,$C293,'RAW_농산물_7월'!$A:$A,$E293),SUMIFS('RAW_농산물_8월'!$G:$G,'RAW_농산물_8월'!$D:$D,$C293,'RAW_농산물_8월'!$A:$A,$E293),SUMIFS('RAW_농산물_9월'!$G:$G,'RAW_농산물_9월'!$D:$D,$C293,'RAW_농산물_9월'!$A:$A,$E293),SUMIFS('RAW_농산물_10월'!$G:$G,'RAW_농산물_10월'!$D:$D,$C293,'RAW_농산물_10월'!$A:$A,$E293),SUMIFS('RAW_농산물_11-12월'!$G:$G,'RAW_농산물_11-12월'!$D:$D,$C293,'RAW_농산물_11-12월'!$A:$A,$E293)))) | H293: =IF($C293="","",IF('설정'!$B$3=0,"",CHOOSE('설정'!$B$3,SUMIFS('RAW_농산물_7월'!$H:$H,'RAW_농산물_7월'!$D:$D,$C293,'RAW_농산물_7월'!$A:$A,$E293),SUMIFS('RAW_농산물_8월'!$H:$H,'RAW_농산물_8월'!$D:$D,$C293,'RAW_농산물_8월'!$A:$A,$E293),SUMIFS('RAW_농산물_9월'!$H:$H,'RAW_농산물_9월'!$D:$D,$C293,'RAW_농산물_9월'!$A:$A,$E293),SUMIFS('RAW_농산물_10월'!$H:$H,'RAW_농산물_10월'!$D:$D,$C293,'RAW_농산물_10월'!$A:$A,$E293),SUMIFS('RAW_농산물_11-12월'!$H:$H,'RAW_농산물_11-12월'!$D:$D,$C293,'RAW_농산물_11-12월'!$A:$A,$E293)))) | I293: =IF($C293="","",IF(COUNTIFS('RAW_농산물_7월'!$D:$D,$C293,'RAW_농산물_7월'!$A:$A,$E293)>0,"O","")) | J293: =IF($C293="","",IF(COUNTIFS('RAW_농산물_8월'!$D:$D,$C293,'RAW_농산물_8월'!$A:$A,$E293)>0,"O","")) | K293: =IF($C293="","",IF(COUNTIFS('RAW_농산물_9월'!$D:$D,$C293,'RAW_농산물_9월'!$A:$A,$E293)>0,"O","")) | L293: =IF($C293="","",IF(COUNTIFS('RAW_농산물_10월'!$D:$D,$C293,'RAW_농산물_10월'!$A:$A,$E293)>0,"O","")) | M293: =IF($C293="","",IF(COUNTIFS('RAW_농산물_11-12월'!$D:$D,$C293,'RAW_농산물_11-12월'!$A:$A,$E293)>0,"O","")) | N293: =IF($C293="","",IF(COUNTA('RAW_농산물_7월'!$A:$A)<=1,"",SUMIFS('RAW_농산물_7월'!$H:$H,'RAW_농산물_7월'!$D:$D,$C293,'RAW_농산물_7월'!$A:$A,$E293))) | O293: =IF($C293="","",IF(COUNTA('RAW_농산물_8월'!$A:$A)<=1,"",SUMIFS('RAW_농산물_8월'!$H:$H,'RAW_농산물_8월'!$D:$D,$C293,'RAW_농산물_8월'!$A:$A,$E293)-SUMIFS('RAW_농산물_7월'!$H:$H,'RAW_농산물_7월'!$D:$D,$C293,'RAW_농산물_7월'!$A:$A,$E293))) | P293: =IF($C293="","",IF(COUNTA('RAW_농산물_9월'!$A:$A)<=1,"",SUMIFS('RAW_농산물_9월'!$H:$H,'RAW_농산물_9월'!$D:$D,$C293,'RAW_농산물_9월'!$A:$A,$E293)-SUMIFS('RAW_농산물_8월'!$H:$H,'RAW_농산물_8월'!$D:$D,$C293,'RAW_농산물_8월'!$A:$A,$E293))) | Q293: =IF($C293="","",IF(COUNTA('RAW_농산물_10월'!$A:$A)<=1,"",SUMIFS('RAW_농산물_10월'!$H:$H,'RAW_농산물_10월'!$D:$D,$C293,'RAW_농산물_10월'!$A:$A,$E293)-SUMIFS('RAW_농산물_9월'!$H:$H,'RAW_농산물_9월'!$D:$D,$C293,'RAW_농산물_9월'!$A:$A,$E293))) | R293: =IF($C293="","",IF(COUNTA('RAW_농산물_11-12월'!$A:$A)<=1,"",SUMIFS('RAW_농산물_11-12월'!$H:$H,'RAW_농산물_11-12월'!$D:$D,$C293,'RAW_농산물_11-12월'!$A:$A,$E293)-SUMIFS('RAW_농산물_10월'!$H:$H,'RAW_농산물_10월'!$D:$D,$C293,'RAW_농산물_10월'!$A:$A,$E293))) | S293: =IF($C293="","",IF(COUNTIF($I293:$M293,"O")>0,"O","")) | T293: =IF($C293="","",IF($H293=0,"미사용",IF($H293<500000,"50만원 미만",IF($H293<1000000,"100만원 미만",IF($H293<2000000,"200만원 미만",IF($H293<3000000,"300만원 미만",IF($H293<4000000,"400만원 미만",IF($H293<5000000,"500만원 미만",IF($H293<6000000,"600만원 미만",IF($H293<7000000,"700만원 미만",IF($H293<8000000,"800만원 미만",IF($H293<10000000,"1000만원 미만","1000만원 이상")))))))))))) | U293: =IF($C293="",0,IF('설정'!$B$3=0,0,CHOOSE('설정'!$B$3,COUNTIFS('RAW_농산물_7월'!$D:$D,$C293,'RAW_농산물_7월'!$A:$A,$E293),COUNTIFS('RAW_농산물_8월'!$D:$D,$C293,'RAW_농산물_8월'!$A:$A,$E293),COUNTIFS('RAW_농산물_9월'!$D:$D,$C293,'RAW_농산물_9월'!$A:$A,$E293),COUNTIFS('RAW_농산물_10월'!$D:$D,$C293,'RAW_농산물_10월'!$A:$A,$E293),COUNTIFS('RAW_농산물_11-12월'!$D:$D,$C293,'RAW_농산물_11-12월'!$A:$A,$E293)))) -> 0
F294: =IF($C294="","",IF('설정'!$B$3=0,"",CHOOSE('설정'!$B$3,SUMIFS('RAW_농산물_7월'!$F:$F,'RAW_농산물_7월'!$D:$D,$C294,'RAW_농산물_7월'!$A:$A,$E294),SUMIFS('RAW_농산물_8월'!$F:$F,'RAW_농산물_8월'!$D:$D,$C294,'RAW_농산물_8월'!$A:$A,$E294),SUMIFS('RAW_농산물_9월'!$F:$F,'RAW_농산물_9월'!$D:$D,$C294,'RAW_농산물_9월'!$A:$A,$E294),SUMIFS('RAW_농산물_10월'!$F:$F,'RAW_농산물_10월'!$D:$D,$C294,'RAW_농산물_10월'!$A:$A,$E294),SUMIFS('RAW_농산물_11-12월'!$F:$F,'RAW_농산물_11-12월'!$D:$D,$C294,'RAW_농산물_11-12월'!$A:$A,$E294)))) | G294: =IF($C294="","",IF('설정'!$B$3=0,"",CHOOSE('설정'!$B$3,SUMIFS('RAW_농산물_7월'!$G:$G,'RAW_농산물_7월'!$D:$D,$C294,'RAW_농산물_7월'!$A:$A,$E294),SUMIFS('RAW_농산물_8월'!$G:$G,'RAW_농산물_8월'!$D:$D,$C294,'RAW_농산물_8월'!$A:$A,$E294),SUMIFS('RAW_농산물_9월'!$G:$G,'RAW_농산물_9월'!$D:$D,$C294,'RAW_농산물_9월'!$A:$A,$E294),SUMIFS('RAW_농산물_10월'!$G:$G,'RAW_농산물_10월'!$D:$D,$C294,'RAW_농산물_10월'!$A:$A,$E294),SUMIFS('RAW_농산물_11-12월'!$G:$G,'RAW_농산물_11-12월'!$D:$D,$C294,'RAW_농산물_11-12월'!$A:$A,$E294)))) | H294: =IF($C294="","",IF('설정'!$B$3=0,"",CHOOSE('설정'!$B$3,SUMIFS('RAW_농산물_7월'!$H:$H,'RAW_농산물_7월'!$D:$D,$C294,'RAW_농산물_7월'!$A:$A,$E294),SUMIFS('RAW_농산물_8월'!$H:$H,'RAW_농산물_8월'!$D:$D,$C294,'RAW_농산물_8월'!$A:$A,$E294),SUMIFS('RAW_농산물_9월'!$H:$H,'RAW_농산물_9월'!$D:$D,$C294,'RAW_농산물_9월'!$A:$A,$E294),SUMIFS('RAW_농산물_10월'!$H:$H,'RAW_농산물_10월'!$D:$D,$C294,'RAW_농산물_10월'!$A:$A,$E294),SUMIFS('RAW_농산물_11-12월'!$H:$H,'RAW_농산물_11-12월'!$D:$D,$C294,'RAW_농산물_11-12월'!$A:$A,$E294)))) | I294: =IF($C294="","",IF(COUNTIFS('RAW_농산물_7월'!$D:$D,$C294,'RAW_농산물_7월'!$A:$A,$E294)>0,"O","")) | J294: =IF($C294="","",IF(COUNTIFS('RAW_농산물_8월'!$D:$D,$C294,'RAW_농산물_8월'!$A:$A,$E294)>0,"O","")) | K294: =IF($C294="","",IF(COUNTIFS('RAW_농산물_9월'!$D:$D,$C294,'RAW_농산물_9월'!$A:$A,$E294)>0,"O","")) | L294: =IF($C294="","",IF(COUNTIFS('RAW_농산물_10월'!$D:$D,$C294,'RAW_농산물_10월'!$A:$A,$E294)>0,"O","")) | M294: =IF($C294="","",IF(COUNTIFS('RAW_농산물_11-12월'!$D:$D,$C294,'RAW_농산물_11-12월'!$A:$A,$E294)>0,"O","")) | N294: =IF($C294="","",IF(COUNTA('RAW_농산물_7월'!$A:$A)<=1,"",SUMIFS('RAW_농산물_7월'!$H:$H,'RAW_농산물_7월'!$D:$D,$C294,'RAW_농산물_7월'!$A:$A,$E294))) | O294: =IF($C294="","",IF(COUNTA('RAW_농산물_8월'!$A:$A)<=1,"",SUMIFS('RAW_농산물_8월'!$H:$H,'RAW_농산물_8월'!$D:$D,$C294,'RAW_농산물_8월'!$A:$A,$E294)-SUMIFS('RAW_농산물_7월'!$H:$H,'RAW_농산물_7월'!$D:$D,$C294,'RAW_농산물_7월'!$A:$A,$E294))) | P294: =IF($C294="","",IF(COUNTA('RAW_농산물_9월'!$A:$A)<=1,"",SUMIFS('RAW_농산물_9월'!$H:$H,'RAW_농산물_9월'!$D:$D,$C294,'RAW_농산물_9월'!$A:$A,$E294)-SUMIFS('RAW_농산물_8월'!$H:$H,'RAW_농산물_8월'!$D:$D,$C294,'RAW_농산물_8월'!$A:$A,$E294))) | Q294: =IF($C294="","",IF(COUNTA('RAW_농산물_10월'!$A:$A)<=1,"",SUMIFS('RAW_농산물_10월'!$H:$H,'RAW_농산물_10월'!$D:$D,$C294,'RAW_농산물_10월'!$A:$A,$E294)-SUMIFS('RAW_농산물_9월'!$H:$H,'RAW_농산물_9월'!$D:$D,$C294,'RAW_농산물_9월'!$A:$A,$E294))) | R294: =IF($C294="","",IF(COUNTA('RAW_농산물_11-12월'!$A:$A)<=1,"",SUMIFS('RAW_농산물_11-12월'!$H:$H,'RAW_농산물_11-12월'!$D:$D,$C294,'RAW_농산물_11-12월'!$A:$A,$E294)-SUMIFS('RAW_농산물_10월'!$H:$H,'RAW_농산물_10월'!$D:$D,$C294,'RAW_농산물_10월'!$A:$A,$E294))) | S294: =IF($C294="","",IF(COUNTIF($I294:$M294,"O")>0,"O","")) | T294: =IF($C294="","",IF($H294=0,"미사용",IF($H294<500000,"50만원 미만",IF($H294<1000000,"100만원 미만",IF($H294<2000000,"200만원 미만",IF($H294<3000000,"300만원 미만",IF($H294<4000000,"400만원 미만",IF($H294<5000000,"500만원 미만",IF($H294<6000000,"600만원 미만",IF($H294<7000000,"700만원 미만",IF($H294<8000000,"800만원 미만",IF($H294<10000000,"1000만원 미만","1000만원 이상")))))))))))) | U294: =IF($C294="",0,IF('설정'!$B$3=0,0,CHOOSE('설정'!$B$3,COUNTIFS('RAW_농산물_7월'!$D:$D,$C294,'RAW_농산물_7월'!$A:$A,$E294),COUNTIFS('RAW_농산물_8월'!$D:$D,$C294,'RAW_농산물_8월'!$A:$A,$E294),COUNTIFS('RAW_농산물_9월'!$D:$D,$C294,'RAW_농산물_9월'!$A:$A,$E294),COUNTIFS('RAW_농산물_10월'!$D:$D,$C294,'RAW_농산물_10월'!$A:$A,$E294),COUNTIFS('RAW_농산물_11-12월'!$D:$D,$C294,'RAW_농산물_11-12월'!$A:$A,$E294)))) -> 0
F295: =IF($C295="","",IF('설정'!$B$3=0,"",CHOOSE('설정'!$B$3,SUMIFS('RAW_농산물_7월'!$F:$F,'RAW_농산물_7월'!$D:$D,$C295,'RAW_농산물_7월'!$A:$A,$E295),SUMIFS('RAW_농산물_8월'!$F:$F,'RAW_농산물_8월'!$D:$D,$C295,'RAW_농산물_8월'!$A:$A,$E295),SUMIFS('RAW_농산물_9월'!$F:$F,'RAW_농산물_9월'!$D:$D,$C295,'RAW_농산물_9월'!$A:$A,$E295),SUMIFS('RAW_농산물_10월'!$F:$F,'RAW_농산물_10월'!$D:$D,$C295,'RAW_농산물_10월'!$A:$A,$E295),SUMIFS('RAW_농산물_11-12월'!$F:$F,'RAW_농산물_11-12월'!$D:$D,$C295,'RAW_농산물_11-12월'!$A:$A,$E295)))) | G295: =IF($C295="","",IF('설정'!$B$3=0,"",CHOOSE('설정'!$B$3,SUMIFS('RAW_농산물_7월'!$G:$G,'RAW_농산물_7월'!$D:$D,$C295,'RAW_농산물_7월'!$A:$A,$E295),SUMIFS('RAW_농산물_8월'!$G:$G,'RAW_농산물_8월'!$D:$D,$C295,'RAW_농산물_8월'!$A:$A,$E295),SUMIFS('RAW_농산물_9월'!$G:$G,'RAW_농산물_9월'!$D:$D,$C295,'RAW_농산물_9월'!$A:$A,$E295),SUMIFS('RAW_농산물_10월'!$G:$G,'RAW_농산물_10월'!$D:$D,$C295,'RAW_농산물_10월'!$A:$A,$E295),SUMIFS('RAW_농산물_11-12월'!$G:$G,'RAW_농산물_11-12월'!$D:$D,$C295,'RAW_농산물_11-12월'!$A:$A,$E295)))) | H295: =IF($C295="","",IF('설정'!$B$3=0,"",CHOOSE('설정'!$B$3,SUMIFS('RAW_농산물_7월'!$H:$H,'RAW_농산물_7월'!$D:$D,$C295,'RAW_농산물_7월'!$A:$A,$E295),SUMIFS('RAW_농산물_8월'!$H:$H,'RAW_농산물_8월'!$D:$D,$C295,'RAW_농산물_8월'!$A:$A,$E295),SUMIFS('RAW_농산물_9월'!$H:$H,'RAW_농산물_9월'!$D:$D,$C295,'RAW_농산물_9월'!$A:$A,$E295),SUMIFS('RAW_농산물_10월'!$H:$H,'RAW_농산물_10월'!$D:$D,$C295,'RAW_농산물_10월'!$A:$A,$E295),SUMIFS('RAW_농산물_11-12월'!$H:$H,'RAW_농산물_11-12월'!$D:$D,$C295,'RAW_농산물_11-12월'!$A:$A,$E295)))) | I295: =IF($C295="","",IF(COUNTIFS('RAW_농산물_7월'!$D:$D,$C295,'RAW_농산물_7월'!$A:$A,$E295)>0,"O","")) | J295: =IF($C295="","",IF(COUNTIFS('RAW_농산물_8월'!$D:$D,$C295,'RAW_농산물_8월'!$A:$A,$E295)>0,"O","")) | K295: =IF($C295="","",IF(COUNTIFS('RAW_농산물_9월'!$D:$D,$C295,'RAW_농산물_9월'!$A:$A,$E295)>0,"O","")) | L295: =IF($C295="","",IF(COUNTIFS('RAW_농산물_10월'!$D:$D,$C295,'RAW_농산물_10월'!$A:$A,$E295)>0,"O","")) | M295: =IF($C295="","",IF(COUNTIFS('RAW_농산물_11-12월'!$D:$D,$C295,'RAW_농산물_11-12월'!$A:$A,$E295)>0,"O","")) | N295: =IF($C295="","",IF(COUNTA('RAW_농산물_7월'!$A:$A)<=1,"",SUMIFS('RAW_농산물_7월'!$H:$H,'RAW_농산물_7월'!$D:$D,$C295,'RAW_농산물_7월'!$A:$A,$E295))) | O295: =IF($C295="","",IF(COUNTA('RAW_농산물_8월'!$A:$A)<=1,"",SUMIFS('RAW_농산물_8월'!$H:$H,'RAW_농산물_8월'!$D:$D,$C295,'RAW_농산물_8월'!$A:$A,$E295)-SUMIFS('RAW_농산물_7월'!$H:$H,'RAW_농산물_7월'!$D:$D,$C295,'RAW_농산물_7월'!$A:$A,$E295))) | P295: =IF($C295="","",IF(COUNTA('RAW_농산물_9월'!$A:$A)<=1,"",SUMIFS('RAW_농산물_9월'!$H:$H,'RAW_농산물_9월'!$D:$D,$C295,'RAW_농산물_9월'!$A:$A,$E295)-SUMIFS('RAW_농산물_8월'!$H:$H,'RAW_농산물_8월'!$D:$D,$C295,'RAW_농산물_8월'!$A:$A,$E295))) | Q295: =IF($C295="","",IF(COUNTA('RAW_농산물_10월'!$A:$A)<=1,"",SUMIFS('RAW_농산물_10월'!$H:$H,'RAW_농산물_10월'!$D:$D,$C295,'RAW_농산물_10월'!$A:$A,$E295)-SUMIFS('RAW_농산물_9월'!$H:$H,'RAW_농산물_9월'!$D:$D,$C295,'RAW_농산물_9월'!$A:$A,$E295))) | R295: =IF($C295="","",IF(COUNTA('RAW_농산물_11-12월'!$A:$A)<=1,"",SUMIFS('RAW_농산물_11-12월'!$H:$H,'RAW_농산물_11-12월'!$D:$D,$C295,'RAW_농산물_11-12월'!$A:$A,$E295)-SUMIFS('RAW_농산물_10월'!$H:$H,'RAW_농산물_10월'!$D:$D,$C295,'RAW_농산물_10월'!$A:$A,$E295))) | S295: =IF($C295="","",IF(COUNTIF($I295:$M295,"O")>0,"O","")) | T295: =IF($C295="","",IF($H295=0,"미사용",IF($H295<500000,"50만원 미만",IF($H295<1000000,"100만원 미만",IF($H295<2000000,"200만원 미만",IF($H295<3000000,"300만원 미만",IF($H295<4000000,"400만원 미만",IF($H295<5000000,"500만원 미만",IF($H295<6000000,"600만원 미만",IF($H295<7000000,"700만원 미만",IF($H295<8000000,"800만원 미만",IF($H295<10000000,"1000만원 미만","1000만원 이상")))))))))))) | U295: =IF($C295="",0,IF('설정'!$B$3=0,0,CHOOSE('설정'!$B$3,COUNTIFS('RAW_농산물_7월'!$D:$D,$C295,'RAW_농산물_7월'!$A:$A,$E295),COUNTIFS('RAW_농산물_8월'!$D:$D,$C295,'RAW_농산물_8월'!$A:$A,$E295),COUNTIFS('RAW_농산물_9월'!$D:$D,$C295,'RAW_농산물_9월'!$A:$A,$E295),COUNTIFS('RAW_농산물_10월'!$D:$D,$C295,'RAW_농산물_10월'!$A:$A,$E295),COUNTIFS('RAW_농산물_11-12월'!$D:$D,$C295,'RAW_농산물_11-12월'!$A:$A,$E295)))) -> 0
F296: =IF($C296="","",IF('설정'!$B$3=0,"",CHOOSE('설정'!$B$3,SUMIFS('RAW_농산물_7월'!$F:$F,'RAW_농산물_7월'!$D:$D,$C296,'RAW_농산물_7월'!$A:$A,$E296),SUMIFS('RAW_농산물_8월'!$F:$F,'RAW_농산물_8월'!$D:$D,$C296,'RAW_농산물_8월'!$A:$A,$E296),SUMIFS('RAW_농산물_9월'!$F:$F,'RAW_농산물_9월'!$D:$D,$C296,'RAW_농산물_9월'!$A:$A,$E296),SUMIFS('RAW_농산물_10월'!$F:$F,'RAW_농산물_10월'!$D:$D,$C296,'RAW_농산물_10월'!$A:$A,$E296),SUMIFS('RAW_농산물_11-12월'!$F:$F,'RAW_농산물_11-12월'!$D:$D,$C296,'RAW_농산물_11-12월'!$A:$A,$E296)))) | G296: =IF($C296="","",IF('설정'!$B$3=0,"",CHOOSE('설정'!$B$3,SUMIFS('RAW_농산물_7월'!$G:$G,'RAW_농산물_7월'!$D:$D,$C296,'RAW_농산물_7월'!$A:$A,$E296),SUMIFS('RAW_농산물_8월'!$G:$G,'RAW_농산물_8월'!$D:$D,$C296,'RAW_농산물_8월'!$A:$A,$E296),SUMIFS('RAW_농산물_9월'!$G:$G,'RAW_농산물_9월'!$D:$D,$C296,'RAW_농산물_9월'!$A:$A,$E296),SUMIFS('RAW_농산물_10월'!$G:$G,'RAW_농산물_10월'!$D:$D,$C296,'RAW_농산물_10월'!$A:$A,$E296),SUMIFS('RAW_농산물_11-12월'!$G:$G,'RAW_농산물_11-12월'!$D:$D,$C296,'RAW_농산물_11-12월'!$A:$A,$E296)))) | H296: =IF($C296="","",IF('설정'!$B$3=0,"",CHOOSE('설정'!$B$3,SUMIFS('RAW_농산물_7월'!$H:$H,'RAW_농산물_7월'!$D:$D,$C296,'RAW_농산물_7월'!$A:$A,$E296),SUMIFS('RAW_농산물_8월'!$H:$H,'RAW_농산물_8월'!$D:$D,$C296,'RAW_농산물_8월'!$A:$A,$E296),SUMIFS('RAW_농산물_9월'!$H:$H,'RAW_농산물_9월'!$D:$D,$C296,'RAW_농산물_9월'!$A:$A,$E296),SUMIFS('RAW_농산물_10월'!$H:$H,'RAW_농산물_10월'!$D:$D,$C296,'RAW_농산물_10월'!$A:$A,$E296),SUMIFS('RAW_농산물_11-12월'!$H:$H,'RAW_농산물_11-12월'!$D:$D,$C296,'RAW_농산물_11-12월'!$A:$A,$E296)))) | I296: =IF($C296="","",IF(COUNTIFS('RAW_농산물_7월'!$D:$D,$C296,'RAW_농산물_7월'!$A:$A,$E296)>0,"O","")) | J296: =IF($C296="","",IF(COUNTIFS('RAW_농산물_8월'!$D:$D,$C296,'RAW_농산물_8월'!$A:$A,$E296)>0,"O","")) | K296: =IF($C296="","",IF(COUNTIFS('RAW_농산물_9월'!$D:$D,$C296,'RAW_농산물_9월'!$A:$A,$E296)>0,"O","")) | L296: =IF($C296="","",IF(COUNTIFS('RAW_농산물_10월'!$D:$D,$C296,'RAW_농산물_10월'!$A:$A,$E296)>0,"O","")) | M296: =IF($C296="","",IF(COUNTIFS('RAW_농산물_11-12월'!$D:$D,$C296,'RAW_농산물_11-12월'!$A:$A,$E296)>0,"O","")) | N296: =IF($C296="","",IF(COUNTA('RAW_농산물_7월'!$A:$A)<=1,"",SUMIFS('RAW_농산물_7월'!$H:$H,'RAW_농산물_7월'!$D:$D,$C296,'RAW_농산물_7월'!$A:$A,$E296))) | O296: =IF($C296="","",IF(COUNTA('RAW_농산물_8월'!$A:$A)<=1,"",SUMIFS('RAW_농산물_8월'!$H:$H,'RAW_농산물_8월'!$D:$D,$C296,'RAW_농산물_8월'!$A:$A,$E296)-SUMIFS('RAW_농산물_7월'!$H:$H,'RAW_농산물_7월'!$D:$D,$C296,'RAW_농산물_7월'!$A:$A,$E296))) | P296: =IF($C296="","",IF(COUNTA('RAW_농산물_9월'!$A:$A)<=1,"",SUMIFS('RAW_농산물_9월'!$H:$H,'RAW_농산물_9월'!$D:$D,$C296,'RAW_농산물_9월'!$A:$A,$E296)-SUMIFS('RAW_농산물_8월'!$H:$H,'RAW_농산물_8월'!$D:$D,$C296,'RAW_농산물_8월'!$A:$A,$E296))) | Q296: =IF($C296="","",IF(COUNTA('RAW_농산물_10월'!$A:$A)<=1,"",SUMIFS('RAW_농산물_10월'!$H:$H,'RAW_농산물_10월'!$D:$D,$C296,'RAW_농산물_10월'!$A:$A,$E296)-SUMIFS('RAW_농산물_9월'!$H:$H,'RAW_농산물_9월'!$D:$D,$C296,'RAW_농산물_9월'!$A:$A,$E296))) | R296: =IF($C296="","",IF(COUNTA('RAW_농산물_11-12월'!$A:$A)<=1,"",SUMIFS('RAW_농산물_11-12월'!$H:$H,'RAW_농산물_11-12월'!$D:$D,$C296,'RAW_농산물_11-12월'!$A:$A,$E296)-SUMIFS('RAW_농산물_10월'!$H:$H,'RAW_농산물_10월'!$D:$D,$C296,'RAW_농산물_10월'!$A:$A,$E296))) | S296: =IF($C296="","",IF(COUNTIF($I296:$M296,"O")>0,"O","")) | T296: =IF($C296="","",IF($H296=0,"미사용",IF($H296<500000,"50만원 미만",IF($H296<1000000,"100만원 미만",IF($H296<2000000,"200만원 미만",IF($H296<3000000,"300만원 미만",IF($H296<4000000,"400만원 미만",IF($H296<5000000,"500만원 미만",IF($H296<6000000,"600만원 미만",IF($H296<7000000,"700만원 미만",IF($H296<8000000,"800만원 미만",IF($H296<10000000,"1000만원 미만","1000만원 이상")))))))))))) | U296: =IF($C296="",0,IF('설정'!$B$3=0,0,CHOOSE('설정'!$B$3,COUNTIFS('RAW_농산물_7월'!$D:$D,$C296,'RAW_농산물_7월'!$A:$A,$E296),COUNTIFS('RAW_농산물_8월'!$D:$D,$C296,'RAW_농산물_8월'!$A:$A,$E296),COUNTIFS('RAW_농산물_9월'!$D:$D,$C296,'RAW_농산물_9월'!$A:$A,$E296),COUNTIFS('RAW_농산물_10월'!$D:$D,$C296,'RAW_농산물_10월'!$A:$A,$E296),COUNTIFS('RAW_농산물_11-12월'!$D:$D,$C296,'RAW_농산물_11-12월'!$A:$A,$E296)))) -> 0
F297: =IF($C297="","",IF('설정'!$B$3=0,"",CHOOSE('설정'!$B$3,SUMIFS('RAW_농산물_7월'!$F:$F,'RAW_농산물_7월'!$D:$D,$C297,'RAW_농산물_7월'!$A:$A,$E297),SUMIFS('RAW_농산물_8월'!$F:$F,'RAW_농산물_8월'!$D:$D,$C297,'RAW_농산물_8월'!$A:$A,$E297),SUMIFS('RAW_농산물_9월'!$F:$F,'RAW_농산물_9월'!$D:$D,$C297,'RAW_농산물_9월'!$A:$A,$E297),SUMIFS('RAW_농산물_10월'!$F:$F,'RAW_농산물_10월'!$D:$D,$C297,'RAW_농산물_10월'!$A:$A,$E297),SUMIFS('RAW_농산물_11-12월'!$F:$F,'RAW_농산물_11-12월'!$D:$D,$C297,'RAW_농산물_11-12월'!$A:$A,$E297)))) | G297: =IF($C297="","",IF('설정'!$B$3=0,"",CHOOSE('설정'!$B$3,SUMIFS('RAW_농산물_7월'!$G:$G,'RAW_농산물_7월'!$D:$D,$C297,'RAW_농산물_7월'!$A:$A,$E297),SUMIFS('RAW_농산물_8월'!$G:$G,'RAW_농산물_8월'!$D:$D,$C297,'RAW_농산물_8월'!$A:$A,$E297),SUMIFS('RAW_농산물_9월'!$G:$G,'RAW_농산물_9월'!$D:$D,$C297,'RAW_농산물_9월'!$A:$A,$E297),SUMIFS('RAW_농산물_10월'!$G:$G,'RAW_농산물_10월'!$D:$D,$C297,'RAW_농산물_10월'!$A:$A,$E297),SUMIFS('RAW_농산물_11-12월'!$G:$G,'RAW_농산물_11-12월'!$D:$D,$C297,'RAW_농산물_11-12월'!$A:$A,$E297)))) | H297: =IF($C297="","",IF('설정'!$B$3=0,"",CHOOSE('설정'!$B$3,SUMIFS('RAW_농산물_7월'!$H:$H,'RAW_농산물_7월'!$D:$D,$C297,'RAW_농산물_7월'!$A:$A,$E297),SUMIFS('RAW_농산물_8월'!$H:$H,'RAW_농산물_8월'!$D:$D,$C297,'RAW_농산물_8월'!$A:$A,$E297),SUMIFS('RAW_농산물_9월'!$H:$H,'RAW_농산물_9월'!$D:$D,$C297,'RAW_농산물_9월'!$A:$A,$E297),SUMIFS('RAW_농산물_10월'!$H:$H,'RAW_농산물_10월'!$D:$D,$C297,'RAW_농산물_10월'!$A:$A,$E297),SUMIFS('RAW_농산물_11-12월'!$H:$H,'RAW_농산물_11-12월'!$D:$D,$C297,'RAW_농산물_11-12월'!$A:$A,$E297)))) | I297: =IF($C297="","",IF(COUNTIFS('RAW_농산물_7월'!$D:$D,$C297,'RAW_농산물_7월'!$A:$A,$E297)>0,"O","")) | J297: =IF($C297="","",IF(COUNTIFS('RAW_농산물_8월'!$D:$D,$C297,'RAW_농산물_8월'!$A:$A,$E297)>0,"O","")) | K297: =IF($C297="","",IF(COUNTIFS('RAW_농산물_9월'!$D:$D,$C297,'RAW_농산물_9월'!$A:$A,$E297)>0,"O","")) | L297: =IF($C297="","",IF(COUNTIFS('RAW_농산물_10월'!$D:$D,$C297,'RAW_농산물_10월'!$A:$A,$E297)>0,"O","")) | M297: =IF($C297="","",IF(COUNTIFS('RAW_농산물_11-12월'!$D:$D,$C297,'RAW_농산물_11-12월'!$A:$A,$E297)>0,"O","")) | N297: =IF($C297="","",IF(COUNTA('RAW_농산물_7월'!$A:$A)<=1,"",SUMIFS('RAW_농산물_7월'!$H:$H,'RAW_농산물_7월'!$D:$D,$C297,'RAW_농산물_7월'!$A:$A,$E297))) | O297: =IF($C297="","",IF(COUNTA('RAW_농산물_8월'!$A:$A)<=1,"",SUMIFS('RAW_농산물_8월'!$H:$H,'RAW_농산물_8월'!$D:$D,$C297,'RAW_농산물_8월'!$A:$A,$E297)-SUMIFS('RAW_농산물_7월'!$H:$H,'RAW_농산물_7월'!$D:$D,$C297,'RAW_농산물_7월'!$A:$A,$E297))) | P297: =IF($C297="","",IF(COUNTA('RAW_농산물_9월'!$A:$A)<=1,"",SUMIFS('RAW_농산물_9월'!$H:$H,'RAW_농산물_9월'!$D:$D,$C297,'RAW_농산물_9월'!$A:$A,$E297)-SUMIFS('RAW_농산물_8월'!$H:$H,'RAW_농산물_8월'!$D:$D,$C297,'RAW_농산물_8월'!$A:$A,$E297))) | Q297: =IF($C297="","",IF(COUNTA('RAW_농산물_10월'!$A:$A)<=1,"",SUMIFS('RAW_농산물_10월'!$H:$H,'RAW_농산물_10월'!$D:$D,$C297,'RAW_농산물_10월'!$A:$A,$E297)-SUMIFS('RAW_농산물_9월'!$H:$H,'RAW_농산물_9월'!$D:$D,$C297,'RAW_농산물_9월'!$A:$A,$E297))) | R297: =IF($C297="","",IF(COUNTA('RAW_농산물_11-12월'!$A:$A)<=1,"",SUMIFS('RAW_농산물_11-12월'!$H:$H,'RAW_농산물_11-12월'!$D:$D,$C297,'RAW_농산물_11-12월'!$A:$A,$E297)-SUMIFS('RAW_농산물_10월'!$H:$H,'RAW_농산물_10월'!$D:$D,$C297,'RAW_농산물_10월'!$A:$A,$E297))) | S297: =IF($C297="","",IF(COUNTIF($I297:$M297,"O")>0,"O","")) | T297: =IF($C297="","",IF($H297=0,"미사용",IF($H297<500000,"50만원 미만",IF($H297<1000000,"100만원 미만",IF($H297<2000000,"200만원 미만",IF($H297<3000000,"300만원 미만",IF($H297<4000000,"400만원 미만",IF($H297<5000000,"500만원 미만",IF($H297<6000000,"600만원 미만",IF($H297<7000000,"700만원 미만",IF($H297<8000000,"800만원 미만",IF($H297<10000000,"1000만원 미만","1000만원 이상")))))))))))) | U297: =IF($C297="",0,IF('설정'!$B$3=0,0,CHOOSE('설정'!$B$3,COUNTIFS('RAW_농산물_7월'!$D:$D,$C297,'RAW_농산물_7월'!$A:$A,$E297),COUNTIFS('RAW_농산물_8월'!$D:$D,$C297,'RAW_농산물_8월'!$A:$A,$E297),COUNTIFS('RAW_농산물_9월'!$D:$D,$C297,'RAW_농산물_9월'!$A:$A,$E297),COUNTIFS('RAW_농산물_10월'!$D:$D,$C297,'RAW_농산물_10월'!$A:$A,$E297),COUNTIFS('RAW_농산물_11-12월'!$D:$D,$C297,'RAW_농산물_11-12월'!$A:$A,$E297)))) -> 0
F298: =IF($C298="","",IF('설정'!$B$3=0,"",CHOOSE('설정'!$B$3,SUMIFS('RAW_농산물_7월'!$F:$F,'RAW_농산물_7월'!$D:$D,$C298,'RAW_농산물_7월'!$A:$A,$E298),SUMIFS('RAW_농산물_8월'!$F:$F,'RAW_농산물_8월'!$D:$D,$C298,'RAW_농산물_8월'!$A:$A,$E298),SUMIFS('RAW_농산물_9월'!$F:$F,'RAW_농산물_9월'!$D:$D,$C298,'RAW_농산물_9월'!$A:$A,$E298),SUMIFS('RAW_농산물_10월'!$F:$F,'RAW_농산물_10월'!$D:$D,$C298,'RAW_농산물_10월'!$A:$A,$E298),SUMIFS('RAW_농산물_11-12월'!$F:$F,'RAW_농산물_11-12월'!$D:$D,$C298,'RAW_농산물_11-12월'!$A:$A,$E298)))) | G298: =IF($C298="","",IF('설정'!$B$3=0,"",CHOOSE('설정'!$B$3,SUMIFS('RAW_농산물_7월'!$G:$G,'RAW_농산물_7월'!$D:$D,$C298,'RAW_농산물_7월'!$A:$A,$E298),SUMIFS('RAW_농산물_8월'!$G:$G,'RAW_농산물_8월'!$D:$D,$C298,'RAW_농산물_8월'!$A:$A,$E298),SUMIFS('RAW_농산물_9월'!$G:$G,'RAW_농산물_9월'!$D:$D,$C298,'RAW_농산물_9월'!$A:$A,$E298),SUMIFS('RAW_농산물_10월'!$G:$G,'RAW_농산물_10월'!$D:$D,$C298,'RAW_농산물_10월'!$A:$A,$E298),SUMIFS('RAW_농산물_11-12월'!$G:$G,'RAW_농산물_11-12월'!$D:$D,$C298,'RAW_농산물_11-12월'!$A:$A,$E298)))) | H298: =IF($C298="","",IF('설정'!$B$3=0,"",CHOOSE('설정'!$B$3,SUMIFS('RAW_농산물_7월'!$H:$H,'RAW_농산물_7월'!$D:$D,$C298,'RAW_농산물_7월'!$A:$A,$E298),SUMIFS('RAW_농산물_8월'!$H:$H,'RAW_농산물_8월'!$D:$D,$C298,'RAW_농산물_8월'!$A:$A,$E298),SUMIFS('RAW_농산물_9월'!$H:$H,'RAW_농산물_9월'!$D:$D,$C298,'RAW_농산물_9월'!$A:$A,$E298),SUMIFS('RAW_농산물_10월'!$H:$H,'RAW_농산물_10월'!$D:$D,$C298,'RAW_농산물_10월'!$A:$A,$E298),SUMIFS('RAW_농산물_11-12월'!$H:$H,'RAW_농산물_11-12월'!$D:$D,$C298,'RAW_농산물_11-12월'!$A:$A,$E298)))) | I298: =IF($C298="","",IF(COUNTIFS('RAW_농산물_7월'!$D:$D,$C298,'RAW_농산물_7월'!$A:$A,$E298)>0,"O","")) | J298: =IF($C298="","",IF(COUNTIFS('RAW_농산물_8월'!$D:$D,$C298,'RAW_농산물_8월'!$A:$A,$E298)>0,"O","")) | K298: =IF($C298="","",IF(COUNTIFS('RAW_농산물_9월'!$D:$D,$C298,'RAW_농산물_9월'!$A:$A,$E298)>0,"O","")) | L298: =IF($C298="","",IF(COUNTIFS('RAW_농산물_10월'!$D:$D,$C298,'RAW_농산물_10월'!$A:$A,$E298)>0,"O","")) | M298: =IF($C298="","",IF(COUNTIFS('RAW_농산물_11-12월'!$D:$D,$C298,'RAW_농산물_11-12월'!$A:$A,$E298)>0,"O","")) | N298: =IF($C298="","",IF(COUNTA('RAW_농산물_7월'!$A:$A)<=1,"",SUMIFS('RAW_농산물_7월'!$H:$H,'RAW_농산물_7월'!$D:$D,$C298,'RAW_농산물_7월'!$A:$A,$E298))) | O298: =IF($C298="","",IF(COUNTA('RAW_농산물_8월'!$A:$A)<=1,"",SUMIFS('RAW_농산물_8월'!$H:$H,'RAW_농산물_8월'!$D:$D,$C298,'RAW_농산물_8월'!$A:$A,$E298)-SUMIFS('RAW_농산물_7월'!$H:$H,'RAW_농산물_7월'!$D:$D,$C298,'RAW_농산물_7월'!$A:$A,$E298))) | P298: =IF($C298="","",IF(COUNTA('RAW_농산물_9월'!$A:$A)<=1,"",SUMIFS('RAW_농산물_9월'!$H:$H,'RAW_농산물_9월'!$D:$D,$C298,'RAW_농산물_9월'!$A:$A,$E298)-SUMIFS('RAW_농산물_8월'!$H:$H,'RAW_농산물_8월'!$D:$D,$C298,'RAW_농산물_8월'!$A:$A,$E298))) | Q298: =IF($C298="","",IF(COUNTA('RAW_농산물_10월'!$A:$A)<=1,"",SUMIFS('RAW_농산물_10월'!$H:$H,'RAW_농산물_10월'!$D:$D,$C298,'RAW_농산물_10월'!$A:$A,$E298)-SUMIFS('RAW_농산물_9월'!$H:$H,'RAW_농산물_9월'!$D:$D,$C298,'RAW_농산물_9월'!$A:$A,$E298))) | R298: =IF($C298="","",IF(COUNTA('RAW_농산물_11-12월'!$A:$A)<=1,"",SUMIFS('RAW_농산물_11-12월'!$H:$H,'RAW_농산물_11-12월'!$D:$D,$C298,'RAW_농산물_11-12월'!$A:$A,$E298)-SUMIFS('RAW_농산물_10월'!$H:$H,'RAW_농산물_10월'!$D:$D,$C298,'RAW_농산물_10월'!$A:$A,$E298))) | S298: =IF($C298="","",IF(COUNTIF($I298:$M298,"O")>0,"O","")) | T298: =IF($C298="","",IF($H298=0,"미사용",IF($H298<500000,"50만원 미만",IF($H298<1000000,"100만원 미만",IF($H298<2000000,"200만원 미만",IF($H298<3000000,"300만원 미만",IF($H298<4000000,"400만원 미만",IF($H298<5000000,"500만원 미만",IF($H298<6000000,"600만원 미만",IF($H298<7000000,"700만원 미만",IF($H298<8000000,"800만원 미만",IF($H298<10000000,"1000만원 미만","1000만원 이상")))))))))))) | U298: =IF($C298="",0,IF('설정'!$B$3=0,0,CHOOSE('설정'!$B$3,COUNTIFS('RAW_농산물_7월'!$D:$D,$C298,'RAW_농산물_7월'!$A:$A,$E298),COUNTIFS('RAW_농산물_8월'!$D:$D,$C298,'RAW_농산물_8월'!$A:$A,$E298),COUNTIFS('RAW_농산물_9월'!$D:$D,$C298,'RAW_농산물_9월'!$A:$A,$E298),COUNTIFS('RAW_농산물_10월'!$D:$D,$C298,'RAW_농산물_10월'!$A:$A,$E298),COUNTIFS('RAW_농산물_11-12월'!$D:$D,$C298,'RAW_농산물_11-12월'!$A:$A,$E298)))) -> 0
F299: =IF($C299="","",IF('설정'!$B$3=0,"",CHOOSE('설정'!$B$3,SUMIFS('RAW_농산물_7월'!$F:$F,'RAW_농산물_7월'!$D:$D,$C299,'RAW_농산물_7월'!$A:$A,$E299),SUMIFS('RAW_농산물_8월'!$F:$F,'RAW_농산물_8월'!$D:$D,$C299,'RAW_농산물_8월'!$A:$A,$E299),SUMIFS('RAW_농산물_9월'!$F:$F,'RAW_농산물_9월'!$D:$D,$C299,'RAW_농산물_9월'!$A:$A,$E299),SUMIFS('RAW_농산물_10월'!$F:$F,'RAW_농산물_10월'!$D:$D,$C299,'RAW_농산물_10월'!$A:$A,$E299),SUMIFS('RAW_농산물_11-12월'!$F:$F,'RAW_농산물_11-12월'!$D:$D,$C299,'RAW_농산물_11-12월'!$A:$A,$E299)))) | G299: =IF($C299="","",IF('설정'!$B$3=0,"",CHOOSE('설정'!$B$3,SUMIFS('RAW_농산물_7월'!$G:$G,'RAW_농산물_7월'!$D:$D,$C299,'RAW_농산물_7월'!$A:$A,$E299),SUMIFS('RAW_농산물_8월'!$G:$G,'RAW_농산물_8월'!$D:$D,$C299,'RAW_농산물_8월'!$A:$A,$E299),SUMIFS('RAW_농산물_9월'!$G:$G,'RAW_농산물_9월'!$D:$D,$C299,'RAW_농산물_9월'!$A:$A,$E299),SUMIFS('RAW_농산물_10월'!$G:$G,'RAW_농산물_10월'!$D:$D,$C299,'RAW_농산물_10월'!$A:$A,$E299),SUMIFS('RAW_농산물_11-12월'!$G:$G,'RAW_농산물_11-12월'!$D:$D,$C299,'RAW_농산물_11-12월'!$A:$A,$E299)))) | H299: =IF($C299="","",IF('설정'!$B$3=0,"",CHOOSE('설정'!$B$3,SUMIFS('RAW_농산물_7월'!$H:$H,'RAW_농산물_7월'!$D:$D,$C299,'RAW_농산물_7월'!$A:$A,$E299),SUMIFS('RAW_농산물_8월'!$H:$H,'RAW_농산물_8월'!$D:$D,$C299,'RAW_농산물_8월'!$A:$A,$E299),SUMIFS('RAW_농산물_9월'!$H:$H,'RAW_농산물_9월'!$D:$D,$C299,'RAW_농산물_9월'!$A:$A,$E299),SUMIFS('RAW_농산물_10월'!$H:$H,'RAW_농산물_10월'!$D:$D,$C299,'RAW_농산물_10월'!$A:$A,$E299),SUMIFS('RAW_농산물_11-12월'!$H:$H,'RAW_농산물_11-12월'!$D:$D,$C299,'RAW_농산물_11-12월'!$A:$A,$E299)))) | I299: =IF($C299="","",IF(COUNTIFS('RAW_농산물_7월'!$D:$D,$C299,'RAW_농산물_7월'!$A:$A,$E299)>0,"O","")) | J299: =IF($C299="","",IF(COUNTIFS('RAW_농산물_8월'!$D:$D,$C299,'RAW_농산물_8월'!$A:$A,$E299)>0,"O","")) | K299: =IF($C299="","",IF(COUNTIFS('RAW_농산물_9월'!$D:$D,$C299,'RAW_농산물_9월'!$A:$A,$E299)>0,"O","")) | L299: =IF($C299="","",IF(COUNTIFS('RAW_농산물_10월'!$D:$D,$C299,'RAW_농산물_10월'!$A:$A,$E299)>0,"O","")) | M299: =IF($C299="","",IF(COUNTIFS('RAW_농산물_11-12월'!$D:$D,$C299,'RAW_농산물_11-12월'!$A:$A,$E299)>0,"O","")) | N299: =IF($C299="","",IF(COUNTA('RAW_농산물_7월'!$A:$A)<=1,"",SUMIFS('RAW_농산물_7월'!$H:$H,'RAW_농산물_7월'!$D:$D,$C299,'RAW_농산물_7월'!$A:$A,$E299))) | O299: =IF($C299="","",IF(COUNTA('RAW_농산물_8월'!$A:$A)<=1,"",SUMIFS('RAW_농산물_8월'!$H:$H,'RAW_농산물_8월'!$D:$D,$C299,'RAW_농산물_8월'!$A:$A,$E299)-SUMIFS('RAW_농산물_7월'!$H:$H,'RAW_농산물_7월'!$D:$D,$C299,'RAW_농산물_7월'!$A:$A,$E299))) | P299: =IF($C299="","",IF(COUNTA('RAW_농산물_9월'!$A:$A)<=1,"",SUMIFS('RAW_농산물_9월'!$H:$H,'RAW_농산물_9월'!$D:$D,$C299,'RAW_농산물_9월'!$A:$A,$E299)-SUMIFS('RAW_농산물_8월'!$H:$H,'RAW_농산물_8월'!$D:$D,$C299,'RAW_농산물_8월'!$A:$A,$E299))) | Q299: =IF($C299="","",IF(COUNTA('RAW_농산물_10월'!$A:$A)<=1,"",SUMIFS('RAW_농산물_10월'!$H:$H,'RAW_농산물_10월'!$D:$D,$C299,'RAW_농산물_10월'!$A:$A,$E299)-SUMIFS('RAW_농산물_9월'!$H:$H,'RAW_농산물_9월'!$D:$D,$C299,'RAW_농산물_9월'!$A:$A,$E299))) | R299: =IF($C299="","",IF(COUNTA('RAW_농산물_11-12월'!$A:$A)<=1,"",SUMIFS('RAW_농산물_11-12월'!$H:$H,'RAW_농산물_11-12월'!$D:$D,$C299,'RAW_농산물_11-12월'!$A:$A,$E299)-SUMIFS('RAW_농산물_10월'!$H:$H,'RAW_농산물_10월'!$D:$D,$C299,'RAW_농산물_10월'!$A:$A,$E299))) | S299: =IF($C299="","",IF(COUNTIF($I299:$M299,"O")>0,"O","")) | T299: =IF($C299="","",IF($H299=0,"미사용",IF($H299<500000,"50만원 미만",IF($H299<1000000,"100만원 미만",IF($H299<2000000,"200만원 미만",IF($H299<3000000,"300만원 미만",IF($H299<4000000,"400만원 미만",IF($H299<5000000,"500만원 미만",IF($H299<6000000,"600만원 미만",IF($H299<7000000,"700만원 미만",IF($H299<8000000,"800만원 미만",IF($H299<10000000,"1000만원 미만","1000만원 이상")))))))))))) | U299: =IF($C299="",0,IF('설정'!$B$3=0,0,CHOOSE('설정'!$B$3,COUNTIFS('RAW_농산물_7월'!$D:$D,$C299,'RAW_농산물_7월'!$A:$A,$E299),COUNTIFS('RAW_농산물_8월'!$D:$D,$C299,'RAW_농산물_8월'!$A:$A,$E299),COUNTIFS('RAW_농산물_9월'!$D:$D,$C299,'RAW_농산물_9월'!$A:$A,$E299),COUNTIFS('RAW_농산물_10월'!$D:$D,$C299,'RAW_농산물_10월'!$A:$A,$E299),COUNTIFS('RAW_농산물_11-12월'!$D:$D,$C299,'RAW_농산물_11-12월'!$A:$A,$E299)))) -> 0
... F702: =IF($C702="","",IF('설정'!$B$3=0,"",CHOOSE('설정'!$B$3,SUMIFS('RAW_농산물_7월'!$F:$F,'RAW_농산물_7월'!$D:$D,$C702,'RAW_농산물_7월'!$A:$A,$E702),SUMIFS('RAW_농산물_8월'!$F:$F,'RAW_농산물_8월'!$D:$D,$C702,'RAW_농산물_8월'!$A:$A,$E702),SUMIFS('RAW_농산물_9월'!$F:$F,'RAW_농산물_9월'!$D:$D,$C702,'RAW_농산물_9월'!$A:$A,$E702),SUMIFS('RAW_농산물_10월'!$F:$F,'RAW_농산물_10월'!$D:$D,$C702,'RAW_농산물_10월'!$A:$A,$E702),SUMIFS('RAW_농산물_11-12월'!$F:$F,'RAW_농산물_11-12월'!$D:$D,$C702,'RAW_농산물_11-12월'!$A:$A,$E702)))) | G702: =IF($C702="","",IF('설정'!$B$3=0,"",CHOOSE('설정'!$B$3,SUMIFS('RAW_농산물_7월'!$G:$G,'RAW_농산물_7월'!$D:$D,$C702,'RAW_농산물_7월'!$A:$A,$E702),SUMIFS('RAW_농산물_8월'!$G:$G,'RAW_농산물_8월'!$D:$D,$C702,'RAW_농산물_8월'!$A:$A,$E702),SUMIFS('RAW_농산물_9월'!$G:$G,'RAW_농산물_9월'!$D:$D,$C702,'RAW_농산물_9월'!$A:$A,$E702),SUMIFS('RAW_농산물_10월'!$G:$G,'RAW_농산물_10월'!$D:$D,$C702,'RAW_농산물_10월'!$A:$A,$E702),SUMIFS('RAW_농산물_11-12월'!$G:$G,'RAW_농산물_11-12월'!$D:$D,$C702,'RAW_농산물_11-12월'!$A:$A,$E702)))) | H702: =IF($C702="","",IF('설정'!$B$3=0,"",CHOOSE('설정'!$B$3,SUMIFS('RAW_농산물_7월'!$H:$H,'RAW_농산물_7월'!$D:$D,$C702,'RAW_농산물_7월'!$A:$A,$E702),SUMIFS('RAW_농산물_8월'!$H:$H,'RAW_농산물_8월'!$D:$D,$C702,'RAW_농산물_8월'!$A:$A,$E702),SUMIFS('RAW_농산물_9월'!$H:$H,'RAW_농산물_9월'!$D:$D,$C702,'RAW_농산물_9월'!$A:$A,$E702),SUMIFS('RAW_농산물_10월'!$H:$H,'RAW_농산물_10월'!$D:$D,$C702,'RAW_농산물_10월'!$A:$A,$E702),SUMIFS('RAW_농산물_11-12월'!$H:$H,'RAW_농산물_11-12월'!$D:$D,$C702,'RAW_농산물_11-12월'!$A:$A,$E702)))) | I702: =IF($C702="","",IF(COUNTIFS('RAW_농산물_7월'!$D:$D,$C702,'RAW_농산물_7월'!$A:$A,$E702)>0,"O","")) | J702: =IF($C702="","",IF(COUNTIFS('RAW_농산물_8월'!$D:$D,$C702,'RAW_농산물_8월'!$A:$A,$E702)>0,"O","")) | K702: =IF($C702="","",IF(COUNTIFS('RAW_농산물_9월'!$D:$D,$C702,'RAW_농산물_9월'!$A:$A,$E702)>0,"O","")) | L702: =IF($C702="","",IF(COUNTIFS('RAW_농산물_10월'!$D:$D,$C702,'RAW_농산물_10월'!$A:$A,$E702)>0,"O","")) | M702: =IF($C702="","",IF(COUNTIFS('RAW_농산물_11-12월'!$D:$D,$C702,'RAW_농산물_11-12월'!$A:$A,$E702)>0,"O","")) | N702: =IF($C702="","",IF(COUNTA('RAW_농산물_7월'!$A:$A)<=1,"",SUMIFS('RAW_농산물_7월'!$H:$H,'RAW_농산물_7월'!$D:$D,$C702,'RAW_농산물_7월'!$A:$A,$E702))) | O702: =IF($C702="","",IF(COUNTA('RAW_농산물_8월'!$A:$A)<=1,"",SUMIFS('RAW_농산물_8월'!$H:$H,'RAW_농산물_8월'!$D:$D,$C702,'RAW_농산물_8월'!$A:$A,$E702)-SUMIFS('RAW_농산물_7월'!$H:$H,'RAW_농산물_7월'!$D:$D,$C702,'RAW_농산물_7월'!$A:$A,$E702))) | P702: =IF($C702="","",IF(COUNTA('RAW_농산물_9월'!$A:$A)<=1,"",SUMIFS('RAW_농산물_9월'!$H:$H,'RAW_농산물_9월'!$D:$D,$C702,'RAW_농산물_9월'!$A:$A,$E702)-SUMIFS('RAW_농산물_8월'!$H:$H,'RAW_농산물_8월'!$D:$D,$C702,'RAW_농산물_8월'!$A:$A,$E702))) | Q702: =IF($C702="","",IF(COUNTA('RAW_농산물_10월'!$A:$A)<=1,"",SUMIFS('RAW_농산물_10월'!$H:$H,'RAW_농산물_10월'!$D:$D,$C702,'RAW_농산물_10월'!$A:$A,$E702)-SUMIFS('RAW_농산물_9월'!$H:$H,'RAW_농산물_9월'!$D:$D,$C702,'RAW_농산물_9월'!$A:$A,$E702))) | R702: =IF($C702="","",IF(COUNTA('RAW_농산물_11-12월'!$A:$A)<=1,"",SUMIFS('RAW_농산물_11-12월'!$H:$H,'RAW_농산물_11-12월'!$D:$D,$C702,'RAW_농산물_11-12월'!$A:$A,$E702)-SUMIFS('RAW_농산물_10월'!$H:$H,'RAW_농산물_10월'!$D:$D,$C702,'RAW_농산물_10월'!$A:$A,$E702))) | S702: =IF($C702="","",IF(COUNTIF($I702:$M702,"O")>0,"O","")) | T702: =IF($C702="","",IF($H702=0,"미사용",IF($H702<500000,"50만원 미만",IF($H702<1000000,"100만원 미만",IF($H702<2000000,"200만원 미만",IF($H702<3000000,"300만원 미만",IF($H702<4000000,"400만원 미만",IF($H702<5000000,"500만원 미만",IF($H702<6000000,"600만원 미만",IF($H702<7000000,"700만원 미만",IF($H702<8000000,"800만원 미만",IF($H702<10000000,"1000만원 미만","1000만원 이상")))))))))))) | U702: =IF($C702="",0,IF('설정'!$B$3=0,0,CHOOSE('설정'!$B$3,COUNTIFS('RAW_농산물_7월'!$D:$D,$C702,'RAW_농산물_7월'!$A:$A,$E702),COUNTIFS('RAW_농산물_8월'!$D:$D,$C702,'RAW_농산물_8월'!$A:$A,$E702),COUNTIFS('RAW_농산물_9월'!$D:$D,$C702,'RAW_농산물_9월'!$A:$A,$E702),COUNTIFS('RAW_농산물_10월'!$D:$D,$C702,'RAW_농산물_10월'!$A:$A,$E702),COUNTIFS('RAW_농산물_11-12월'!$D:$D,$C702,'RAW_농산물_11-12월'!$A:$A,$E702)))) -> 0

Sheet 유기농업체
E1: 합 계 → | F1: =SUM(F3:F252) -> 280907 | G1: =SUM(G3:G252) -> 1453132570 | H1: =SUM(H3:H252) -> 44341569 | I1: =COUNTIF(I3:I252,"O") -> 32 | J1: =COUNTIF(J3:J252,"O") -> 35 | K1: =COUNTIF(K3:K252,"O") -> 0 | L1: =COUNTIF(L3:L252,"O") -> 0 | M1: =COUNTIF(M3:M252,"O") -> 0 | N1: =SUM(N3:N252) -> 20033931 | O1: =SUM(O3:O252) -> 24307638 | P1: =SUM(P3:P252) -> 0 | Q1: =SUM(Q3:Q252) -> 0 | R1: =SUM(R3:R252) -> 0 | S1: =COUNTIF(S3:S252,"O") -> 35 | T1: =COUNTA(C3:C252)&"개사" -> 55개사 | U1: =SUM(U3:U252) -> 202
A2: NO | B2: 구분 | C2: 사업자등록번호 | D2: 업체명 | E2: 배정유통사 | F2: 판매건수 (누적) | G2: 매출액 (누적) | H2: 판촉액 (누적) | I2: 7월 인입 | J2: 8월 인입 | K2: 9월 인입 | L2: 10월 인입 | M2: 11~12월 인입 | N2: 7월 판촉액 | O2: 8월 판촉액 | P2: 9월 판촉액 | Q2: 10월 판촉액 | R2: 11~12월 판촉액 | S2: 상품제출 | T2: 소진구간 | U2: _커버줄수
A3: 1 | B3: 도약 | C3: 218-86-00721 | D3: 주식회사 아인스 | E3: 오아시스 | F3: =IF($C3="","",IF('설정'!$B$4=0,"",CHOOSE('설정'!$B$4,SUMIFS('RAW_유기농_7월'!$F:$F,'RAW_유기농_7월'!$D:$D,$C3,'RAW_유기농_7월'!$A:$A,$E3),SUMIFS('RAW_유기농_8월'!$F:$F,'RAW_유기농_8월'!$D:$D,$C3,'RAW_유기농_8월'!$A:$A,$E3),SUMIFS('RAW_유기농_9월'!$F:$F,'RAW_유기농_9월'!$D:$D,$C3,'RAW_유기농_9월'!$A:$A,$E3),SUMIFS('RAW_유기농_10월'!$F:$F,'RAW_유기농_10월'!$D:$D,$C3,'RAW_유기농_10월'!$A:$A,$E3),SUMIFS('RAW_유기농_11-12월'!$F:$F,'RAW_유기농_11-12월'!$D:$D,$C3,'RAW_유기농_11-12월'!$A:$A,$E3)))) -> 27317 | G3: =IF($C3="","",IF('설정'!$B$4=0,"",CHOOSE('설정'!$B$4,SUMIFS('RAW_유기농_7월'!$G:$G,'RAW_유기농_7월'!$D:$D,$C3,'RAW_유기농_7월'!$A:$A,$E3),SUMIFS('RAW_유기농_8월'!$G:$G,'RAW_유기농_8월'!$D:$D,$C3,'RAW_유기농_8월'!$A:$A,$E3),SUMIFS('RAW_유기농_9월'!$G:$G,'RAW_유기농_9월'!$D:$D,$C3,'RAW_유기농_9월'!$A:$A,$E3),SUMIFS('RAW_유기농_10월'!$G:$G,'RAW_유기농_10월'!$D:$D,$C3,'RAW_유기농_10월'!$A:$A,$E3),SUMIFS('RAW_유기농_11-12월'!$G:$G,'RAW_유기농_11-12월'!$D:$D,$C3,'RAW_유기농_11-12월'!$A:$A,$E3)))) -> 172019750 | H3: =IF($C3="","",IF('설정'!$B$4=0,"",CHOOSE('설정'!$B$4,SUMIFS('RAW_유기농_7월'!$H:$H,'RAW_유기농_7월'!$D:$D,$C3,'RAW_유기농_7월'!$A:$A,$E3),SUMIFS('RAW_유기농_8월'!$H:$H,'RAW_유기농_8월'!$D:$D,$C3,'RAW_유기농_8월'!$A:$A,$E3),SUMIFS('RAW_유기농_9월'!$H:$H,'RAW_유기농_9월'!$D:$D,$C3,'RAW_유기농_9월'!$A:$A,$E3),SUMIFS('RAW_유기농_10월'!$H:$H,'RAW_유기농_10월'!$D:$D,$C3,'RAW_유기농_10월'!$A:$A,$E3),SUMIFS('RAW_유기농_11-12월'!$H:$H,'RAW_유기농_11-12월'!$D:$D,$C3,'RAW_유기농_11-12월'!$A:$A,$E3)))) -> 2012484 | I3: =IF($C3="","",IF(COUNTIFS('RAW_유기농_7월'!$D:$D,$C3,'RAW_유기농_7월'!$A:$A,$E3)>0,"O","")) -> O | J3: =IF($C3="","",IF(COUNTIFS('RAW_유기농_8월'!$D:$D,$C3,'RAW_유기농_8월'!$A:$A,$E3)>0,"O","")) -> O | K3: =IF($C3="","",IF(COUNTIFS('RAW_유기농_9월'!$D:$D,$C3,'RAW_유기농_9월'!$A:$A,$E3)>0,"O","")) | L3: =IF($C3="","",IF(COUNTIFS('RAW_유기농_10월'!$D:$D,$C3,'RAW_유기농_10월'!$A:$A,$E3)>0,"O","")) | M3: =IF($C3="","",IF(COUNTIFS('RAW_유기농_11-12월'!$D:$D,$C3,'RAW_유기농_11-12월'!$A:$A,$E3)>0,"O","")) | N3: =IF($C3="","",IF(COUNTA('RAW_유기농_7월'!$A:$A)<=1,"",SUMIFS('RAW_유기농_7월'!$H:$H,'RAW_유기농_7월'!$D:$D,$C3,'RAW_유기농_7월'!$A:$A,$E3))) -> 1028586 | O3: =IF($C3="","",IF(COUNTA('RAW_유기농_8월'!$A:$A)<=1,"",SUMIFS('RAW_유기농_8월'!$H:$H,'RAW_유기농_8월'!$D:$D,$C3,'RAW_유기농_8월'!$A:$A,$E3)-SUMIFS('RAW_유기농_7월'!$H:$H,'RAW_유기농_7월'!$D:$D,$C3,'RAW_유기농_7월'!$A:$A,$E3))) -> 983898 | P3: =IF($C3="","",IF(COUNTA('RAW_유기농_9월'!$A:$A)<=1,"",SUMIFS('RAW_유기농_9월'!$H:$H,'RAW_유기농_9월'!$D:$D,$C3,'RAW_유기농_9월'!$A:$A,$E3)-SUMIFS('RAW_유기농_8월'!$H:$H,'RAW_유기농_8월'!$D:$D,$C3,'RAW_유기농_8월'!$A:$A,$E3))) | Q3: =IF($C3="","",IF(COUNTA('RAW_유기농_10월'!$A:$A)<=1,"",SUMIFS('RAW_유기농_10월'!$H:$H,'RAW_유기농_10월'!$D:$D,$C3,'RAW_유기농_10월'!$A:$A,$E3)-SUMIFS('RAW_유기농_9월'!$H:$H,'RAW_유기농_9월'!$D:$D,$C3,'RAW_유기농_9월'!$A:$A,$E3))) | R3: =IF($C3="","",IF(COUNTA('RAW_유기농_11-12월'!$A:$A)<=1,"",SUMIFS('RAW_유기농_11-12월'!$H:$H,'RAW_유기농_11-12월'!$D:$D,$C3,'RAW_유기농_11-12월'!$A:$A,$E3)-SUMIFS('RAW_유기농_10월'!$H:$H,'RAW_유기농_10월'!$D:$D,$C3,'RAW_유기농_10월'!$A:$A,$E3))) | S3: =IF($C3="","",IF(COUNTIF($I3:$M3,"O")>0,"O","")) -> O | T3: =IF($C3="","",IF($H3=0,"미사용",IF($H3<500000,"50만원 미만",IF($H3<1000000,"100만원 미만",IF($H3<2000000,"200만원 미만",IF($H3<3000000,"300만원 미만",IF($H3<4000000,"400만원 미만",IF($H3<5000000,"500만원 미만",IF($H3<6000000,"600만원 미만",IF($H3<7000000,"700만원 미만",IF($H3<8000000,"800만원 미만",IF($H3<10000000,"1000만원 미만","1000만원 이상")))))))))))) -> 300만원 미만 | U3: =IF($C3="",0,IF('설정'!$B$4=0,0,CHOOSE('설정'!$B$4,COUNTIFS('RAW_유기농_7월'!$D:$D,$C3,'RAW_유기농_7월'!$A:$A,$E3),COUNTIFS('RAW_유기농_8월'!$D:$D,$C3,'RAW_유기농_8월'!$A:$A,$E3),COUNTIFS('RAW_유기농_9월'!$D:$D,$C3,'RAW_유기농_9월'!$A:$A,$E3),COUNTIFS('RAW_유기농_10월'!$D:$D,$C3,'RAW_유기농_10월'!$A:$A,$E3),COUNTIFS('RAW_유기농_11-12월'!$D:$D,$C3,'RAW_유기농_11-12월'!$A:$A,$E3)))) -> 14
A4: 2 | B4: 도약 | C4: 225-90-26954 | D4: 풀무리농장 | E4: 네이버 | F4: =IF($C4="","",IF('설정'!$B$4=0,"",CHOOSE('설정'!$B$4,SUMIFS('RAW_유기농_7월'!$F:$F,'RAW_유기농_7월'!$D:$D,$C4,'RAW_유기농_7월'!$A:$A,$E4),SUMIFS('RAW_유기농_8월'!$F:$F,'RAW_유기농_8월'!$D:$D,$C4,'RAW_유기농_8월'!$A:$A,$E4),SUMIFS('RAW_유기농_9월'!$F:$F,'RAW_유기농_9월'!$D:$D,$C4,'RAW_유기농_9월'!$A:$A,$E4),SUMIFS('RAW_유기농_10월'!$F:$F,'RAW_유기농_10월'!$D:$D,$C4,'RAW_유기농_10월'!$A:$A,$E4),SUMIFS('RAW_유기농_11-12월'!$F:$F,'RAW_유기농_11-12월'!$D:$D,$C4,'RAW_유기농_11-12월'!$A:$A,$E4)))) -> 423 | G4: =IF($C4="","",IF('설정'!$B$4=0,"",CHOOSE('설정'!$B$4,SUMIFS('RAW_유기농_7월'!$G:$G,'RAW_유기농_7월'!$D:$D,$C4,'RAW_유기농_7월'!$A:$A,$E4),SUMIFS('RAW_유기농_8월'!$G:$G,'RAW_유기농_8월'!$D:$D,$C4,'RAW_유기농_8월'!$A:$A,$E4),SUMIFS('RAW_유기농_9월'!$G:$G,'RAW_유기농_9월'!$D:$D,$C4,'RAW_유기농_9월'!$A:$A,$E4),SUMIFS('RAW_유기농_10월'!$G:$G,'RAW_유기농_10월'!$D:$D,$C4,'RAW_유기농_10월'!$A:$A,$E4),SUMIFS('RAW_유기농_11-12월'!$G:$G,'RAW_유기농_11-12월'!$D:$D,$C4,'RAW_유기농_11-12월'!$A:$A,$E4)))) -> 15579700 | H4: =IF($C4="","",IF('설정'!$B$4=0,"",CHOOSE('설정'!$B$4,SUMIFS('RAW_유기농_7월'!$H:$H,'RAW_유기농_7월'!$D:$D,$C4,'RAW_유기농_7월'!$A:$A,$E4),SUMIFS('RAW_유기농_8월'!$H:$H,'RAW_유기농_8월'!$D:$D,$C4,'RAW_유기농_8월'!$A:$A,$E4),SUMIFS('RAW_유기농_9월'!$H:$H,'RAW_유기농_9월'!$D:$D,$C4,'RAW_유기농_9월'!$A:$A,$E4),SUMIFS('RAW_유기농_10월'!$H:$H,'RAW_유기농_10월'!$D:$D,$C4,'RAW_유기농_10월'!$A:$A,$E4),SUMIFS('RAW_유기농_11-12월'!$H:$H,'RAW_유기농_11-12월'!$D:$D,$C4,'RAW_유기농_11-12월'!$A:$A,$E4)))) -> 1852660 | I4: =IF($C4="","",IF(COUNTIFS('RAW_유기농_7월'!$D:$D,$C4,'RAW_유기농_7월'!$A:$A,$E4)>0,"O","")) -> O | J4: =IF($C4="","",IF(COUNTIFS('RAW_유기농_8월'!$D:$D,$C4,'RAW_유기농_8월'!$A:$A,$E4)>0,"O","")) -> O | K4: =IF($C4="","",IF(COUNTIFS('RAW_유기농_9월'!$D:$D,$C4,'RAW_유기농_9월'!$A:$A,$E4)>0,"O","")) | L4: =IF($C4="","",IF(COUNTIFS('RAW_유기농_10월'!$D:$D,$C4,'RAW_유기농_10월'!$A:$A,$E4)>0,"O","")) | M4: =IF($C4="","",IF(COUNTIFS('RAW_유기농_11-12월'!$D:$D,$C4,'RAW_유기농_11-12월'!$A:$A,$E4)>0,"O","")) | N4: =IF($C4="","",IF(COUNTA('RAW_유기농_7월'!$A:$A)<=1,"",SUMIFS('RAW_유기농_7월'!$H:$H,'RAW_유기농_7월'!$D:$D,$C4,'RAW_유기농_7월'!$A:$A,$E4))) -> 886100 | O4: =IF($C4="","",IF(COUNTA('RAW_유기농_8월'!$A:$A)<=1,"",SUMIFS('RAW_유기농_8월'!$H:$H,'RAW_유기농_8월'!$D:$D,$C4,'RAW_유기농_8월'!$A:$A,$E4)-SUMIFS('RAW_유기농_7월'!$H:$H,'RAW_유기농_7월'!$D:$D,$C4,'RAW_유기농_7월'!$A:$A,$E4))) -> 966560 | P4: =IF($C4="","",IF(COUNTA('RAW_유기농_9월'!$A:$A)<=1,"",SUMIFS('RAW_유기농_9월'!$H:$H,'RAW_유기농_9월'!$D:$D,$C4,'RAW_유기농_9월'!$A:$A,$E4)-SUMIFS('RAW_유기농_8월'!$H:$H,'RAW_유기농_8월'!$D:$D,$C4,'RAW_유기농_8월'!$A:$A,$E4))) | Q4: =IF($C4="","",IF(COUNTA('RAW_유기농_10월'!$A:$A)<=1,"",SUMIFS('RAW_유기농_10월'!$H:$H,'RAW_유기농_10월'!$D:$D,$C4,'RAW_유기농_10월'!$A:$A,$E4)-SUMIFS('RAW_유기농_9월'!$H:$H,'RAW_유기농_9월'!$D:$D,$C4,'RAW_유기농_9월'!$A:$A,$E4))) | R4: =IF($C4="","",IF(COUNTA('RAW_유기농_11-12월'!$A:$A)<=1,"",SUMIFS('RAW_유기농_11-12월'!$H:$H,'RAW_유기농_11-12월'!$D:$D,$C4,'RAW_유기농_11-12월'!$A:$A,$E4)-SUMIFS('RAW_유기농_10월'!$H:$H,'RAW_유기농_10월'!$D:$D,$C4,'RAW_유기농_10월'!$A:$A,$E4))) | S4: =IF($C4="","",IF(COUNTIF($I4:$M4,"O")>0,"O","")) -> O | T4: =IF($C4="","",IF($H4=0,"미사용",IF($H4<500000,"50만원 미만",IF($H4<1000000,"100만원 미만",IF($H4<2000000,"200만원 미만",IF($H4<3000000,"300만원 미만",IF($H4<4000000,"400만원 미만",IF($H4<5000000,"500만원 미만",IF($H4<6000000,"600만원 미만",IF($H4<7000000,"700만원 미만",IF($H4<8000000,"800만원 미만",IF($H4<10000000,"1000만원 미만","1000만원 이상")))))))))))) -> 200만원 미만 | U4: =IF($C4="",0,IF('설정'!$B$4=0,0,CHOOSE('설정'!$B$4,COUNTIFS('RAW_유기농_7월'!$D:$D,$C4,'RAW_유기농_7월'!$A:$A,$E4),COUNTIFS('RAW_유기농_8월'!$D:$D,$C4,'RAW_유기농_8월'!$A:$A,$E4),COUNTIFS('RAW_유기농_9월'!$D:$D,$C4,'RAW_유기농_9월'!$A:$A,$E4),COUNTIFS('RAW_유기농_10월'!$D:$D,$C4,'RAW_유기농_10월'!$A:$A,$E4),COUNTIFS('RAW_유기농_11-12월'!$D:$D,$C4,'RAW_유기농_11-12월'!$A:$A,$E4)))) -> 2
A5: 3 | B5: 시작 | C5: 326-37-00548 | D5: 파미농원 | E5: 오아시스 | F5: =IF($C5="","",IF('설정'!$B$4=0,"",CHOOSE('설정'!$B$4,SUMIFS('RAW_유기농_7월'!$F:$F,'RAW_유기농_7월'!$D:$D,$C5,'RAW_유기농_7월'!$A:$A,$E5),SUMIFS('RAW_유기농_8월'!$F:$F,'RAW_유기농_8월'!$D:$D,$C5,'RAW_유기농_8월'!$A:$A,$E5),SUMIFS('RAW_유기농_9월'!$F:$F,'RAW_유기농_9월'!$D:$D,$C5,'RAW_유기농_9월'!$A:$A,$E5),SUMIFS('RAW_유기농_10월'!$F:$F,'RAW_유기농_10월'!$D:$D,$C5,'RAW_유기농_10월'!$A:$A,$E5),SUMIFS('RAW_유기농_11-12월'!$F:$F,'RAW_유기농_11-12월'!$D:$D,$C5,'RAW_유기농_11-12월'!$A:$A,$E5)))) -> 1 | G5: =IF($C5="","",IF('설정'!$B$4=0,"",CHOOSE('설정'!$B$4,SUMIFS('RAW_유기농_7월'!$G:$G,'RAW_유기농_7월'!$D:$D,$C5,'RAW_유기농_7월'!$A:$A,$E5),SUMIFS('RAW_유기농_8월'!$G:$G,'RAW_유기농_8월'!$D:$D,$C5,'RAW_유기농_8월'!$A:$A,$E5),SUMIFS('RAW_유기농_9월'!$G:$G,'RAW_유기농_9월'!$D:$D,$C5,'RAW_유기농_9월'!$A:$A,$E5),SUMIFS('RAW_유기농_10월'!$G:$G,'RAW_유기농_10월'!$D:$D,$C5,'RAW_유기농_10월'!$A:$A,$E5),SUMIFS('RAW_유기농_11-12월'!$G:$G,'RAW_유기농_11-12월'!$D:$D,$C5,'RAW_유기농_11-12월'!$A:$A,$E5)))) -> 14400 | H5: =IF($C5="","",IF('설정'!$B$4=0,"",CHOOSE('설정'!$B$4,SUMIFS('RAW_유기농_7월'!$H:$H,'RAW_유기농_7월'!$D:$D,$C5,'RAW_유기농_7월'!$A:$A,$E5),SUMIFS('RAW_유기농_8월'!$H:$H,'RAW_유기농_8월'!$D:$D,$C5,'RAW_유기농_8월'!$A:$A,$E5),SUMIFS('RAW_유기농_9월'!$H:$H,'RAW_유기농_9월'!$D:$D,$C5,'RAW_유기농_9월'!$A:$A,$E5),SUMIFS('RAW_유기농_10월'!$H:$H,'RAW_유기농_10월'!$D:$D,$C5,'RAW_유기농_10월'!$A:$A,$E5),SUMIFS('RAW_유기농_11-12월'!$H:$H,'RAW_유기농_11-12월'!$D:$D,$C5,'RAW_유기농_11-12월'!$A:$A,$E5)))) -> 2880 | I5: =IF($C5="","",IF(COUNTIFS('RAW_유기농_7월'!$D:$D,$C5,'RAW_유기농_7월'!$A:$A,$E5)>0,"O","")) | J5: =IF($C5="","",IF(COUNTIFS('RAW_유기농_8월'!$D:$D,$C5,'RAW_유기농_8월'!$A:$A,$E5)>0,"O","")) -> O | K5: =IF($C5="","",IF(COUNTIFS('RAW_유기농_9월'!$D:$D,$C5,'RAW_유기농_9월'!$A:$A,$E5)>0,"O","")) | L5: =IF($C5="","",IF(COUNTIFS('RAW_유기농_10월'!$D:$D,$C5,'RAW_유기농_10월'!$A:$A,$E5)>0,"O","")) | M5: =IF($C5="","",IF(COUNTIFS('RAW_유기농_11-12월'!$D:$D,$C5,'RAW_유기농_11-12월'!$A:$A,$E5)>0,"O","")) | N5: =IF($C5="","",IF(COUNTA('RAW_유기농_7월'!$A:$A)<=1,"",SUMIFS('RAW_유기농_7월'!$H:$H,'RAW_유기농_7월'!$D:$D,$C5,'RAW_유기농_7월'!$A:$A,$E5))) -> 0 | O5: =IF($C5="","",IF(COUNTA('RAW_유기농_8월'!$A:$A)<=1,"",SUMIFS('RAW_유기농_8월'!$H:$H,'RAW_유기농_8월'!$D:$D,$C5,'RAW_유기농_8월'!$A:$A,$E5)-SUMIFS('RAW_유기농_7월'!$H:$H,'RAW_유기농_7월'!$D:$D,$C5,'RAW_유기농_7월'!$A:$A,$E5))) -> 2880 | P5: =IF($C5="","",IF(COUNTA('RAW_유기농_9월'!$A:$A)<=1,"",SUMIFS('RAW_유기농_9월'!$H:$H,'RAW_유기농_9월'!$D:$D,$C5,'RAW_유기농_9월'!$A:$A,$E5)-SUMIFS('RAW_유기농_8월'!$H:$H,'RAW_유기농_8월'!$D:$D,$C5,'RAW_유기농_8월'!$A:$A,$E5))) | Q5: =IF($C5="","",IF(COUNTA('RAW_유기농_10월'!$A:$A)<=1,"",SUMIFS('RAW_유기농_10월'!$H:$H,'RAW_유기농_10월'!$D:$D,$C5,'RAW_유기농_10월'!$A:$A,$E5)-SUMIFS('RAW_유기농_9월'!$H:$H,'RAW_유기농_9월'!$D:$D,$C5,'RAW_유기농_9월'!$A:$A,$E5))) | R5: =IF($C5="","",IF(COUNTA('RAW_유기농_11-12월'!$A:$A)<=1,"",SUMIFS('RAW_유기농_11-12월'!$H:$H,'RAW_유기농_11-12월'!$D:$D,$C5,'RAW_유기농_11-12월'!$A:$A,$E5)-SUMIFS('RAW_유기농_10월'!$H:$H,'RAW_유기농_10월'!$D:$D,$C5,'RAW_유기농_10월'!$A:$A,$E5))) | S5: =IF($C5="","",IF(COUNTIF($I5:$M5,"O")>0,"O","")) -> O | T5: =IF($C5="","",IF($H5=0,"미사용",IF($H5<500000,"50만원 미만",IF($H5<1000000,"100만원 미만",IF($H5<2000000,"200만원 미만",IF($H5<3000000,"300만원 미만",IF($H5<4000000,"400만원 미만",IF($H5<5000000,"500만원 미만",IF($H5<6000000,"600만원 미만",IF($H5<7000000,"700만원 미만",IF($H5<8000000,"800만원 미만",IF($H5<10000000,"1000만원 미만","1000만원 이상")))))))))))) -> 50만원 미만 | U5: =IF($C5="",0,IF('설정'!$B$4=0,0,CHOOSE('설정'!$B$4,COUNTIFS('RAW_유기농_7월'!$D:$D,$C5,'RAW_유기농_7월'!$A:$A,$E5),COUNTIFS('RAW_유기농_8월'!$D:$D,$C5,'RAW_유기농_8월'!$A:$A,$E5),COUNTIFS('RAW_유기농_9월'!$D:$D,$C5,'RAW_유기농_9월'!$A:$A,$E5),COUNTIFS('RAW_유기농_10월'!$D:$D,$C5,'RAW_유기농_10월'!$A:$A,$E5),COUNTIFS('RAW_유기농_11-12월'!$D:$D,$C5,'RAW_유기농_11-12월'!$A:$A,$E5)))) -> 1
A6: 4 | B6: 시작 | C6: 497-41-01341 | D6: 국가대표상황버섯 | E6: 오아시스 | F6: =IF($C6="","",IF('설정'!$B$4=0,"",CHOOSE('설정'!$B$4,SUMIFS('RAW_유기농_7월'!$F:$F,'RAW_유기농_7월'!$D:$D,$C6,'RAW_유기농_7월'!$A:$A,$E6),SUMIFS('RAW_유기농_8월'!$F:$F,'RAW_유기농_8월'!$D:$D,$C6,'RAW_유기농_8월'!$A:$A,$E6),SUMIFS('RAW_유기농_9월'!$F:$F,'RAW_유기농_9월'!$D:$D,$C6,'RAW_유기농_9월'!$A:$A,$E6),SUMIFS('RAW_유기농_10월'!$F:$F,'RAW_유기농_10월'!$D:$D,$C6,'RAW_유기농_10월'!$A:$A,$E6),SUMIFS('RAW_유기농_11-12월'!$F:$F,'RAW_유기농_11-12월'!$D:$D,$C6,'RAW_유기농_11-12월'!$A:$A,$E6)))) -> 0 | G6: =IF($C6="","",IF('설정'!$B$4=0,"",CHOOSE('설정'!$B$4,SUMIFS('RAW_유기농_7월'!$G:$G,'RAW_유기농_7월'!$D:$D,$C6,'RAW_유기농_7월'!$A:$A,$E6),SUMIFS('RAW_유기농_8월'!$G:$G,'RAW_유기농_8월'!$D:$D,$C6,'RAW_유기농_8월'!$A:$A,$E6),SUMIFS('RAW_유기농_9월'!$G:$G,'RAW_유기농_9월'!$D:$D,$C6,'RAW_유기농_9월'!$A:$A,$E6),SUMIFS('RAW_유기농_10월'!$G:$G,'RAW_유기농_10월'!$D:$D,$C6,'RAW_유기농_10월'!$A:$A,$E6),SUMIFS('RAW_유기농_11-12월'!$G:$G,'RAW_유기농_11-12월'!$D:$D,$C6,'RAW_유기농_11-12월'!$A:$A,$E6)))) -> 0 | H6: =IF($C6="","",IF('설정'!$B$4=0,"",CHOOSE('설정'!$B$4,SUMIFS('RAW_유기농_7월'!$H:$H,'RAW_유기농_7월'!$D:$D,$C6,'RAW_유기농_7월'!$A:$A,$E6),SUMIFS('RAW_유기농_8월'!$H:$H,'RAW_유기농_8월'!$D:$D,$C6,'RAW_유기농_8월'!$A:$A,$E6),SUMIFS('RAW_유기농_9월'!$H:$H,'RAW_유기농_9월'!$D:$D,$C6,'RAW_유기농_9월'!$A:$A,$E6),SUMIFS('RAW_유기농_10월'!$H:$H,'RAW_유기농_10월'!$D:$D,$C6,'RAW_유기농_10월'!$A:$A,$E6),SUMIFS('RAW_유기농_11-12월'!$H:$H,'RAW_유기농_11-12월'!$D:$D,$C6,'RAW_유기농_11-12월'!$A:$A,$E6)))) -> 0 | I6: =IF($C6="","",IF(COUNTIFS('RAW_유기농_7월'!$D:$D,$C6,'RAW_유기농_7월'!$A:$A,$E6)>0,"O","")) | J6: =IF($C6="","",IF(COUNTIFS('RAW_유기농_8월'!$D:$D,$C6,'RAW_유기농_8월'!$A:$A,$E6)>0,"O","")) | K6: =IF($C6="","",IF(COUNTIFS('RAW_유기농_9월'!$D:$D,$C6,'RAW_유기농_9월'!$A:$A,$E6)>0,"O","")) | L6: =IF($C6="","",IF(COUNTIFS('RAW_유기농_10월'!$D:$D,$C6,'RAW_유기농_10월'!$A:$A,$E6)>0,"O","")) | M6: =IF($C6="","",IF(COUNTIFS('RAW_유기농_11-12월'!$D:$D,$C6,'RAW_유기농_11-12월'!$A:$A,$E6)>0,"O","")) | N6: =IF($C6="","",IF(COUNTA('RAW_유기농_7월'!$A:$A)<=1,"",SUMIFS('RAW_유기농_7월'!$H:$H,'RAW_유기농_7월'!$D:$D,$C6,'RAW_유기농_7월'!$A:$A,$E6))) -> 0 | O6: =IF($C6="","",IF(COUNTA('RAW_유기농_8월'!$A:$A)<=1,"",SUMIFS('RAW_유기농_8월'!$H:$H,'RAW_유기농_8월'!$D:$D,$C6,'RAW_유기농_8월'!$A:$A,$E6)-SUMIFS('RAW_유기농_7월'!$H:$H,'RAW_유기농_7월'!$D:$D,$C6,'RAW_유기농_7월'!$A:$A,$E6))) -> 0 | P6: =IF($C6="","",IF(COUNTA('RAW_유기농_9월'!$A:$A)<=1,"",SUMIFS('RAW_유기농_9월'!$H:$H,'RAW_유기농_9월'!$D:$D,$C6,'RAW_유기농_9월'!$A:$A,$E6)-SUMIFS('RAW_유기농_8월'!$H:$H,'RAW_유기농_8월'!$D:$D,$C6,'RAW_유기농_8월'!$A:$A,$E6))) | Q6: =IF($C6="","",IF(COUNTA('RAW_유기농_10월'!$A:$A)<=1,"",SUMIFS('RAW_유기농_10월'!$H:$H,'RAW_유기농_10월'!$D:$D,$C6,'RAW_유기농_10월'!$A:$A,$E6)-SUMIFS('RAW_유기농_9월'!$H:$H,'RAW_유기농_9월'!$D:$D,$C6,'RAW_유기농_9월'!$A:$A,$E6))) | R6: =IF($C6="","",IF(COUNTA('RAW_유기농_11-12월'!$A:$A)<=1,"",SUMIFS('RAW_유기농_11-12월'!$H:$H,'RAW_유기농_11-12월'!$D:$D,$C6,'RAW_유기농_11-12월'!$A:$A,$E6)-SUMIFS('RAW_유기농_10월'!$H:$H,'RAW_유기농_10월'!$D:$D,$C6,'RAW_유기농_10월'!$A:$A,$E6))) | S6: =IF($C6="","",IF(COUNTIF($I6:$M6,"O")>0,"O","")) | T6: =IF($C6="","",IF($H6=0,"미사용",IF($H6<500000,"50만원 미만",IF($H6<1000000,"100만원 미만",IF($H6<2000000,"200만원 미만",IF($H6<3000000,"300만원 미만",IF($H6<4000000,"400만원 미만",IF($H6<5000000,"500만원 미만",IF($H6<6000000,"600만원 미만",IF($H6<7000000,"700만원 미만",IF($H6<8000000,"800만원 미만",IF($H6<10000000,"1000만원 미만","1000만원 이상")))))))))))) -> 미사용 | U6: =IF($C6="",0,IF('설정'!$B$4=0,0,CHOOSE('설정'!$B$4,COUNTIFS('RAW_유기농_7월'!$D:$D,$C6,'RAW_유기농_7월'!$A:$A,$E6),COUNTIFS('RAW_유기농_8월'!$D:$D,$C6,'RAW_유기농_8월'!$A:$A,$E6),COUNTIFS('RAW_유기농_9월'!$D:$D,$C6,'RAW_유기농_9월'!$A:$A,$E6),COUNTIFS('RAW_유기농_10월'!$D:$D,$C6,'RAW_유기농_10월'!$A:$A,$E6),COUNTIFS('RAW_유기농_11-12월'!$D:$D,$C6,'RAW_유기농_11-12월'!$A:$A,$E6)))) -> 0
